sku,product_name,brand,category1,category2,category3
P000002327,Wet Plus Tissue - Refill 60pcs,Nepia,Personal care,Wet wipes,Disposable wet wipes
P000001055,Iodised Table Salt 300g,Cerebos,Noodles / Cooking needs / Processed food (cold),Condiments & sauces / Cooking needs,Salt
P000001501,Pure Olive Oil 500mL,Lion & Globe,Rice / Oil / Canned food / Fruits / Vegetables / Meat,Edible oil / Cooking oil,Olive oil
P000001455,Pomace Olive Oil 1L x 2,Camel Brand,Rice / Oil / Canned food / Fruits / Vegetables / Meat,Edible oil / Cooking oil,Blended pomace olive oil
P000001838,Pure Peanut Oil 1L,Knife,Rice / Oil / Canned food / Fruits / Vegetables / Meat,Edible oil / Cooking oil,Peanut oil
P000000998,Mach3 Turbo Razor Blades - Refill Cartridge 4pcs,Gillette,Personal care,Men's care,Razor blade refill cartridges
P000001581,LipIce Lipbalm - Apple 3.5g,Mentholatum,Personal care,Skin care,Lip balms
P000003200,Grape Seed Hydrating Creamy Foam 125mL,L'Oreal Paris,Personal care,Skin care,Face cleansing foams / Facial cleansers / Face cleansing gels
P000004132,Manna Wafer 35g,Morinaga,Milk powder / Baby care,Baby foods / Infant foods,Baby snacks
P000001176,Can 330mL x 6,Skol Beer,Beer / Wines / Spirits,Beer,Canned
P000003412,Growing Up Formula 800g,Meiji,Milk powder / Baby care,Infant formula / Growing-up formula,Infant formula / Follow-on formula / Toddler formula / Growing-up formula
P000002661,1 Organic Infant Formula 400g,Holle,Milk powder / Baby care,Infant formula / Growing-up formula,Infant formula / Follow-on formula / Toddler formula / Growing-up formula
P000002624,2 Organic Infant Follow-on Formula 600g,Holle,Milk powder / Baby care,Infant formula / Growing-up formula,Infant formula / Follow-on formula / Toddler formula / Growing-up formula
P000002625,3 Organic Growing-up Milk 600g,Holle,Milk powder / Baby care,Infant formula / Growing-up formula,Infant formula / Follow-on formula / Toddler formula / Growing-up formula
P000002233,Extra Virgin Olive Oil 250mL,Bertolli,Rice / Oil / Canned food / Fruits / Vegetables / Meat,Edible oil / Cooking oil,Extra virgin olive oil
P000002352,Singapore Fish Soup La Mian (Premium Noodle in Aromatic Fish Soup) 154g,Prima Taste,Noodles / Cooking needs / Processed food (cold),Instant noodles,Packs
P000003324,Slim Soft Toothbrush (Ultra Soft) Compact Head 3pcs,Colgate,Personal care,Oral care,Toothbrushes
P000001276,Lager Beer - Can 330mL x 6,Heineken,Beer / Wines / Spirits,Beer,Canned
P000001065,Premium Thai Glutinous Rice 2kg,Golden Elephant Brand,Rice / Oil / Canned food / Fruits / Vegetables / Meat,Rice,Glutinous rice
P000002174,Can 330mL,Tsingtao Beer,Beer / Wines / Spirits,Beer,Canned
P000002829,Hong Cho (Blueberry) 500mL,Chung Jung One,Drinks,Fruit Juices / Cordials,Cordials
P000000264,Beer - Can 330mL x 6,Carlsberg,Beer / Wines / Spirits,Beer,Canned
P000001297,Ichiban Beer - Bottle 600mL,Kirin,Beer / Wines / Spirits,Beer,Bottles
P000000265,Beer - Bottle 640mL,Carlsberg,Beer / Wines / Spirits,Beer,Bottles
P000002398,Sugar Free Preserves - Strawberry 361g,Smucker's,Bakery / Cereals / Spreads,Spreads,Fruit jams / Fruit preserves
P000001611,Acacia Honey 1kg,Po Sang Yuen Pure Honey,Bakery / Cereals / Spreads,Honey / Syrup,Honey
P000002474,Deluxe Light Soy Sauce 500mL,Tung Chun,Noodles / Cooking needs / Processed food (cold),Condiments & sauces / Cooking needs,Light soy sauces
P000002476,Deluxe Oyster Sauce 380g,Yummy House,Noodles / Cooking needs / Processed food (cold),Condiments & sauces / Cooking needs,Oyster sauces
P000002333,Rye Bread Premix 500g,Golden Statue,Noodles / Cooking needs / Processed food (cold),Baking needs / Wheat flour,Bread mix / Bread premix
P000001493,Grapeseed Oil with Canola Oil 750mL,Lion & Globe,Rice / Oil / Canned food / Fruits / Vegetables / Meat,Edible oil / Cooking oil,Canola oil blends
P000001496,Pomace Olive Oil 1L,Bontaste,Rice / Oil / Canned food / Fruits / Vegetables / Meat,Edible oil / Cooking oil,Blended pomace olive oil
P000002256,Sunflower Seed Oil 1L,Bontaste,Rice / Oil / Canned food / Fruits / Vegetables / Meat,Edible oil / Cooking oil,Sunflower oil
P000001484,Abalone Noodle Gift Box - 12pcs 684g,Sau Tao,Noodles / Cooking needs / Processed food (cold),Non-instant oriental noodles,Chinese noodles
P000003401,Tuna Green Curry with Baby Egg-Plant 95g,Sealect,Rice / Oil / Canned food / Fruits / Vegetables / Meat,Canned food,Canned tuna
P000002811,Premium Soft Tape Diapers (S) 72pcs,Nepia Genki,Milk powder / Baby care,Baby products,Diapers
P000001452,Oatmeal Squares - Crunchy Oatmeal Cereal - Original Flavor (14.5oz) 412g,Quaker,Bakery / Cereals / Spreads,Breakfast cereals,Corn flakes / Cereals / Muesli
P000000928,Oatmeal Squares - Crunchy Oatmeal Cereal - Cinnamon (14.5oz) 412g,Quaker,Bakery / Cereals / Spreads,Breakfast cereals,Corn flakes / Cereals / Muesli
P000004859,Kids Toothpaste (Orange) 40g,Oral-B,Personal care,Oral care,Toothpastes
P000004112,Quench Intensive Shot Mast (Light Moisturizing) 12mL x 6,Pantene,Personal care,Hair care,Hair treatment
P000000329,Blueberry Juice No Sugar Added 330mL,Rabenhorst,Drinks,Fruit Juices / Cordials,Ambient juices/juice drinks
P000002628,Pronutra 3 Growing Up Formula 800g,Nutricia Aptamil,Milk powder / Baby care,Infant formula / Growing-up formula,Infant formula / Follow-on formula / Toddler formula / Growing-up formula
P000002664,Pronutra 2 Follow On Formula 800g,Nutricia Aptamil,Milk powder / Baby care,Infant formula / Growing-up formula,Infant formula / Follow-on formula / Toddler formula / Growing-up formula
P000002726,Bandages - Skin Strips 50pcs,3M Nexcare,Personal care,First aid,Tape
P000002391,Twelve Grain Bread 8 slices,Roman Meal,Bakery / Cereals / Spreads,Breads,Bread loaf
P000003092,Gold Blend - Espresso 100g,Nestle Nescafe,Drinks,Coffee / Tea bags / Milk tea / Yuan yang,Instant coffee
P000002510,Kiwifruit (58+) (each pc) (956730),Zespri Gold,Rice / Oil / Canned food / Fruits / Vegetables / Meat,Fresh fruits,Kiwifruits
P000002157,Dairy Milk Chocolate - Hazelnut (Chunky) 55g,Cadbury,Candies / Biscuits / Snacks,Candies / Confectioneries,Chocolates
P000002340,Milk Chocolate Crepe Dentelle 180g,Gavottes,Candies / Biscuits / Snacks,Biscuits,Others
P000003716,Side Sealed Facial Puffs 100pcs,Watsons,Personal care,Skin care,Cleansing cotton
P000004900,Mouthwash 500mL,Biorepair,Personal care,Oral care,Mouthwashes
P000001025,Mach3 Razor Blades - Refill Cartridge 8pcs,Gillette,Personal care,Men's care,Razor blade refill cartridges
P000003116,Ichiban Pants (L) 46pcs,Pampers,Milk powder / Baby care,Baby products,Diaper pants
P000003328,Ginseng Nourishing Shampoo 700mL,Rejoice,Personal care,Hair care,Shampoos
P000003008,F Day Use Ultra Slim Pads 25cm 15pcs,Kao Laurier,Personal care,Feminine care,Sanitary napkins
P000002429,100% Orange Longlife Juice 1L,Mr Juicy,Drinks,Fruit Juices / Cordials,Ambient juices/juice drinks
P000002420,Nutren Junior 800g,Nestle,Milk powder / Baby care,Infant formula / Growing-up formula,Children's nutrition supplements
P000003101,Original Dishwashing Liquid 500mL,Fairy,Household / Pet food and care,Household cleaning,Dishwashing liquid
P000003370,Saratect Mist Richrich Mosquito Repellent Spray 200mL,Speedtox,Personal care,Drugs / Herbs,Insect repellents
P000003349,Bar - Maple Glazed Pecan & Sea Salt 40g,Be-Kind,Candies / Biscuits / Snacks,Snack bars / Energy bars,Energy bars / Snack bars
P000003348,Light Bar - Summer Fruits (5 bars) 95g,Alpen,Candies / Biscuits / Snacks,Snack bars / Energy bars,Energy bars / Snack bars
P000001368,Cocktail Bun 8pcs,Garden,Bakery / Cereals / Spreads,Breads,Bread rolls
P000002206,Original Wholemeal Bread 430g,Garden,Bakery / Cereals / Spreads,Breads,Bread loaf
P000001367,Sweet Round Bun 4pcs,Garden,Bakery / Cereals / Spreads,Breads,Bread rolls
P000001373,Soft Butter Bun 4pcs,Garden,Bakery / Cereals / Spreads,Breads,Bread rolls
P000001585,Milk Bun 4pcs,Garden,Bakery / Cereals / Spreads,Breads,Bread rolls
P000002868,Better Sandwich Bread - Butter 6 slices,Garden,Bakery / Cereals / Spreads,Breads,Bread loaf
P000001259,Hi-Calcium Sandwich Bread 6 slices,Garden,Bakery / Cereals / Spreads,Breads,Bread loaf
P000001115,Extra Light Olive Oil 500mL,Bertolli,Rice / Oil / Canned food / Fruits / Vegetables / Meat,Edible oil / Cooking oil,Extra light olive oil
P000001490,Classico Olive Oil 500mL,Bertolli,Rice / Oil / Canned food / Fruits / Vegetables / Meat,Edible oil / Cooking oil,Olive oil
P000002054,Premium Fragrant Rice 5kg,Lucky Brand,Rice / Oil / Canned food / Fruits / Vegetables / Meat,Rice,White rice
P000001901,Summer Crisp Golden Sweet Corn (Whole Kernel) 312g,Del Monte,Rice / Oil / Canned food / Fruits / Vegetables / Meat,Canned food,Canned corn (whole kernel)
P000001688,(each pc) (901116),Pineapple (Philippines) - Honey Pines,Rice / Oil / Canned food / Fruits / Vegetables / Meat,Fresh fruits,Pineapples
P000001806,Pack (1pc)  (74133),Celery (US),Rice / Oil / Canned food / Fruits / Vegetables / Meat,Fresh vegetables,Celery
P000001057,Natural Sea Salt Coarse 400g,Seasoning Gallery,Noodles / Cooking needs / Processed food (cold),Condiments & sauces / Cooking needs,Salt
P000001449,Finest Selection - Assorted Chocolates (7 Varieties of Chocolate Specialities) 400g,Storck Merci,Candies / Biscuits / Snacks,Candies / Confectioneries,Chocolates
P000001445,Buttercrunch Toffee with Almonds 600g,Brown & Haley Almond Roca,Candies / Biscuits / Snacks,Candies / Confectioneries,Candies
P000002338,Butter Cookies 306g,Bourbon,Candies / Biscuits / Snacks,Biscuits,Cookies
P000001058,Reduced Sodium Sea Salt 200g,Seasoning Gallery,Noodles / Cooking needs / Processed food (cold),Condiments & sauces / Cooking needs,Salt
P000001574,Original Caring Lip Balm 4.8g,Labello,Personal care,Skin care,Lip balms
P000003085,Crystal Tong Yuen - Purple Potato 300g,Wanchai Ferry,Noodles / Cooking needs / Processed food (cold),Frozen / Chilled processed food,Desserts
P000001357,"Ultra (150 sheets x 2 ply, HCH004) Boxed Facial Tissue 5 boxes",C&S,Household / Pet food and care,Paper,Boxed facial tissues
P000002539,Premium Jasmine Rice 15kg,Golden Elephant Brand,Rice / Oil / Canned food / Fruits / Vegetables / Meat,Rice,White rice
P000002232,Extra Virgin Olive Oil 500mL,Bertolli,Rice / Oil / Canned food / Fruits / Vegetables / Meat,Edible oil / Cooking oil,Extra virgin olive oil
P000001764,(each pc) (910505),Lemon,Rice / Oil / Canned food / Fruits / Vegetables / Meat,Fresh fruits,Lemons
P000004128,Teetthing Rusks 100g,Heinz,Milk powder / Baby care,Baby foods / Infant foods,Baby snacks
P000003747,SARS-CoV-2 Ag Self-test Kit (Nasal Swab) 1pc,Aquilavie,Personal care,Medical equipment,Rapid Antigen Test kits
P000002336,Self Raising Flour 800g,Kangaroo Brand,Noodles / Cooking needs / Processed food (cold),Baking needs / Wheat flour,Self-raising flour
P000001722,Kiwifruit (each pc) (922286),Zespri Green,Rice / Oil / Canned food / Fruits / Vegetables / Meat,Fresh fruits,Kiwifruits
P000003308,Marbo Cake - Walnut 78g,Garden,Bakery / Cereals / Spreads,Cakes,Sponge cakes
P000000189,Walnut Cake 100g,Garden,Bakery / Cereals / Spreads,Cakes,Sponge cakes
P000002305,Ultra Strong (3-ply) Box Tissue 4 boxes,Vinda,Household / Pet food and care,Paper,Boxed facial tissues
P000004527,MOLD KILLER(GARDEN FRESH) 500 ML,MEADOWS HOME,Household / Pet food and care,Household cleaning,General cleaners
P000000368,Choco Pie (Chocolate Pie) 300g,EDO Pack,Bakery / Cereals / Spreads,Cakes,Chocolate pies / Chocolate cakes
P000002121,Peanut Butter - Creamy 510g,Skippy,Bakery / Cereals / Spreads,Spreads,Peanut butter
P000003547,"48h Anti-peripirant - Control, Cool & Care 50mL",Adidas,Personal care,Antiperspirants / Deodorants,Roll on
P000001870,"Collection (Rondnoir, Rocher, Confetteria Raffaello) T24 (24pcs) 259.2g",Ferrero,Candies / Biscuits / Snacks,Candies / Confectioneries,Chocolates
P000002967,Moisture Rich Shampoo 450mL,Kao Asience,Personal care,Hair care,Shampoos
P000001137,Peanut Butter - Creamy 340g,Skippy,Bakery / Cereals / Spreads,Spreads,Peanut butter
P000004285,COCONUT WATER 330 ML,Meadows,Drinks,Fruit Juices / Cordials,Ambient juices/juice drinks
P000002122,Peanut Butter - Creamy 170g,Skippy,Bakery / Cereals / Spreads,Spreads,Peanut butter
P000002498,UHT Skimmed Milk 1L,Lactel,Dairy / Soy products / Eggs,Milk / Milk drinks,UHT milk/milk drinks
P000004055,Pomace Olive Oil 1 LT,Meadows,Rice / Oil / Canned food / Fruits / Vegetables / Meat,Edible oil / Cooking oil,Blended pomace olive oil
P000002253,Canola Oil 750mL,Lion & Globe,Rice / Oil / Canned food / Fruits / Vegetables / Meat,Edible oil / Cooking oil,Canola oil
P000001443,Finest Selection - Assorted Chocolates (7 Varieties of Chocolate Specialities) 250g,Storck Merci,Candies / Biscuits / Snacks,Candies / Confectioneries,Chocolates
P000001017,Choco Duo - Chocolate Chips Cookies with Macadamia & Pecan Nuts 750g,Kjeldsens,Candies / Biscuits / Snacks,Biscuits,Cookies
P000002507,Peanut Butter - Super Chunk 340g,Skippy,Bakery / Cereals / Spreads,Spreads,Peanut butter
P000002520,Chifferi Rigati (n.33) 500g,De Cecco,Noodles / Cooking needs / Processed food (cold),Non-instant Italian pasta,Shaped Italian pasta
P000001304,"Wieners (Classic Sausage) Made with Chicken & Turkey, Pork Added 16oz",Oscar Mayer,Noodles / Cooking needs / Processed food (cold),Frozen / Chilled processed food,Sausages
P000001749,Pure Olive Oil 1L,Lion & Globe,Rice / Oil / Canned food / Fruits / Vegetables / Meat,Edible oil / Cooking oil,Olive oil
P000001877,Rocher - Crisp Hazelnut and Milk Chocolate-Covered Specialty with a Smooth Filling and Whole Hazelnut - T32 (32pcs) Diamond Box 400g,Ferrero,Candies / Biscuits / Snacks,Candies / Confectioneries,Chocolates
P000002140,Seirogan Gastrointestinal Pills 100pcs,Trumpet Brand,Personal care,Drugs / Herbs,Gastro-intestinal drugs
P000002390,Peanut Butter - Super Chunk 170g,Skippy,Bakery / Cereals / Spreads,Spreads,Peanut butter
P000002402,500g  (131021),Garden Peas,Rice / Oil / Canned food / Fruits / Vegetables / Meat,Frozen vegetables,Frozen peas
P000003625,Baby Lotion 300mL,Kao Merries,Milk powder / Baby care,Baby products,Baby Lotion
P000004925,Drain Foamer 500mL,Mr Muscle,Household / Pet food and care,Household cleaning,Drain cleaners
P000002120,Peanut Butter - Creamy 462g,Skippy,Bakery / Cereals / Spreads,Spreads,Peanut butter
P000004353,ORANGE CHERRY TOMATO VINE 250 GM,Meadows,Rice / Oil / Canned food / Fruits / Vegetables / Meat,Fresh vegetables,Tomatoes
P000000737,Super Soft Laundry Detergent 2.3kg,Lion Top,Household / Pet food and care,Laundry needs,Laundry powder detergents
P000002566,Premium Swiss Mini Chocolate Wafer (Classic) 125g,Kagi,Candies / Biscuits / Snacks,Biscuits,Wafers
P000001878,Family Assorted Biscuits in Gift Tin 1340g,Garden,Candies / Biscuits / Snacks,Biscuits,Others
P000002421,1 pc (previously frozen) (804559),Danish Whole Chicken,Rice / Oil / Canned food / Fruits / Vegetables / Meat,Previously frozen meat,Previously frozen whole chicken
P000000147,Oolong Teabag x 25,Rickshaw,Drinks,Coffee / Tea bags / Milk tea / Yuan yang,Chinese tea bags
P000003299,Lip Pure Oil Lipbalm - Rosehip 4g,Mentholatum,Personal care,Skin care,Lip balms
P000001139,Peanut Butter - Super Chunk 510g,Skippy,Bakery / Cereals / Spreads,Spreads,Peanut butter
P000003464,Garlic Powder 64g,Spice Islands,Noodles / Cooking needs / Processed food (cold),Condiments & sauces / Cooking needs,Dry spices
P000000075,Orange Juice Drink 550mL (Bottle),Mr Juicy,Drinks,Fruit Juices / Cordials,Chilled juices/juice drinks
P000004301,TEA BAGS PURE PEPPERMINT 20 PC,Meadows,Drinks,Coffee / Tea bags / Milk tea / Yuan yang,Western tea bags
P000003025,Lip Pure Lip Balm - Honey 4g,Mentholatum,Personal care,Skin care,Lip balms
P000003843,Wheat Sandwich Breads 8 PC,Meadows,Bakery / Cereals / Spreads,Breads,Bread loaf
P000002389,Peanut Butter - Super Chunk 462g,Skippy,Bakery / Cereals / Spreads,Spreads,Peanut butter
P000001127,Oaso Milk - UHT Long Life Milk 1L,Rakunou Mothers (Kumamoto Dairy),Dairy / Soy products / Eggs,Milk / Milk drinks,UHT milk/milk drinks
P000002077,Premium Grade Rice - Medium Grain Specially Selected 5 pounds (2.27kg),Nishiki Brand,Rice / Oil / Canned food / Fruits / Vegetables / Meat,Rice,White rice
P000004506,DISH WASH DETERGENT LEMON 2 LT,MEADOWS ESSENTIALS,Household / Pet food and care,Household cleaning,Dishwashing liquid
P000000867,Cawarra Shiraz Cabernet 750mL,Lindemans,Beer / Wines / Spirits,Red wines,Australian
P000003381,Mosquito Repellent Patch 18pcs,Ding Ding,Personal care,Drugs / Herbs,Insect repellents
P000001500,Extra Light Olive Oil 1L,Lion & Globe,Rice / Oil / Canned food / Fruits / Vegetables / Meat,Edible oil / Cooking oil,Extra light olive oil
P000004213,ROASTED PISTACHIOS 330 GM,Meadows,Candies / Biscuits / Snacks,Snacks,Nuts
P000002248,Corn Oil 750mL,Lion & Globe,Rice / Oil / Canned food / Fruits / Vegetables / Meat,Edible oil / Cooking oil,Corn oil
P000003524,Cream 170g,Nestle,Dairy / Soy products / Eggs,Cream,Whipping cream
P000003372,Insect Repellent Aerosol 6oz 170g,3M Ultrathon,Personal care,Drugs / Herbs,Insect repellents
P000003675,Dried Cranberries 170g,Meadows,Candies / Biscuits / Snacks,Dried fruits,Cranberries
P000004337,SANDWICH HAM SLICES 1 LB,Yu Pin King,Noodles / Cooking needs / Processed food (cold),Frozen / Chilled processed food,Ham
P000001052,Pure Corn Oil 900mL x 3,Tripod Brand,Rice / Oil / Canned food / Fruits / Vegetables / Meat,Edible oil / Cooking oil,Corn oil
P000004876,Ultiboost Odourless High Strength Wild Fish Oil 200pcs,Swisse,Personal care,Health supplements / Dietary supplements,Fish oil / Fish liver oil / Liver oil
P000002540,Tomato Paste 6oz (170g),Del Monte,Noodles / Cooking needs / Processed food (cold),Condiments & sauces / Cooking needs,Tomato paste / Tomato puree
P000004910,Pure Chicken Essence 60g x 6,Eu Yan Sang,Personal care,Health supplements / Dietary supplements,Chicken essence
P000001019,Butter Cookies 454g,Kjeldsens,Candies / Biscuits / Snacks,Biscuits,Cookies
P000003893,Original Mayonnaise 470 GM,Meadows,Noodles / Cooking needs / Processed food (cold),Condiments & sauces / Cooking needs,Salad Dressing / Miracle Whip Dressing / Mayonnaise
P000001880,Pure Baking Soda 454g,Arm & Hammer,Noodles / Cooking needs / Processed food (cold),Baking needs / Wheat flour,Baking soda
P000001322,Lite - 50% Less Fat (than Spam Classic) Luncheon Meat (12oz) 340g,Hormel Spam,Rice / Oil / Canned food / Fruits / Vegetables / Meat,Canned food,Canned ham / luncheon meat
P000001790,Jumbo (each pc) (943688),China Fuji Apple,Rice / Oil / Canned food / Fruits / Vegetables / Meat,Fresh fruits,Apples
P000001789,(each pc) (944785),China Fuji Apple,Rice / Oil / Canned food / Fruits / Vegetables / Meat,Fresh fruits,Apples
P000004126,Manna Bolo Biscuit Bag (Pumpkin & Spinach Flavored) 31g,Morinaga,Milk powder / Baby care,Baby foods / Infant foods,Baby snacks
P000004131,Organic Oat & Raisin Biscuits 20g x 4,Little Freddie,Milk powder / Baby care,Baby foods / Infant foods,Baby snacks
P000004124,Organic Hoops (Strawberry & Raspberry) 42g,Little Freddie,Milk powder / Baby care,Baby foods / Infant foods,Baby snacks
P000004133,Organic Yogis (Mixed Berry) 1oz 28g,Happy Baby Organics,Milk powder / Baby care,Baby foods / Infant foods,Baby snacks
P000004122,Organic Purple Carrot & Blueberry Puffs 60g,Happy Baby Organics,Milk powder / Baby care,Baby foods / Infant foods,Baby snacks
P000004118,Organic Blueberry & Purple Carrot Teethers 48g,Happy Baby Organics,Milk powder / Baby care,Baby foods / Infant foods,Baby snacks
P000001910,Super Premium Diapers (S) 70pcs,Kao Merries,Milk powder / Baby care,Baby products,Diapers
P000004130,Bebe Grain Friend Finger Food Snack (Strawberry) 5g x 8,Ivenet,Milk powder / Baby care,Baby foods / Infant foods,Baby snacks
P000002810,Premium Soft Tape Diapers (NB) 44pcs,Nepia Genki,Milk powder / Baby care,Baby products,Diapers
P000002268,Super Premium Diapers (M) 56pcs,Kao Merries,Milk powder / Baby care,Baby products,Diapers
P000003002,Ichiban Diapers (NB) 32pcs,Pampers,Milk powder / Baby care,Baby products,Diapers
P000002813,Premium Soft Tape Diapers (L) 54pcs,Nepia Genki,Milk powder / Baby care,Baby products,Diapers
P000001895,Super Premium Diapers (XL) 40pcs,Kao Merries,Milk powder / Baby care,Baby products,Diapers
P000001894,Super Premium Diapers (L) 48pcs,Kao Merries,Milk powder / Baby care,Baby products,Diapers
P000002814,Premium Soft Tape Diapers (XL) 44pcs,Nepia Genki,Milk powder / Baby care,Baby products,Diapers
P000003642,Organic Oatmeal Single Grain Cereal 227g,Gerber,Milk powder / Baby care,Baby foods / Infant foods,Infant rice cereals / Baby rice cereals
P000002586,Gold Rice-based Milk Cereal 300g,Friso,Milk powder / Baby care,Baby foods / Infant foods,Infant rice cereals / Baby rice cereals
P000001573,Enercal Plus Ready-to-Mix Hi-Calcium Balanced Nutrition Drink 900g,Wyeth,Milk powder / Baby care,Adult milk powder,Nutrition supplements
P000002153,Glucerna 850g,Abbott,Milk powder / Baby care,Adult milk powder,Nutrition supplements
P000001013,Ensure - Complete Balanced Nutrition 900g,Abbott,Milk powder / Baby care,Adult milk powder,Nutrition supplements
P000001012,Ensure - Complete Balanced Nutrition 400g,Abbott,Milk powder / Baby care,Adult milk powder,Nutrition supplements
P000003003,Ichiban Diapers (S) 60pcs,Pampers,Milk powder / Baby care,Baby products,Diapers
P000004121,Puffs Cereal Snack - Peach 1.48oz 42g,Gerber,Milk powder / Baby care,Baby foods / Infant foods,Baby snacks
P000002760,Puffs Cereal Snack - Banana 1.48oz 42g,Gerber,Milk powder / Baby care,Baby foods / Infant foods,Baby snacks
P000004116,Rice Cracker with 6 Vegetables 20g,BeanStalk,Milk powder / Baby care,Baby foods / Infant foods,Baby snacks
P000004125,Egg Ball Snack 15g x 4,BeanStalk,Milk powder / Baby care,Baby foods / Infant foods,Baby snacks
P000004120,Organic Bubble Rice Blueberry 38g,Baby Basic,Milk powder / Baby care,Baby foods / Infant foods,Baby snacks
P000003643,Organic Wholegrain Cereal 250g,Holle,Milk powder / Baby care,Baby foods / Infant foods,Infant rice cereals / Baby rice cereals
P000003640,Organic Baby Cereal 100% Rice 200g,Hipp,Milk powder / Baby care,Baby foods / Infant foods,Infant rice cereals / Baby rice cereals
P000003644,Organic Baby Cereal 100% Oat 200g,Hipp,Milk powder / Baby care,Baby foods / Infant foods,Infant rice cereals / Baby rice cereals
P000003188,Rice Single Grain Cereal 227g,Gerber,Milk powder / Baby care,Baby foods / Infant foods,Infant rice cereals / Baby rice cereals
P000003624,Daily Lotion (With Organic Calendula) 399mL,Cetaphil,Milk powder / Baby care,Baby products,Baby Lotion
P000003634,Calendula Everyday Lotion 251mL,California Baby,Milk powder / Baby care,Baby products,Baby Lotion
P000003623,Nourishing and Moisturizing Cream 100mL,Biolane,Milk powder / Baby care,Baby products,Baby Lotion
P000003629,Calming Comfort Lotion (Lavender & Vanilla Scented) 227g,Aveeno Baby,Milk powder / Baby care,Baby products,Baby Lotion
P000003626,Hydra Bebe Body Lotion 300mL,Mustela,Milk powder / Baby care,Baby products,Baby Lotion
P000003269,Baby Shampoo 800mL,Johnson's,Milk powder / Baby care,Baby products,Shampoos
P000003329,Active Kids Soft & Smooth Shampoo 800mL,Johnson's,Milk powder / Baby care,Baby products,Shampoos
P000001522,Top-to-Toe Wash Baby Bath 500mL,Johnson's,Milk powder / Baby care,Baby products,Body washes
P000003627,Baby Cream Emollient 350mL,Oilatum,Milk powder / Baby care,Baby products,Baby Lotion
P000002124,Maximum Cavity Protection - Icy Cool Mint Toothpaste 250g,Colgate,Personal care,Oral care,Toothpastes
P000002680,Maximum Cavity Protection - Great Regular Flavor Toothpaste 250g x 3,Colgate,Personal care,Oral care,Toothpastes
P000002678,Maximum Cavity Protection - Great Regular Flavor Toothpaste 175g x 2,Colgate,Personal care,Oral care,Toothpastes
P000000221,Maximum Cavity Protection - Great Regular Flavor Toothpaste 250g,Colgate,Personal care,Oral care,Toothpastes
P000004858,Anticavity Toothpaste for Kids (Bubble Fruit Flavor) 40g,Colgate,Personal care,Oral care,Toothpastes
P000000175,Advanced Whitening Toothpaste 160g,Colgate,Personal care,Oral care,Toothpastes
P000004861,Kids Oral Care 50mL,Biorepair,Personal care,Oral care,Toothpastes
P000003622,Baby Lotion 200mL,Sebamed,Milk powder / Baby care,Baby products,Baby Lotion
P000001416,Mouth & Hands Water Wipes 20pcs,Johnson's,Milk powder / Baby care,Baby products,Baby wipes
P000003187,Pants (Extra Extra Large XXL) 26pcs,Kao Merries,Milk powder / Baby care,Baby products,Diaper pants
P000003006,Ichiban Diapers (XL) 33pcs,Pampers,Milk powder / Baby care,Baby products,Diapers
P000003005,Ichiban Diapers (L) 42pcs,Pampers,Milk powder / Baby care,Baby products,Diapers
P000003004,Ichiban Diapers (M) 52pcs,Pampers,Milk powder / Baby care,Baby products,Diapers
P000003115,Ichiban Pants (M) 58pcs,Pampers,Milk powder / Baby care,Baby products,Diaper pants
P000003507,Pure Baby Wipes 30pcs x 3,Huggies,Milk powder / Baby care,Baby products,Baby wipes
P000003166,Super Dry Pants (XXL) 21pcs,Pampers,Milk powder / Baby care,Baby products,Diaper pants
P000003165,Super Dry Pants (XL) 32pcs,Pampers,Milk powder / Baby care,Baby products,Diaper pants
P000003164,Super Dry Pants (L) 37pcs,Pampers,Milk powder / Baby care,Baby products,Diaper pants
P000003118,Ichiban Pants (XXL) 30pcs,Pampers,Milk powder / Baby care,Baby products,Diaper pants
P000003117,Ichiban Pants (XL) 40pcs,Pampers,Milk powder / Baby care,Baby products,Diaper pants
P000003173,S-26 Gold Promise 4 Growing-up Formula Milk Powder 900g,Wyeth,Milk powder / Baby care,Infant formula / Growing-up formula,Infant formula / Follow-on formula / Toddler formula / Growing-up formula
P000003171,S-26 Gold Promil 2 Follow-on Formula Milk Powder 900g,Wyeth,Milk powder / Baby care,Infant formula / Growing-up formula,Infant formula / Follow-on formula / Toddler formula / Growing-up formula
P000003172,S-26 Gold Progress 3 Growing-up Formula Milk Powder 900g,Wyeth,Milk powder / Baby care,Infant formula / Growing-up formula,Infant formula / Follow-on formula / Toddler formula / Growing-up formula
P000004881,S-26 Ultima 4 Growing-up Formula Milk Powder 800g,Wyeth,Milk powder / Baby care,Infant formula / Growing-up formula,Infant formula / Follow-on formula / Toddler formula / Growing-up formula
P000004880,S-26 Ultima 3 Growing-up Formula Milk Powder 800g,Wyeth,Milk powder / Baby care,Infant formula / Growing-up formula,Infant formula / Follow-on formula / Toddler formula / Growing-up formula
P000004879,S-26 Ultima 2 Follow-on Formula Milk Powder 800g,Wyeth,Milk powder / Baby care,Infant formula / Growing-up formula,Infant formula / Follow-on formula / Toddler formula / Growing-up formula
P000004878,S-26 Ultima 1 Infant Formula Milk Powder 800g,Wyeth,Milk powder / Baby care,Infant formula / Growing-up formula,Infant formula / Follow-on formula / Toddler formula / Growing-up formula
P000003170,S-26 Gold SMA 1 Infant Formula Milk Powder 900g,Wyeth,Milk powder / Baby care,Infant formula / Growing-up formula,Infant formula / Follow-on formula / Toddler formula / Growing-up formula
P000001526,Smart Kid 3 - Growing Up Formula 900g,Snow Brand,Milk powder / Baby care,Infant formula / Growing-up formula,Infant formula / Follow-on formula / Toddler formula / Growing-up formula
P000000472,Smart Baby 2 - Follow-up Formula 900g,Snow Brand,Milk powder / Baby care,Infant formula / Growing-up formula,Infant formula / Follow-on formula / Toddler formula / Growing-up formula
P000000471,Smart Baby 1 - Infant Formula 900g,Snow Brand,Milk powder / Baby care,Infant formula / Growing-up formula,Infant formula / Follow-on formula / Toddler formula / Growing-up formula
P000002677,Profutura 4 Growing Up Formula 900g,Nutricia Aptamil,Milk powder / Baby care,Infant formula / Growing-up formula,Infant formula / Follow-on formula / Toddler formula / Growing-up formula
P000002676,Profutura 3 Growing Up Formula 900g,Nutricia Aptamil,Milk powder / Baby care,Infant formula / Growing-up formula,Infant formula / Follow-on formula / Toddler formula / Growing-up formula
P000002675,Profutura 2 Follow On Formula 900g,Nutricia Aptamil,Milk powder / Baby care,Infant formula / Growing-up formula,Infant formula / Follow-on formula / Toddler formula / Growing-up formula
P000002674,Profutura 1 Infant Formula 900g,Nutricia Aptamil,Milk powder / Baby care,Infant formula / Growing-up formula,Infant formula / Follow-on formula / Toddler formula / Growing-up formula
P000000916,Sensitive Pro-Relief Toothpaste 110g,Colgate,Personal care,Oral care,Toothpastes
P000001510,Smart Kid 4 - Children Formula 900g,Snow Brand,Milk powder / Baby care,Infant formula / Growing-up formula,Infant formula / Follow-on formula / Toddler formula / Growing-up formula
P000002947,Illuma Organic 3 Growing-up Formula Milk Powder 850g,Wyeth,Milk powder / Baby care,Infant formula / Growing-up formula,Infant formula / Follow-on formula / Toddler formula / Growing-up formula
P000002946,Illuma Organic 2 Follow-on Formula Milk Powder 850g,Wyeth,Milk powder / Baby care,Infant formula / Growing-up formula,Infant formula / Follow-on formula / Toddler formula / Growing-up formula
P000002951,Illuma Organic 1 Infant Formula Milk Powder 850g,Wyeth,Milk powder / Baby care,Infant formula / Growing-up formula,Infant formula / Follow-on formula / Toddler formula / Growing-up formula
P000002008,Illuma Luxa 4 Growing-up Formula Milk Powder 850g,Wyeth,Milk powder / Baby care,Infant formula / Growing-up formula,Infant formula / Follow-on formula / Toddler formula / Growing-up formula
P000001794,Illuma Luxa 3 Growing-up Formula Milk Powder 850g,Wyeth,Milk powder / Baby care,Infant formula / Growing-up formula,Infant formula / Follow-on formula / Toddler formula / Growing-up formula
P000001793,Illuma Luxa 2 Follow-on Formula Milk Powder 850g,Wyeth,Milk powder / Baby care,Infant formula / Growing-up formula,Infant formula / Follow-on formula / Toddler formula / Growing-up formula
P000001888,Illuma Luxa 1 Infant Formula Milk Powder 850g,Wyeth,Milk powder / Baby care,Infant formula / Growing-up formula,Infant formula / Follow-on formula / Toddler formula / Growing-up formula
P000002672,Triple Care Non Fat Milk Powder (Complete Formula) 750g,Quaker,Milk powder / Baby care,Adult milk powder,Low fat / Skimmed milk powder
P000001061,High Calcium Matrix Low Fat Milk Powder 1.7kg,Nestle Carnation,Milk powder / Baby care,Adult milk powder,Low fat / Skimmed milk powder
P000000884,High Calcium Matrix Low Fat Milk Powder 800g,Nestle Carnation,Milk powder / Baby care,Adult milk powder,Low fat / Skimmed milk powder
P000002673,Collagen Pearl Non Fat Milk Powder (Beauty Foundation Formula) 750g,Quaker,Milk powder / Baby care,Adult milk powder,Low fat / Skimmed milk powder
P000000869,Gold High Calcium Low Fat Milk Powder (51+ Years) - Can 800g,Anlene,Milk powder / Baby care,Adult milk powder,Senior formula
P000002671,Joint Care Milk Powder (Joints & Bone Total Formula) 750g,Quaker,Milk powder / Baby care,Adult milk powder,Senior formula
P000001685,Omega High Calcium Milk Powder 1.7kg,Nestle Carnation,Milk powder / Baby care,Adult milk powder,Senior formula
p000000607,Omega High Calcium Milk Powder 800g,Nestle Carnation,Milk powder / Baby care,Adult milk powder,Senior formula
P000002994,High Calcium Joint Low Fat Milk Powder 800g,Nestle Carnation,Milk powder / Baby care,Adult milk powder,Senior formula
P000000907,Hi-Calcium Milk Powder (Lower Fat) (50 Years+) 800g,Klim,Milk powder / Baby care,Adult milk powder,Senior formula
P000001072,Gold High Calcium Low Fat Milk Powder (51+ Years) - Can 1.7kg,Anlene,Milk powder / Baby care,Adult milk powder,Senior formula
P000001405,PregnaPro Materna Milk Powder 800g,Anmum,Milk powder / Baby care,Pregnant women's milk powder,Pregnant women's milk powder
P000001667,Similac Mom - Maternal Low Fat Formula 800g,Abbott,Milk powder / Baby care,Pregnant women's milk powder,Pregnant women's milk powder
P000003175,Pediasure Powder 3+ (Can) Vanilla Flavour 850g,Abbott,Milk powder / Baby care,Infant formula / Growing-up formula,Children's nutrition supplements
P000003030,Pediasure Powder 3+ (Can) Chocolate Flavour 850g,Abbott,Milk powder / Baby care,Infant formula / Growing-up formula,Children's nutrition supplements
P000001786,Frisomum Gold 900g,Friso,Milk powder / Baby care,Pregnant women's milk powder,Pregnant women's milk powder
P000003177,Pediasure Powder 1+ (Can) Vanilla Flavour 850g,Abbott,Milk powder / Baby care,Infant formula / Growing-up formula,Children's nutrition supplements
P000003130,ProJoint High Calcium Low Fat Milk Powder 800g,Anlene,Milk powder / Baby care,Adult milk powder,Low fat / Skimmed milk powder
P000000874,High Calcium Low Fat Milk Powder (19-50 Years) 1.7kg,Anlene,Milk powder / Baby care,Adult milk powder,Low fat / Skimmed milk powder
P000000870,High Calcium Low Fat Milk Powder (19-50 Years) 800g,Anlene,Milk powder / Baby care,Adult milk powder,Low fat / Skimmed milk powder
P000000932,Nespray Instant Milk Powder 2.2kg,Nestle,Milk powder / Baby care,Adult milk powder,Full cream milk powder
P000001018,Nespray Instant Milk Powder 800g,Nestle,Milk powder / Baby care,Adult milk powder,Full cream milk powder
P000002116,Instant Full Cream Milk Powder 900g,Dutch Lady,Milk powder / Baby care,Adult milk powder,Full cream milk powder
P000001005,Full Cream Milk Powder 900g,Anchor,Milk powder / Baby care,Adult milk powder,Full cream milk powder
P000002650,Feminine Wash (Normal Skin) 237mL,Summer's Eve,Personal care,Feminine care,Feminine washes
P000001483,Protecting Feminine Wash (Extra Protection) 250mL,Lactacyd,Personal care,Feminine care,Feminine washes
P000002651,Feminine Wash (Sensitive Skin) 237mL,Summer's Eve,Personal care,Feminine care,Feminine washes
P000002654,Tampons - Regular 16pcs,o.b.,Personal care,Feminine care,Sanitary tampons
P000002653,Tampons - Gentle Glide (9 Regular + 9 Super) 18pcs,Playtex,Personal care,Feminine care,Sanitary tampons
P000002798,Long-lasting Freshness Daily Feminine Wash (All-day Fresh) 250mL,Lactacyd,Personal care,Feminine care,Feminine washes
P000002987,Fresh Shampoo 400mL,50 Megumi,Personal care,Hair care,Shampoos
P000002975,Hair Fall Rescue Shampoo 680mL,Dove,Personal care,Hair care,Shampoos
P000002836,Daily Shine Shampoo 680mL,Dove,Personal care,Hair care,Shampoos
P000002983,Hair Blackening & Strengthening Shampoo with Chinese Herbal Extracts 1L,Bawang,Personal care,Hair care,Shampoos
P000003027,Nourishing Lavender Shampoo 325mL (11 fl oz),Avalon Organics,Personal care,Hair care,Shampoos
P000002988,Caffeine Shampoo C1 250mL,Alpecin,Personal care,Hair care,Shampoos
P000002279,Delicate Cottony Soft Pantyliners (Unscented) 40pcs,Whisper,Personal care,Feminine care,Sanitary pads
P000004484,PANTYLINER X 2 50 PC,SUREBUY,Personal care,Feminine care,Sanitary pads
P000002972,Always Radiant Flex Foam Pads 27cm 9pcs,Whisper,Personal care,Feminine care,Sanitary napkins
P000002973,Always Infinity Flex Foam Day Use Pads 24cm 10pcs,Whisper,Personal care,Feminine care,Sanitary napkins
P000004485,SANITARY NAPKIN X 2 20 PC,SUREBUY,Personal care,Feminine care,Sanitary napkins
P000003144,White Ultra Thin Wing Day/Night Use Pads 28cm 16pcs,Kotex,Personal care,Feminine care,Sanitary napkins
P000001591,White Pads 41cm 8pcs,Kotex,Personal care,Feminine care,Sanitary napkins
P000003143,Herbal Soft Ultra Thin Day Night Use Pads 28cm 12pcs,Kotex,Personal care,Feminine care,Sanitary napkins
P000001866,Day Use Ultra Pad 24cm 16pcs,Whisper,Personal care,Feminine care,Sanitary napkins
P000002376,Fresh pH5.5 Pantyliners 32pcs,Kotex,Personal care,Feminine care,Sanitary pads
P000002944,Fresh Breathable Pantyliners (Long) 40pcs,Kotex,Personal care,Feminine care,Sanitary pads
P000002374,Active Fit Pantyliners (Non-perfume) 40pcs,Kao Laurier,Personal care,Feminine care,Sanitary pads
P000002375,Active Fit Pantyliners (Fresh Floral Perfume) 40pcs,Kao Laurier,Personal care,Feminine care,Sanitary pads
P000001939,Super Absorb Long (Unscented) 40pcs,Carefree,Personal care,Feminine care,Sanitary pads
P000002594,Barely There Pantyliners (Unscented) 42pcs,Carefree,Personal care,Feminine care,Sanitary pads
P000003147,Sweet Sleep Wing Extra Long Night Use Pad 40cm 10pcs,Whisper,Personal care,Feminine care,Sanitary napkins
P000001842,Day Use / Night Use Slim Pad 28cm 12pcs,Whisper,Personal care,Feminine care,Sanitary napkins
P000003513,Herbal Soft Ultra Slim Day Night Use Pads 28cm 10pcs,Kotex,Personal care,Feminine care,Sanitary napkins
P000002837,Intensive Repair Shampoo 680mL,Dove,Personal care,Hair care,Shampoos
P000001527,"Light, Soft & Smooth Conditioner 750mL",VS Sassoon,Personal care,Hair care,Conditioners
P000003041,Nourishing Breakage Defense Conditioner 700mL,Kao Essential,Personal care,Hair care,Conditioners
P000002838,Intensive Repair Conditioner 660mL,Dove,Personal care,Hair care,Conditioners
P000002957,Pro-V Milky Treatment Conditioner 700mL,Pantene,Personal care,Hair care,Conditioners
P000001531,Moisturizing Treatment Repair Conditioner 750mL,VS Sassoon,Personal care,Hair care,Conditioners
P000004113,Premium Repair Mask 180g,Tsubaki,Personal care,Hair care,Hair treatment
P000004110,Premium Touch Hair Mask 230g,Shiseido Fino,Personal care,Hair care,Hair treatment
P000004107,Hair Loss Care Treatment 300mL,Ryo,Personal care,Hair care,Hair treatment
P000004114,One Minute Treatment 150mL,Opal,Personal care,Hair care,Hair treatment
P000004106,Extra Damage Repair Organic Argan Oil & Amino Keratin Hair Mask 150g,Moist Diane,Personal care,Hair care,Hair treatment
P000004108,1 minute Super Treatment (Intensive Repair) 180mL,Dove,Personal care,Hair care,Hair treatment
P000001528,Moisturizing Treatment Repair Shampoo 750mL,VS Sassoon,Personal care,Hair care,Shampoos
P000003040,Nourishing Breakage Defense Shampoo 700mL,Kao Essential,Personal care,Hair care,Shampoos
P000003039,Moisturizing Frizz-free Shampoo 700mL,Kao Essential,Personal care,Hair care,Shampoos
P000001925,Anti-Dandruff Shampoo (Silky Soft) 750mL,Head & Shoulders,Personal care,Hair care,Shampoos
P000001228,Anti-Dandruff Shampoo (Lemon) 750mL,Head & Shoulders,Personal care,Hair care,Shampoos
P000001757,Anti-Dandruff Shampoo (Cleansing) 750mL,Head & Shoulders,Personal care,Hair care,Shampoos
P000003509,Anti-Dandruff Shampoo (Anti-itchy) 750mL,Head & Shoulders,Personal care,Hair care,Shampoos
P000003327,Light Moisture & Purifying Shampoo 700mL,Dove,Personal care,Hair care,Shampoos
P000003190,Shampoo (Extra Moist & Shine) 450mL,Moist Diane,Personal care,Hair care,Shampoos
P000000203,Keratin Anti-dandruff Shampoo - Balanced Aqua Moisturising - for Normal Hair 720mL,Palmolive Optima,Personal care,Hair care,Shampoos
P000001525,"Light, Soft & Smooth Shampoo 750mL",VS Sassoon,Personal care,Hair care,Shampoos
P000002982,Pure Cleansing Shampoo 500g,Timotei,Personal care,Hair care,Shampoos
P000003512,Vitamin E Moisture Rich Shampoo 900mL,TRESemme,Personal care,Hair care,Shampoos
P000002984,Deep Cleansing Shampoo 900mL,TRESemme,Personal care,Hair care,Shampoos
P000002986,Pro-V Milky Treatment Shampoo 700mL,Pantene,Personal care,Hair care,Shampoos
P000003719,Olive Shampoo 490mL,Naturals by Watsons,Personal care,Hair care,Shampoos
P000000979,Original  Antiseptic Mouthwash 1L,Listerine,Personal care,Oral care,Mouthwashes
P000004903,Mint Mouthwash 300mL,Corsodyl,Personal care,Oral care,Mouthwashes
P000004902,Plax Peppermint Fresh Mouthwash 250mL,Colgate,Personal care,Oral care,Mouthwashes
P000004901,Peroxyl Mouthwash 236mL,Colgate,Personal care,Oral care,Mouthwashes
P000002686,Satin Floss (Mint) 50m,Oral-B,Personal care,Oral care,Floss
P000001656,Dental Floss - Waxed 50m,Johnson & Johnson Reach,Personal care,Oral care,Floss
P000003179,Mint Dental Floss 25m,Colgate,Personal care,Oral care,Floss
P000002714,Gargle & Mouth Wash 250mL,Betadine,Personal care,Oral care,Mouthwashes
P000004904,Total Care Mouthwash 250mL,Listerine,Personal care,Oral care,Mouthwashes
P000002780,Slim Soft Charcoal Toothbrush (Ultra Soft) 3pcs,Colgate,Personal care,Oral care,Toothbrushes
P000004908,Gum & Teeth Care Mouthwash 500mL,Oral-B,Personal care,Oral care,Mouthwashes
P000004907,Deep Cleansing Mouthwash 500mL,Oral-B,Personal care,Oral care,Mouthwashes
P000004906,Protect Mouthwash (Clear Herb Mint) 600mL,Nonio,Personal care,Oral care,Mouthwashes
P000003478,Light Herb Mint Mouthwash (Non-alcohol) 600mL,Nonio,Personal care,Oral care,Mouthwashes
P000004905,Total Care Zero Alcohol Mouthwash 500mL,Listerine,Personal care,Oral care,Mouthwashes
P000000180,Kids Toothpaste - Strawerry 40g,Darlie,Personal care,Oral care,Toothpastes
P000001865,Fresh'n Brite Toothpaste - Twin Pack 200g × 2,Darlie,Personal care,Oral care,Toothpastes
P000000226,Double Action Toothpaste 250g,Darlie,Personal care,Oral care,Toothpastes
P000001862,Double Action Toothpaste - Family Twin Pack 200g × 2,Darlie,Personal care,Oral care,Toothpastes
P000002681,Double Action Toothpaste 175g × 2,Darlie,Personal care,Oral care,Toothpastes
P000002684,Double Action Enamel Protect Toothpaste 200g x 3,Darlie,Personal care,Oral care,Toothpastes
P000002878,All Shiny White Toothpaste - Lime Mint 140g x 3,Darlie,Personal care,Oral care,Toothpastes
P000000953,Triple Action Toothpaste 200g,Colgate,Personal care,Oral care,Toothpastes
P000002679,Triple Action Toothpaste 175g x 3,Colgate,Personal care,Oral care,Toothpastes
P000000962,Total 12 hour - Professional Whitening Toothpaste 150g,Colgate,Personal care,Oral care,Toothpastes
P000002782,Expert Gum Care Toothbrush (Tapered Soft) 2pcs,Darlie,Personal care,Oral care,Toothbrushes
P000001758,Repair & Protect Toothpaste 100g,Sensodyne,Personal care,Oral care,Toothpastes
P000003047,Multi Care Toothpaste 120g,Sensodyne,Personal care,Oral care,Toothpastes
P000000816,Freshmint Toothpaste 120g,Sensodyne,Personal care,Oral care,Toothpastes
P000003508,Complete Protection Toothpaste 100g,Sensodyne,Personal care,Oral care,Toothpastes
P000002687,Extra Fresh Toothpaste 90g,Parodontax,Personal care,Oral care,Toothpastes
P000002688,Daily Fluoride Toothpaste 90g,Parodontax,Personal care,Oral care,Toothpastes
P000003479,Toothpaste - Clear Herb Mint 130g,Nonio,Personal care,Oral care,Toothpastes
P000004860,0-6 years Children Toothpaste 61g,Elmex,Personal care,Oral care,Toothpastes
P000003150,Herbal Soft Slim Night Use Pads 41cm 8pcs,Kotex,Personal care,Feminine care,Sanitary napkins
P000002784,Toothbrush (Compact Head - Super Soft - SS) 3pcs,Lion Systema,Personal care,Oral care,Toothbrushes
P000003141,Super Slim Guard (Extra Long Day Use) (Wing) Pads 25cm 16pcs,Kao Laurier,Personal care,Feminine care,Sanitary napkins
P000002792,Super Slim Guard (Day/Night Use) (Wing) Pads 30cm 16pcs,Kao Laurier,Personal care,Feminine care,Sanitary napkins
P000003023,Speed+ Safety Guard Ultra Slim Pad (Day Use) (Wing) 25cm 14pcs,Kao Laurier,Personal care,Feminine care,Sanitary napkins
P000003207,Sleep Guard Night Use Slim Pads 30cm 8pcs,Kao Laurier,Personal care,Feminine care,Sanitary napkins
P000002373,Super Slim Guard (Day Use) (Wing) Pads 22.5cm 20pcs,Kao Laurier,Personal care,Feminine care,Sanitary napkins
P000003151,Super Slim Guard (Extra Long Night Use) (Wing) Pads 40cm 8pcs,Kao Laurier,Personal care,Feminine care,Sanitary napkins
P000003337,Herbal Cool Day Night Use Pads 28cm 13pcs,Kotex,Personal care,Feminine care,Sanitary napkins
P000003336,Herbal Cool Day Use Pads 23cm 15pcs,Kotex,Personal care,Feminine care,Sanitary napkins
P000003339,Dreamate Night Use Pads 41cm 5pcs,Kotex,Personal care,Feminine care,Sanitary napkins
P000002841,Comfort Soft Ultra Thin Day Night Use Pads 28cm 13pcs,Kotex,Personal care,Feminine care,Sanitary napkins
P000002843,Comfort Soft Slim Night Use Pads 41cm 8pcs,Kotex,Personal care,Feminine care,Sanitary napkins
P000002842,Comfort Soft Slim Day Use Pads 23cm 12pcs,Kotex,Personal care,Feminine care,Sanitary napkins
P000003209,Sleep Guard Night Use Slim Pads (3D Gather) 40cm 8pcs,Kao Laurier,Personal care,Feminine care,Sanitary napkins
P000003208,Sleep Guard Night Use Slim Pads (3D Gather) 35cm 8pcs,Kao Laurier,Personal care,Feminine care,Sanitary napkins
P000003330,Anti-bacteria Ultra Slim (Day Use) (Wing) Pad 25cm 18pcs,Kao Laurier,Personal care,Feminine care,Sanitary napkins
P000000724,Sanitary Napkin Pads (Regular Type) 48pcs,Annay,Personal care,Feminine care,Sanitary napkins
P000002822,Sonic Toothbrush - Regular Head (M),Lion Systema,Personal care,Oral care,Electric toothbrushes (alkaline Battery)
P000002823,Sonic Toothbrush - Compact Head (SS),Lion Systema,Personal care,Oral care,Electric toothbrushes (alkaline Battery)
P000002669,Precision Clean EB20-4 Electric Toothbrush Brushheads 4 pcs,Oral-B / Braun,Personal care,Oral care,Electric toothbrush brushheads
P000003325,Contura Soft Toothbrush (40) 4pcs,Oral-B,Personal care,Oral care,Toothbrushes
P000003326,Toothbrush (Regular Head - Super Soft - M) 3pcs,Lion Systema,Personal care,Oral care,Toothbrushes
P000003145,F Night Use Slim Extra Heavy Pads 40cm 7pcs,Kao Laurier,Personal care,Feminine care,Sanitary napkins
P000003335,Anti-bacteria Ultra Slim (Night Use) (Wing) Pad 40cm 10pcs,Kao Laurier,Personal care,Feminine care,Sanitary napkins
P000003334,Anti-bacteria Slim (Night Use) (Wing) Pad 40cm 8pcs,Kao Laurier,Personal care,Feminine care,Sanitary napkins
P000003333,Anti-bacteria Ultra Slim (Night Use) (Wing) Pad 35cm 12pcs,Kao Laurier,Personal care,Feminine care,Sanitary napkins
P000003332,Anti-bacteria Slim (Night Use) (Wing) Pad 35cm 10pcs,Kao Laurier,Personal care,Feminine care,Sanitary napkins
P000003331,Anti-bacteria Ultra Slim (Night Use) (Wing) Pad 30cm 14pcs,Kao Laurier,Personal care,Feminine care,Sanitary napkins
P000000248,Prune Juice 32oz,Del Monte,Drinks,Fruit Juices / Cordials,Ambient juices/juice drinks
P000000451,Apple Vinegar Drink 350mL,Cou-Su,Drinks,Fruit Juices / Cordials,Ambient juices/juice drinks
P000003924,Orange Juice 1.89 LT,Meadows Essent,Drinks,Fruit Juices / Cordials,Chilled juices/juice drinks
P000003020,Raw - Cold Pressed NZ Orange Juice 1L,Homegrown Juice Company,Drinks,Fruit Juices / Cordials,Chilled juices/juice drinks
P000000428,Orange & Aloe Vera Juice Drink 946mL,F&N Fruit Tree,Drinks,Fruit Juices / Cordials,Chilled juices/juice drinks
P000000074,Apple & Aloe Vera Juice Drink 946mL,F&N Fruit Tree,Drinks,Fruit Juices / Cordials,Chilled juices/juice drinks
P000003016,Raw - Cold Pressed NZ Apple Juice 1L,Homegrown Juice Company,Drinks,Fruit Juices / Cordials,Chilled juices/juice drinks
P000003238,100% Natural Coconut Water 350mL,IF,Drinks,Fruit Juices / Cordials,Ambient juices/juice drinks
P000000322,Cranberry Juice 1L,Ocean Spray,Drinks,Fruit Juices / Cordials,Ambient juices/juice drinks
P000000623,White Grape Juice Drink 200mL x 6,Minute Maid Qoo,Drinks,Fruit Juices / Cordials,Ambient juices/juice drinks
P000001124,Orange Juice Drink 1.2L,Minute Maid,Drinks,Fruit Juices / Cordials,Ambient juices/juice drinks
P000001155,Orange Juice Drink 420mL,Minute Maid,Drinks,Fruit Juices / Cordials,Ambient juices/juice drinks
P000004209,APPLE JUICE DRINK 1.89 LT,Meadows,Drinks,Fruit Juices / Cordials,Ambient juices/juice drinks
P000003320,Mango Mixed Juice 720mL,Kagome,Drinks,Fruit Juices / Cordials,Ambient juices/juice drinks
P000002955,HK Style Milk Tea - Bottle 480mL,Vita,Drinks,Coffee / Tea bags / Milk tea / Yuan yang,Milk tea drinks
P000003558,Instant Coffee No. 99 110g,UCC,Drinks,Coffee / Tea bags / Milk tea / Yuan yang,Instant coffee
P000002941,Supreme All in One Strong & Smooth Coffee 36g x 10,Tsit Wing,Drinks,Coffee / Tea bags / Milk tea / Yuan yang,Instant coffee
P000003323,3-in-1 White Coffee - Hazelnut 38g x 10,Old Town,Drinks,Coffee / Tea bags / Milk tea / Yuan yang,Instant coffee
P000001604,3-in-1 White Coffee - Classic 38g x 10,Old Town,Drinks,Coffee / Tea bags / Milk tea / Yuan yang,Instant coffee
P000003506,2-in-1 White Coffee - Coffee + Creamer 25g x 10,Old Town,Drinks,Coffee / Tea bags / Milk tea / Yuan yang,Instant coffee
P000000857,Rich Blend Soluble Coffee 200g,Nestle Nescafe,Drinks,Coffee / Tea bags / Milk tea / Yuan yang,Instant coffee
P000003557,The Blend Coffee No.114 90g,UCC,Drinks,Coffee / Tea bags / Milk tea / Yuan yang,Instant coffee
P000000316,Apple Blackcurrant Mini Pack 150mL x 6,Popper Juice,Drinks,Fruit Juices / Cordials,Ambient juices/juice drinks
P000002166,Canned Coffee - Regular 250mL x 6,Nestle Nescafe,Drinks,Coffee / Tea bags / Milk tea / Yuan yang,Coffee drinks
P000002276,HK Style Milk Tea - 250mL x 6,Vita,Drinks,Coffee / Tea bags / Milk tea / Yuan yang,Milk tea drinks
P000002450,HK Style Milk Tea (Strong) - 250mL x 6,Vita,Drinks,Coffee / Tea bags / Milk tea / Yuan yang,Milk tea drinks
P000002942,All in One Extra Creamy Milk Tea 17g x 12,Tsit Wing,Drinks,Coffee / Tea bags / Milk tea / Yuan yang,Instant milk tea
P000000696,Milk Tea Lite 17.5g x 10,Lipton,Drinks,Coffee / Tea bags / Milk tea / Yuan yang,Instant milk tea
P000000960,Gold Milk Tea 16.5g x 20,Lipton,Drinks,Coffee / Tea bags / Milk tea / Yuan yang,Instant milk tea
P000000117,Gold Milk Tea 16.5g x 10,Lipton,Drinks,Coffee / Tea bags / Milk tea / Yuan yang,Instant milk tea
P000000694,3-in-1 Milk Tea 17g x 10,Dai Pai Dong,Drinks,Coffee / Tea bags / Milk tea / Yuan yang,Instant milk tea
P000003504,Smoovlatte 268mL x 3,Nestle Nescafe,Drinks,Coffee / Tea bags / Milk tea / Yuan yang,Coffee drinks
P000004292,JASMINE TEA 1.5 LT,Meadows,Drinks,Oriental drinks,Tea
P000003865,Dahongpao Oolong Tea 500 ML,Meadows,Drinks,Oriental drinks,Tea
P000000357,Pear Tea Drink 500mL,Hung Fook Tong,Drinks,Oriental drinks,Tea
P000000524,Tsz Sum Zhan Sugar Cane and Imperatae 250mL x 6,Vita,Drinks,Oriental drinks,Health drinks
P000004293,IMPERATAECANE DRINK 500 ML,Meadows,Drinks,Oriental drinks,Health drinks
P000004294,GROSVENOR MOMORDICA 500 ML,Meadows,Drinks,Oriental drinks,Health drinks
P000002940,Dahongpao Oolong Tea Beverage (No Sugar) 500mL,Authentic Tea House,Drinks,Oriental drinks,Tea
P000004291,PEACH TEA 1.5 LT,Meadows,Drinks,Oriental drinks,Tea
P000004295,PEACH TEA 500 ML,Meadows,Drinks,Oriental drinks,Tea
P000003867,Apple Green Tea 500 ML,Meadows,Drinks,Oriental drinks,Green tea
P000000343,Gor Yin Hai Apple Mango Tea 250mL x 6,Vita,Drinks,Oriental drinks,Tea
P000000420,Chrysanthemum Tea 250mL x 6,Vita,Drinks,Oriental drinks,Tea
P000002226,Supreme Oolong Tea 500mL,Tao Ti,Drinks,Oriental drinks,Tea
P000001145,Honey Pear Tea 250mL x 6,Nestea,Drinks,Oriental drinks,Tea
P000003864,Comselfhruit-Spikd 500 ML,Meadows,Drinks,Oriental drinks,Health drinks
P000003863,Abrus canton Hance D 500 ML,Meadows,Drinks,Oriental drinks,Health drinks
P000000520,Mandarin Lemon Juice Drink 500mL,Tao Ti,Drinks,Oriental drinks,Juices
P000000250,Blackcurrant Cordial 1L,Ribena,Drinks,Fruit Juices / Cordials,Cordials
P000000624,100% Grape Juice 64oz,Welch's,Drinks,Fruit Juices / Cordials,Ambient juices/juice drinks
P000000681,Mango Juice Drink 250mL x 6,Vita,Drinks,Fruit Juices / Cordials,Ambient juices/juice drinks
P000000128,Apple Juice Drink 250mL x 6,Vita,Drinks,Fruit Juices / Cordials,Ambient juices/juice drinks
P000000625,Apple Juice 64oz,Tree Top,Drinks,Fruit Juices / Cordials,Ambient juices/juice drinks
P000003186,Blackcurrant Fruit Drink 330mL,Ribena,Drinks,Fruit Juices / Cordials,Ambient juices/juice drinks
P000000427,Blackcurrant Drink 200mL x 6,Ribena,Drinks,Fruit Juices / Cordials,Ambient juices/juice drinks
P000000008,Self-Heal Spike 500mL,Healthworks,Drinks,Oriental drinks,Health drinks
P000000933,Selfheal Fruit-spike Drink (Low Sugar) 500mL,Hung Fook Tong,Drinks,Oriental drinks,Health drinks
P000000450,Mix Flower Tea (Low Sugar) 500mL,Hung Fook Tong,Drinks,Oriental drinks,Health drinks
P000000685,Ginseng with Honey 500mL,Hung Fook Tong,Drinks,Oriental drinks,Health drinks
P000001913,Chrysanthemum with Honey Drink (Low Sugar) 500mL,Hung Fook Tong,Drinks,Oriental drinks,Health drinks
P000000934,Canton Love-pes Vine Drink (Low Sugar) 500mL,Hung Fook Tong,Drinks,Oriental drinks,Health drinks
P000001144,Sugarcane Sea Coconut Drink 500mL,Healthworks,Drinks,Oriental drinks,Health drinks
P000000684,Apple Flavour Green Tea 250mL x 6,Tao Ti,Drinks,Oriental drinks,Green tea
P000000166,Rich Blend Soluble Coffee - Can 500g,Nestle Nescafe,Drinks,Coffee / Tea bags / Milk tea / Yuan yang,Instant coffee
P000000515,Coke - Can 330mL x 8,Coca Cola,Drinks,Carbonated drinks,Canned
P000003437,7 Up Free Carbonated Soft Drink - Can 330mL x 8,7 Up,Drinks,Carbonated drinks,Canned
P000000977,C.C. Lemon Vitamin Soft Drink - Bottle 500mL,Suntory,Drinks,Carbonated drinks,Bottles
P000000171,Lemon-Lime Flavoured Soda - Bottle 500mL,Sprite,Drinks,Carbonated drinks,Bottles
P000000354,Lemon-Lime Flavoured Soda - Bottle 1.25L,Sprite,Drinks,Carbonated drinks,Bottles
P000000002,7 Up Carbonated Soft Drink - Can 330mL x 8,7 Up,Drinks,Carbonated drinks,Canned
P000000027,Coke - Can 330mL x 12,Coca Cola,Drinks,Carbonated drinks,Canned
P000000678,Cream Soda - Can 330mL x 12,Schweppes,Drinks,Carbonated drinks,Canned
P000000099,Cream Soda - Can 330mL x 8,Schweppes,Drinks,Carbonated drinks,Canned
P000001712,+C Lemon Flavoured Soda - Can 330mL x 8,Schweppes,Drinks,Carbonated drinks,Canned
P000000340,Carbonated Soft Drink - Can 330mL x 8,Pepsi,Drinks,Carbonated drinks,Canned
P000003443,Orange Flavor Soda - Can 330mL x 8,Fanta,Drinks,Carbonated drinks,Canned
P000000028,Lemon Coke - Can 330mL x 8,Coca Cola,Drinks,Carbonated drinks,Canned
P000000413,Coke Zero - Can 330mL x 8,Coca Cola,Drinks,Carbonated drinks,Canned
P000000496,Orange Drink - Bottle 2L,Fanta,Drinks,Carbonated drinks,Bottles
P000003319,Coke Zero - Bottle 1.25L,Coca Cola,Drinks,Carbonated drinks,Bottles
P000003498,Blueberry Bagels 11.5 oz 326g,Forever,Noodles / Cooking needs / Processed food (cold),Frozen / Chilled processed food,Pastry
P000003499,Ristorante Pizza Mozzarella 335g,Dr. Oetker,Noodles / Cooking needs / Processed food (cold),Frozen / Chilled processed food,Pastry
P000003086,Sesame Tong Yuen 24pcs 240g,Siu Ning Bo,Noodles / Cooking needs / Processed food (cold),Frozen / Chilled processed food,Desserts
P000000020,Sesame Tong Yuen 200g,Lee Chun,Noodles / Cooking needs / Processed food (cold),Frozen / Chilled processed food,Desserts
P000000473,Spaghetti with Bacon & Mushroom in Cream Sauce 320g,Ho e Sik,Noodles / Cooking needs / Processed food (cold),Frozen / Chilled processed food,Congee / Noodles / Spaghetti
P000000197,Spaghetti Bolognese 285g,Ho e Sik,Noodles / Cooking needs / Processed food (cold),Frozen / Chilled processed food,Congee / Noodles / Spaghetti
P000003445,Schweppes Zero - Can 330mL x 8,Schweppes,Drinks,Carbonated drinks,Canned
P000004428,PLAIN PARATHA 325 GM,Meadows,Noodles / Cooking needs / Processed food (cold),Frozen / Chilled processed food,Pastry
P000003439,Coke Zero - Bottle 500mL,Coca Cola,Drinks,Carbonated drinks,Bottles
P000003438,Coke Plus (Zero Sugar) - Bottle 500mL,Coca Cola,Drinks,Carbonated drinks,Bottles
P000002423,Coke - Bottle 500mL,Coca Cola,Drinks,Carbonated drinks,Bottles
P000000491,Coke - Bottle 2L,Coca Cola,Drinks,Carbonated drinks,Bottles
P000000823,Coke - Bottle 1.25L,Coca Cola,Drinks,Carbonated drinks,Bottles
P000003440,Diet Ginger Beer 375mL,Bundaberg,Drinks,Carbonated drinks,Bottles
P000000318,7 Up - Bottle 1.25L,7 Up,Drinks,Carbonated drinks,Bottles
P000003129,3-in-1 Instant Coffee Drink - Low Fat 14g x 20,Maxwell House,Drinks,Coffee / Tea bags / Milk tea / Yuan yang,Instant coffee
P000001608,3-in-1 Coffeemix 20g x 18,Indocafe,Drinks,Coffee / Tea bags / Milk tea / Yuan yang,Instant coffee
P000003729,Instant Coffee 2g x 15,G7,Drinks,Coffee / Tea bags / Milk tea / Yuan yang,Instant coffee
P000002501,Earl Grey - Teabag x 10,Twinings,Drinks,Coffee / Tea bags / Milk tea / Yuan yang,Western tea bags
P000000755,Teabag x 100,Rickshaw,Drinks,Coffee / Tea bags / Milk tea / Yuan yang,Western tea bags
P000002500,English Breakfast Tea - Teabag x 25,Twinings,Drinks,Coffee / Tea bags / Milk tea / Yuan yang,Western tea bags
P000000638,3-in-1 Instant Coffee Drink - Original 14g x 20,Maxwell House,Drinks,Coffee / Tea bags / Milk tea / Yuan yang,Instant coffee
P000002708,Premium White Coffee (Unsweetened) 21g x 10,Nestle Nescafe,Drinks,Coffee / Tea bags / Milk tea / Yuan yang,Instant coffee
P000002707,Premium White Coffee (Original) 29g x 10,Nestle Nescafe,Drinks,Coffee / Tea bags / Milk tea / Yuan yang,Instant coffee
P000000858,Gold 3-in-1 Complete Coffee Mix 17g x 10,Nestle Nescafe,Drinks,Coffee / Tea bags / Milk tea / Yuan yang,Instant coffee
P000003505,1+2 Rich Instant Coffee Mix 13g x 20,Nestle Nescafe,Drinks,Coffee / Tea bags / Milk tea / Yuan yang,Instant coffee
P000002282,1+2 Original Instant Coffee Mix 15g x 20,Nestle Nescafe,Drinks,Coffee / Tea bags / Milk tea / Yuan yang,Instant coffee
P000002227,Instant 3-in-1 Coffee - Blue Mountain Blend 15g x 12,Mr Brown Coffee,Drinks,Coffee / Tea bags / Milk tea / Yuan yang,Instant coffee
P000003728,Classic Freeze Dried Instant Coffee - Dark Roast 8 200g,Moccona,Drinks,Coffee / Tea bags / Milk tea / Yuan yang,Instant coffee
P000004299,TEA BAGS PURE CAMOMILE 20 PC,Meadows,Drinks,Coffee / Tea bags / Milk tea / Yuan yang,Western tea bags
P000003878,Eng Breakfast Tea 25 PC,Meadows,Drinks,Coffee / Tea bags / Milk tea / Yuan yang,Western tea bags
P000002484,Jasmine Teabag x 100,Rickshaw,Drinks,Coffee / Tea bags / Milk tea / Yuan yang,Chinese tea bags
P000000253,Jasmine Teabag x 25,Rickshaw,Drinks,Coffee / Tea bags / Milk tea / Yuan yang,Chinese tea bags
P000000697,Iron Buddha Teabag x 100,Rickshaw,Drinks,Coffee / Tea bags / Milk tea / Yuan yang,Chinese tea bags
P000001980,Pu Erh Teabag x 100,Luk Yu,Drinks,Coffee / Tea bags / Milk tea / Yuan yang,Chinese tea bags
P000001981,Oolong Teabag x 25,Luk Yu,Drinks,Coffee / Tea bags / Milk tea / Yuan yang,Chinese tea bags
P000000695,Jasmine Teabag x 25,Lipton,Drinks,Coffee / Tea bags / Milk tea / Yuan yang,Chinese tea bags
P000000116,Green Teabag x 25,Lipton,Drinks,Coffee / Tea bags / Milk tea / Yuan yang,Chinese tea bags
P000001907,Premium Pu Erh x 25,Imperial Choice,Drinks,Coffee / Tea bags / Milk tea / Yuan yang,Chinese tea bags
P000000414,Lemon-Lime Flavoured Soda - Can 330mL x 8,Sprite,Drinks,Carbonated drinks,Canned
P000003239,Osmanthus Oolong Teabag x 10,Tsit Wing,Drinks,Coffee / Tea bags / Milk tea / Yuan yang,Chinese tea bags
P000003875,Earl Brey Tea 25 PC,Meadows,Drinks,Coffee / Tea bags / Milk tea / Yuan yang,Western tea bags
P000003877,Ceylon Tea 25 PC,Meadows,Drinks,Coffee / Tea bags / Milk tea / Yuan yang,Western tea bags
P000003876,Ceylon Tea 100 PC,Meadows,Drinks,Coffee / Tea bags / Milk tea / Yuan yang,Western tea bags
P000000803,Yellow Label Tea - Teabag 2g x 100,Lipton,Drinks,Coffee / Tea bags / Milk tea / Yuan yang,Western tea bags
P000000237,Yellow Label Tea - Teabag 2g x 25,Lipton,Drinks,Coffee / Tea bags / Milk tea / Yuan yang,Western tea bags
P000003873,Pu-Erh Teabag 25 PC 50 GM,Yu Pin King,Drinks,Coffee / Tea bags / Milk tea / Yuan yang,Chinese tea bags
P000003872,Oolong Teabag 25 PC 50 GM,Yu Pin King,Drinks,Coffee / Tea bags / Milk tea / Yuan yang,Chinese tea bags
P000003871,Jasmine Teabag 25 PC 50 GM,Yu Pin King,Drinks,Coffee / Tea bags / Milk tea / Yuan yang,Chinese tea bags
P000003874,Iron Buddha Teabag 25 PC 50 GM,Yu Pin King,Drinks,Coffee / Tea bags / Milk tea / Yuan yang,Chinese tea bags
P000004885,Nan Pro 2 HMO 4 Children Milk Powder 800g,Nestle,Milk powder / Baby care,Infant formula / Growing-up formula,Infant formula / Follow-on formula / Toddler formula / Growing-up formula
P000001457,Happy Tummy 1 Infant Formula 900g,Cow & Gate,Milk powder / Baby care,Infant formula / Growing-up formula,Infant formula / Follow-on formula / Toddler formula / Growing-up formula
P000003415,3 Organic Toddler Milk Drink 900g,Bellamy's Organic,Milk powder / Baby care,Infant formula / Growing-up formula,Infant formula / Follow-on formula / Toddler formula / Growing-up formula
P000003413,1 Organic Infant Formula 900g,Bellamy's Organic,Milk powder / Baby care,Infant formula / Growing-up formula,Infant formula / Follow-on formula / Toddler formula / Growing-up formula
P000004851,3 Similac 5 HMO Growing-up Formula 850g,Abbott,Milk powder / Baby care,Infant formula / Growing-up formula,Infant formula / Follow-on formula / Toddler formula / Growing-up formula
P000004852,4 Similac 5 HMO Pre-school Milk 850g,Abbott,Milk powder / Baby care,Infant formula / Growing-up formula,Infant formula / Follow-on formula / Toddler formula / Growing-up formula
P000001458,Happy Tummy 2 Follow On Formula 900g,Cow & Gate,Milk powder / Baby care,Infant formula / Growing-up formula,Infant formula / Follow-on formula / Toddler formula / Growing-up formula
P000001782,Gold 1 Frisolac - 900g,Friso,Milk powder / Baby care,Infant formula / Growing-up formula,Infant formula / Follow-on formula / Toddler formula / Growing-up formula
P000002325,Carton Pack Gold 4 (400g x 3 bags) 1200g,Friso,Milk powder / Baby care,Infant formula / Growing-up formula,Infant formula / Follow-on formula / Toddler formula / Growing-up formula
P000002324,Carton Pack Gold 3 (400g x 3 bags) 1200g,Friso,Milk powder / Baby care,Infant formula / Growing-up formula,Infant formula / Follow-on formula / Toddler formula / Growing-up formula
P000001460,Happy Tummy 4 Growing Up Formula 900g,Cow & Gate,Milk powder / Baby care,Infant formula / Growing-up formula,Infant formula / Follow-on formula / Toddler formula / Growing-up formula
P000001459,Happy Tummy 3 Growing Up Formula 900g,Cow & Gate,Milk powder / Baby care,Infant formula / Growing-up formula,Infant formula / Follow-on formula / Toddler formula / Growing-up formula
P000004850,2 Similac 5 HMO Follow-up Formula 850g,Abbott,Milk powder / Baby care,Infant formula / Growing-up formula,Infant formula / Follow-on formula / Toddler formula / Growing-up formula
P000003450,In Energy Jelly Drink (White Grape Flavour) 180g,Weider,Drinks,Bottled water / Sports drinks /  Energy drinks,Energy drinks
P000002163,Sugarfree Energy Drink 250mL,Red Bull,Drinks,Bottled water / Sports drinks /  Energy drinks,Energy drinks
P000002162,Energy Drink 250mL,Red Bull,Drinks,Bottled water / Sports drinks /  Energy drinks,Energy drinks
P000003447,Ultra Carbonated Energy Drink 355mL,Monster,Drinks,Bottled water / Sports drinks /  Energy drinks,Energy drinks
P000003446,Carbonated Energy Drink 355mL,Monster,Drinks,Bottled water / Sports drinks /  Energy drinks,Energy drinks
P000003221,Nutritious Malted Drink (Original) (3 in 1) 28g x 10,Horlicks,Drinks,Cereal drinks / Malted drinks / Chocolate drinks,Cereal drinks / Malted drinks
P000004849,1 Similac 5 HMO Infant Formula 850g,Abbott,Milk powder / Baby care,Infant formula / Growing-up formula,Infant formula / Follow-on formula / Toddler formula / Growing-up formula
P000001720,Comfort series 2 Similac Total Comfort 820g,Abbott,Milk powder / Baby care,Infant formula / Growing-up formula,Infant formula / Follow-on formula / Toddler formula / Growing-up formula
P000001719,Comfort series 1 Similac Total Comfort 820g,Abbott,Milk powder / Baby care,Infant formula / Growing-up formula,Infant formula / Follow-on formula / Toddler formula / Growing-up formula
P000001250,Instant Oats Drink - Original 150g (30g x 5),Quaker,Drinks,Cereal drinks / Malted drinks / Chocolate drinks,Cereal drinks / Malted drinks
P000000982,Instant Oats Drink - Chocolate Flavour 165g (33g x 5),Quaker,Drinks,Cereal drinks / Malted drinks / Chocolate drinks,Cereal drinks / Malted drinks
P000001479,Nutritional Malted Drink 400g,Ovaltine,Drinks,Cereal drinks / Malted drinks / Chocolate drinks,Cereal drinks / Malted drinks
P000003240,Milo Malt Drink 400g,Nestle,Drinks,Cereal drinks / Malted drinks / Chocolate drinks,Cereal drinks / Malted drinks
P000000348,Xtra Energy Drink - Summer Fruit 300mL,Lucozade,Drinks,Bottled water / Sports drinks /  Energy drinks,Energy drinks
P000001783,Gold 2 - 900g,Friso,Milk powder / Baby care,Infant formula / Growing-up formula,Infant formula / Follow-on formula / Toddler formula / Growing-up formula
P000003357,3 Enfagrow A+ Neuro Pro Growing Up Milk 900g,Mead Johnson,Milk powder / Baby care,Infant formula / Growing-up formula,Infant formula / Follow-on formula / Toddler formula / Growing-up formula
P000003355,1 Enfamil A+ Neuro Pro Infant Formula 900g,Mead Johnson,Milk powder / Baby care,Infant formula / Growing-up formula,Infant formula / Follow-on formula / Toddler formula / Growing-up formula
P000003356,2 Enfapro A+ Neuro Pro Follow on Formula 900g,Mead Johnson,Milk powder / Baby care,Infant formula / Growing-up formula,Infant formula / Follow-on formula / Toddler formula / Growing-up formula
P000004884,Nan Pro 2 HMO 3 Growing Up Formula Powder 800g,Nestle,Milk powder / Baby care,Infant formula / Growing-up formula,Infant formula / Follow-on formula / Toddler formula / Growing-up formula
P000004883,Nan Pro 2 HMO 2 Follow Up Formula Powder 800g,Nestle,Milk powder / Baby care,Infant formula / Growing-up formula,Infant formula / Follow-on formula / Toddler formula / Growing-up formula
P000004882,Nan Pro 2 HMO 1 Infant Formula Powder 800g,Nestle,Milk powder / Baby care,Infant formula / Growing-up formula,Infant formula / Follow-on formula / Toddler formula / Growing-up formula
P000001001,Enfamil A+ LactoFree Infant Formula 370g,Mead Johnson,Milk powder / Baby care,Infant formula / Growing-up formula,Infant formula / Follow-on formula / Toddler formula / Growing-up formula
P000003359,5 Enfaschool A+ Neuro Pro Fortified Milk 900g,Mead Johnson,Milk powder / Baby care,Infant formula / Growing-up formula,Infant formula / Follow-on formula / Toddler formula / Growing-up formula
P000003358,4 Enfakid A+ Neuro Pro Fortified Milk 900g,Mead Johnson,Milk powder / Baby care,Infant formula / Growing-up formula,Infant formula / Follow-on formula / Toddler formula / Growing-up formula
P000002729,(Gentle Care) 3 Enfagrow A+ 900g,Mead Johnson,Milk powder / Baby care,Infant formula / Growing-up formula,Infant formula / Follow-on formula / Toddler formula / Growing-up formula
P000002728,(Gentle Care) 2 Enfapro A+ 900g,Mead Johnson,Milk powder / Baby care,Infant formula / Growing-up formula,Infant formula / Follow-on formula / Toddler formula / Growing-up formula
P000003219,4 Growing-up Formula 800g,Friso Prestige,Milk powder / Baby care,Infant formula / Growing-up formula,Infant formula / Follow-on formula / Toddler formula / Growing-up formula
P000003218,3 Growing-up Formula 800g,Friso Prestige,Milk powder / Baby care,Infant formula / Growing-up formula,Infant formula / Follow-on formula / Toddler formula / Growing-up formula
P000003217,2 Follow-up Formula 800g,Friso Prestige,Milk powder / Baby care,Infant formula / Growing-up formula,Infant formula / Follow-on formula / Toddler formula / Growing-up formula
P000003216,1 Infant Formula 800g,Friso Prestige,Milk powder / Baby care,Infant formula / Growing-up formula,Infant formula / Follow-on formula / Toddler formula / Growing-up formula
P000001785,Gold 4 - 900g,Friso,Milk powder / Baby care,Infant formula / Growing-up formula,Infant formula / Follow-on formula / Toddler formula / Growing-up formula
P000001784,Gold 3 - 900g,Friso,Milk powder / Baby care,Infant formula / Growing-up formula,Infant formula / Follow-on formula / Toddler formula / Growing-up formula
P000002428,(Gentle Care) 1 Enfamil A+ 900g,Mead Johnson,Milk powder / Baby care,Infant formula / Growing-up formula,Infant formula / Follow-on formula / Toddler formula / Growing-up formula
P000003113,Combiotic 4 Junior (Growing Young Children) Milk 800g,Hipp,Milk powder / Baby care,Infant formula / Growing-up formula,Infant formula / Follow-on formula / Toddler formula / Growing-up formula
P000003112,Combiotic 3 Junior (Growing Toddlers) Milk 800g,Hipp,Milk powder / Baby care,Infant formula / Growing-up formula,Infant formula / Follow-on formula / Toddler formula / Growing-up formula
P000002639,Combiotic 2 Organic Follow-on Milk 800g,Hipp,Milk powder / Baby care,Infant formula / Growing-up formula,Infant formula / Follow-on formula / Toddler formula / Growing-up formula
P000002517,Combiotic 1 Organic Infant Milk 800g,Hipp,Milk powder / Baby care,Infant formula / Growing-up formula,Infant formula / Follow-on formula / Toddler formula / Growing-up formula
P000002504,Pure Distilled Water 430mL x 6,Watsons Water,Drinks,Bottled water / Sports drinks /  Energy drinks,Pure distilled water
P000000494,Pure Distilled Water 1.8L,Watsons Water,Drinks,Bottled water / Sports drinks /  Energy drinks,Pure distilled water
P000002496,Pure Distilled Water 1.25L,Watsons Water,Drinks,Bottled water / Sports drinks /  Energy drinks,Pure distilled water
P000000781,Pure Distilled Water 430mL,Watsons Water,Drinks,Bottled water / Sports drinks /  Energy drinks,Pure distilled water
P000000775,Pure Distilled Water 1.5L,Vita,Drinks,Bottled water / Sports drinks /  Energy drinks,Pure distilled water
P000000875,Pure Distilled Water 700mL,Vita,Drinks,Bottled water / Sports drinks /  Energy drinks,Pure distilled water
P000000061,Pure Distilled Water 800mL,Watsons Water,Drinks,Bottled water / Sports drinks /  Energy drinks,Pure distilled water
P000000495,Pure Distilled Water 4.5L,Watsons Water,Drinks,Bottled water / Sports drinks /  Energy drinks,Pure distilled water
P000000774,Mineralized Water 1.5L,Bonaqua,Drinks,Bottled water / Sports drinks /  Energy drinks,Mineralized water
P000000174,Mineralized Water 770mL,Bonaqua,Drinks,Bottled water / Sports drinks /  Energy drinks,Mineralized water
P000000883,Mineralized Water 500mL,Bonaqua,Drinks,Bottled water / Sports drinks /  Energy drinks,Mineralized water
P000002503,Distilled Water with Minerals 4.5L,Watsons Water,Drinks,Bottled water / Sports drinks /  Energy drinks,Distilled water with minerals
P000002490,Distilled Water with Minerals 800mL,Watsons Water,Drinks,Bottled water / Sports drinks /  Energy drinks,Distilled water with minerals
P000002502,Distilled Water with Minerals 430mL x 6,Watsons Water,Drinks,Bottled water / Sports drinks /  Energy drinks,Distilled water with minerals
P000002489,Distilled Water with Minerals 430mL,Watsons Water,Drinks,Bottled water / Sports drinks /  Energy drinks,Distilled water with minerals
P000000868,Pure Distilled Water 430mL,Vita,Drinks,Bottled water / Sports drinks /  Energy drinks,Pure distilled water
P000003690,Distilled Water 550mL,Meadows,Drinks,Bottled water / Sports drinks /  Energy drinks,Pure distilled water
P000000683,Ceylon Lemon Tea (Local Cafe) 250mL x 6,Hi-C,Drinks,Oriental drinks,Lemon tea
P000000162,Ceylon Lemon Tea (Less Sweet) 250mL x 6,Hi-C,Drinks,Oriental drinks,Lemon tea
P000000149,Honey Green Tea 500mL,Tao Ti,Drinks,Oriental drinks,Green tea
P000001917,Honey Green Tea 250ml x 6,Tao Ti,Drinks,Oriental drinks,Green tea
P000000452,Honey Green Tea 1.5L,Tao Ti,Drinks,Oriental drinks,Green tea
P000000521,Apple Green Tea 500mL,Tao Ti,Drinks,Oriental drinks,Green tea
P000000693,Mineralized Water 1.5L,Cool Water,Drinks,Bottled water / Sports drinks /  Energy drinks,Mineralized water
P000000252,Lemon Tea 250mL x 6,Hi-C,Drinks,Oriental drinks,Lemon tea
P000003885,Distilled Water 5.5 LT,Meadows,Drinks,Bottled water / Sports drinks /  Energy drinks,Pure distilled water
P000003884,Distilled Water 1.5 LT,Meadows,Drinks,Bottled water / Sports drinks /  Energy drinks,Pure distilled water
P000004286,DISTILLED WATER 550 ML,Meadows,Drinks,Bottled water / Sports drinks /  Energy drinks,Pure distilled water
P000002699,Honey Citron Tea 2kg,Cou-do,Drinks,Oriental drinks,Honey Citron Tea
P000002617,Honey Citron Tea 1.15kg,Cou-do,Drinks,Oriental drinks,Honey Citron Tea
P000000125,Lemon Tea 250mL x 6,Vita,Drinks,Oriental drinks,Lemon tea
P000001086,Lemon Tea 250mL x 6,Nestea,Drinks,Oriental drinks,Lemon tea
P000000352,Ice Rush Lemon Tea 480mL,Nestea,Drinks,Oriental drinks,Lemon tea
P000000349,Energy Drink - Orange 900mL,Lucozade,Drinks,Bottled water / Sports drinks /  Energy drinks,Energy drinks
P000001081,Mineralized Water 380mL,Cool Water,Drinks,Bottled water / Sports drinks /  Energy drinks,Mineralized water
P000000319,Sport Drink - Lemon-Lime Flavor 600mL,Gatorade,Drinks,Bottled water / Sports drinks /  Energy drinks,Sports drinks
P000000692,Sport Drink - Orange - Bottle 450mL,Lucozade,Drinks,Bottled water / Sports drinks /  Energy drinks,Sports drinks
P000003322,Electrolytes Replenishment Drink Zero - Bottle 500mL,Aquarius,Drinks,Bottled water / Sports drinks /  Energy drinks,Sports drinks
P000001365,Electrolytes Replenishment Drink - Bottle 1.2L,Aquarius,Drinks,Bottled water / Sports drinks /  Energy drinks,Sports drinks
P000001345,Electrolytes Replenishment Drink - Bottle 500mL,Aquarius,Drinks,Bottled water / Sports drinks /  Energy drinks,Sports drinks
P000000691,Ion Supply Drink - Bottle 350mL x 6,Pocari Sweat,Drinks,Bottled water / Sports drinks /  Energy drinks,Sports drinks
P000001919,Energy Drink - Orange 300mL,Lucozade,Drinks,Bottled water / Sports drinks /  Energy drinks,Energy drinks
P000000021,Tonic Drink 150mL,Libogen,Drinks,Bottled water / Sports drinks /  Energy drinks,Energy drinks
P000000876,Ion Supply Drink 1.5L,Pocari Sweat,Drinks,Bottled water / Sports drinks /  Energy drinks,Sports drinks
P000000327,Ion Supply Drink 500mL,Pocari Sweat,Drinks,Bottled water / Sports drinks /  Energy drinks,Sports drinks
P000000859,Ion Supply Drink - Powder 66g x 5,Pocari Sweat,Drinks,Bottled water / Sports drinks /  Energy drinks,Sports drinks
P000000060,Ion Supply Drink - Can 340mL x 6,Pocari Sweat,Drinks,Bottled water / Sports drinks /  Energy drinks,Sports drinks
P000002505,Natural Mineral Water (Eau Minérale Naturelle) 1.5L x 6,Volvic,Drinks,Bottled water / Sports drinks /  Energy drinks,Mineral water / Spring water / Artesian water
P000000334,Natural Mineral Water (Eau Minérale Naturelle) 1.5L,Volvic,Drinks,Bottled water / Sports drinks /  Energy drinks,Mineral water / Spring water / Artesian water
P000002207,Natural Mineral Water 570mL,Ganten,Drinks,Bottled water / Sports drinks /  Energy drinks,Mineral water / Spring water / Artesian water
P000002240,Natural Artesian Water 500mL,Fiji,Drinks,Bottled water / Sports drinks /  Energy drinks,Mineral water / Spring water / Artesian water
P000002239,Natural Artesian Water 1L,Fiji,Drinks,Bottled water / Sports drinks /  Energy drinks,Mineral water / Spring water / Artesian water
P000000817,Mineral Water 500mL,Evian,Drinks,Bottled water / Sports drinks /  Energy drinks,Mineral water / Spring water / Artesian water
P000002209,Mineral Water 330mL,Evian,Drinks,Bottled water / Sports drinks /  Energy drinks,Mineral water / Spring water / Artesian water
P000001080,Mineralized Water 5L,Cool Water,Drinks,Bottled water / Sports drinks /  Energy drinks,Mineralized water
P000000089,Mineralized Water 750mL,Cool Water,Drinks,Bottled water / Sports drinks /  Energy drinks,Mineralized water
P000001083,Mineralized Water 5L,Bonaqua,Drinks,Bottled water / Sports drinks /  Energy drinks,Mineralized water
P000004069,French Mineral Water 6 X 1.5 LT,Meadows,Drinks,Bottled water / Sports drinks /  Energy drinks,Mineral water / Spring water / Artesian water
P000001918,Natural Mineral Water (Eau Minérale Naturelle) 500mL,Volvic,Drinks,Bottled water / Sports drinks /  Energy drinks,Mineral water / Spring water / Artesian water
P000002552,Sparkling Natural Mineral Water 1L,San Pellegrino,Drinks,Bottled water / Sports drinks /  Energy drinks,Mineral water / Spring water / Artesian water
P000000779,Sparkling Natural Mineral Water 750mL,San Pellegrino,Drinks,Bottled water / Sports drinks /  Energy drinks,Mineral water / Spring water / Artesian water
P000001131,Natural Mineral Water - Sparkling 1.5L,San Benedetto,Drinks,Bottled water / Sports drinks /  Energy drinks,Mineral water / Spring water / Artesian water
P000000084,Sparkling Mineral Water 750mL,Perrier,Drinks,Bottled water / Sports drinks /  Energy drinks,Mineral water / Spring water / Artesian water
P000000752,Sparkling Mineral Water 330mL,Perrier,Drinks,Bottled water / Sports drinks /  Energy drinks,Mineral water / Spring water / Artesian water
P000003886,Sparkling Natural Mineral Water 500 ML,Meadows,Drinks,Bottled water / Sports drinks /  Energy drinks,Mineral water / Spring water / Artesian water
P000004302,SPARKLING MINERAL WATER 6 X 1 LT,Meadows,Drinks,Bottled water / Sports drinks /  Energy drinks,Mineral water / Spring water / Artesian water
P000003887,French Mountain Spring Water 500 ML,Meadows,Drinks,Bottled water / Sports drinks /  Energy drinks,Mineral water / Spring water / Artesian water
P000002599,Moving Rubber Hair Wax (Spiky Edge) 80g,Gatsby,Personal care,Hair care,Hair stylings
P000001875,Super Mellow Mijiu 500mL,Pearl River Bridge,Beer / Wines / Spirits,Rice wines,Chinese
P000003344,Air Conditioner Disinfectant 500mL,Walch,Household / Pet food and care,Household cleaning,Air Conditioner Cleaner
P000003343,Air-Conditioner Cleaner (Forest) 420mL,Homeki,Household / Pet food and care,Household cleaning,Air Conditioner Cleaner
P000003342,Air Conditioner Cleaner 473mL,3M,Household / Pet food and care,Household cleaning,Air Conditioner Cleaner
P000002095,Heavy Duty Household Gloves (Medium),3M Scotch-Brite,Household / Pet food and care,Household cleaning,Gloves
P000001424,Pipe Concentrated Cleaning Gel 450mL,Lion Pipeman,Household / Pet food and care,Household cleaning,Drain cleaners
P000004924,Liquid-Plumr 946mL,Clorox,Household / Pet food and care,Household cleaning,Drain cleaners
P000004519,ANTISEPTIC LIQUID 750 ML,MEADOWS HOME,Household / Pet food and care,Household cleaning,Disinfectants
P000004926,Power Foam Pipe Cleaner 400mL,Sanibon,Household / Pet food and care,Household cleaning,Drain cleaners
P000001588,Extra Medium Weight House Gloves (Small),Marigold,Household / Pet food and care,Household cleaning,Gloves
P000001773,Clip Mop Refill,3M Scotch-Brite,Household / Pet food and care,Household cleaning,Mops
P000003062,Absorbent Scourer,Vileda,Household / Pet food and care,Household cleaning,Scourers / Sponges
P000003061,Absorbent Scrub Sponge (Delicate Duty Non-scratch),3M Scotch-Brite,Household / Pet food and care,Household cleaning,Scourers / Sponges
P000002096,Household Gloves (Medium),Showa,Household / Pet food and care,Household cleaning,Gloves
P000002097,Long Life House Gloves (Medium),Marigold,Household / Pet food and care,Household cleaning,Gloves
P000002098,Futura Gloves - Revolutionary Nitrile Material (Medium),Marigold,Household / Pet food and care,Household cleaning,Gloves
P000004493,ANTISEPTIC LIQUID 1.2 LT,MEADOWS HOME,Household / Pet food and care,Household cleaning,Disinfectants
P000000762,Bleach - Regular 2.8L,Clorox,Household / Pet food and care,Household cleaning,Bleach
P000000763,Bleach - Lemon 2.8L,Clorox,Household / Pet food and care,Household cleaning,Bleach
P000003619,Bleach - Regular 2L,BESTbuy,Household / Pet food and care,Household cleaning,Bleach
P000001200,Furniture Polish - Lemon 330mL,Pledge,Household / Pet food and care,Household cleaning,Furniture polish
P000003154,Toilet Gel (Lemon) 38g,Toilet Duck,Household / Pet food and care,Household cleaning,Toilet cleaners
P000001269,Liquid Toilet Cleaner (Citrus) 750mL,Toilet Duck,Household / Pet food and care,Household cleaning,Toilet cleaners
P000003735,Bleach Toilet Bowl Cleaner (Active Citrus) 750mL,Toilet Duck,Household / Pet food and care,Household cleaning,Toilet cleaners
P000001776,Clip Mop with Handle,3M Scotch-Brite,Household / Pet food and care,Household cleaning,Mops
P000001146,Bleach - Lemon 1.5L,Kao,Household / Pet food and care,Household cleaning,Bleach
P000001711,Disinfectant Spray (Morning Dew) 450 mL,Dettol,Household / Pet food and care,Household cleaning,Disinfectants
P000000898,Antiseptic Disinfectant 1.2L,Dettol,Household / Pet food and care,Household cleaning,Disinfectants
P000001599,Kitchen Bleach 600mL,Kao,Household / Pet food and care,Household cleaning,Bleach
P000000726,Bleach 1.5L,Kao,Household / Pet food and care,Household cleaning,Bleach
P000001418,Bleach 600mL,Kao,Household / Pet food and care,Household cleaning,Bleach
P000000764,Bleach - Lemon 2.5L,Kao,Household / Pet food and care,Household cleaning,Bleach
P000002034,"Extra Soft (190g/roll, HKBT810, green packaging) 3-ply Bathroom Tissues 10 rolls",Hearttex,Household / Pet food and care,Paper,Bathroom tissues / Toilet tissues / Toilet rolls / Toilet paper
P000001117,"Ultra (1.85kg, HCJ002-01, orange colour packaging) 3-ply Toilet Tissue 10 rolls",C&S,Household / Pet food and care,Paper,Bathroom tissues / Toilet tissues / Toilet rolls / Toilet paper
P000002032,"Grand 3+1 (1650, yellow packaging) 4-ply Bathroom Tissue 12 rolls",C&S,Household / Pet food and care,Paper,Bathroom tissues / Toilet tissues / Toilet rolls / Toilet paper
P000001388,Printed 3-ply Bathroom Tissue (Natural Protect) 10 rolls,Andrex,Household / Pet food and care,Paper,Bathroom tissues / Toilet tissues / Toilet rolls / Toilet paper
P000002021,"Green Tea Mood (160g/roll, HKBT2410, green packaging) 3-ply Bathroom Tissues 10 rolls",Hearttex,Household / Pet food and care,Paper,Bathroom tissues / Toilet tissues / Toilet rolls / Toilet paper
P000003292,3-ply Bathroom Tissue (Baby Soft) 10 rolls,Andrex,Household / Pet food and care,Paper,Bathroom tissues / Toilet tissues / Toilet rolls / Toilet paper
P000000006,3-ply Bathroom Tissue (White) 10 rolls,Andrex,Household / Pet food and care,Paper,Bathroom tissues / Toilet tissues / Toilet rolls / Toilet paper
P000003857,3PLY Bath Tissue (Printed) 10 RL,Meadows Home,Household / Pet food and care,Paper,Bathroom tissues / Toilet tissues / Toilet rolls / Toilet paper
P000003135,Deluxe 3-ply Bathroom Tissue 10 rolls,Pulppy,Household / Pet food and care,Paper,Bathroom tissues / Toilet tissues / Toilet rolls / Toilet paper
P000002029,4-ply Toilet Tissue (purple packaging) 12 rolls (309724),Virjoy,Household / Pet food and care,Paper,Bathroom tissues / Toilet tissues / Toilet rolls / Toilet paper
P000000986,"Golden Supreme (180g/roll, VC4469) 3-ply Bathroom Tissue 10/12 rolls",Vinda,Household / Pet food and care,Paper,Bathroom tissues / Toilet tissues / Toilet rolls / Toilet paper
P000002028,"Golden Deluxe (1740g, VC4420) 4-ply Bathroom Tissue 12 rolls",Vinda,Household / Pet food and care,Paper,Bathroom tissues / Toilet tissues / Toilet rolls / Toilet paper
P000003136,"Golden 4-ply (1740g, VC4439) Bathroom Tissue 12 rolls",Vinda,Household / Pet food and care,Paper,Bathroom tissues / Toilet tissues / Toilet rolls / Toilet paper
P000001118,"Classic Blue Premium (1800g, VC4475) 3-ply Bathroom Tissue 10 rolls",Vinda,Household / Pet food and care,Paper,Bathroom tissues / Toilet tissues / Toilet rolls / Toilet paper
P000003026,4D Deluxe Deco Embossed (VC4610) 4-ply Bathroom Tissue 10 rolls,Vinda,Household / Pet food and care,Paper,Bathroom tissues / Toilet tissues / Toilet rolls / Toilet paper
P000003133,Neutral 3-ply Bathroom Tissue 10 rolls,Tempo,Household / Pet food and care,Paper,Bathroom tissues / Toilet tissues / Toilet rolls / Toilet paper
P000002020,Applewood 3-ply Bathroom Tissue 10 rolls,Tempo,Household / Pet food and care,Paper,Bathroom tissues / Toilet tissues / Toilet rolls / Toilet paper
P000000247,Petit Pocket Tissue - Neutral 18 packs,Tempo,Household / Pet food and care,Paper,Pocket size facial tissues
P000003295,Facial Box Tissue - Applewood 4 boxes,Tempo,Household / Pet food and care,Paper,Boxed facial tissues
P000004068,Classic Box Tissue 5 BX,Meadows Home,Household / Pet food and care,Paper,Boxed facial tissues
P000004503,CHARACTER BOX TISSUE 5 BX,MEADOWS HOME,Household / Pet food and care,Paper,Boxed facial tissues
P000000007,Facial Box Tissue (4+1) 5 boxes,Kleenex,Household / Pet food and care,Paper,Boxed facial tissues
P000002319,"Green Tea Mood (120 sheets x 2 ply, HKH120) Boxed Facial Tissue 5 boxes",Hearttex,Household / Pet food and care,Paper,Boxed facial tissues
P000001775,Wetmop with Handle (Blue),Vileda,Household / Pet food and care,Household cleaning,Mops
P000000920,Facial Box Tissue - Neutral 4 boxes,Tempo,Household / Pet food and care,Paper,Boxed facial tissues
P000001774,Wetmop Refill (Blue),Vileda,Household / Pet food and care,Household cleaning,Mops
P000003296,Petit Pocket Tissue - Applewood 18 packs,Tempo,Household / Pet food and care,Paper,Pocket size facial tissues
P000004504,CHARACTER POCKET TISSUE 12 PC,MEADOWS HOME,Household / Pet food and care,Paper,Pocket size facial tissues
P000002300,"Ultra Strong (100 sheets x 3 ply, L-width:189mm, VC2225) Softpack Tissue 4 packs",Vinda,Household / Pet food and care,Paper,Soft pack facial tissues
P000003860,Softpack Tissue (Freesia) 4 PK,Meadows Home,Household / Pet food and care,Paper,Soft pack facial tissues
P000003858,Soft PK Tissue(s),Meadows Home,Household / Pet food and care,Paper,Soft pack facial tissues
P000002301,"Green Tea Mood (150 sheets x 2 ply, HKDT3150) Softpack Facial Tissue 5 packs",Hearttex,Household / Pet food and care,Paper,Soft pack facial tissues
P000002320,Slim Pack Design (150 sheets x 2 ply) Facial Tissue 5 packs,Dear Soft,Household / Pet food and care,Paper,Soft pack facial tissues
P000000954,Super Soft (red-violet packaging) Box Tissue 5 boxes,Virjoy,Household / Pet food and care,Paper,Boxed facial tissues
P000001697,Jumbo 200 Box Tissue 5 boxes,Virjoy,Household / Pet food and care,Paper,Boxed facial tissues
P000000068,Dishwashing Detergent (Vitamin E Added Skin Moisturizing - with Lemon) 1.3kg,Axe,Household / Pet food and care,Household cleaning,Dishwashing liquid
P000000978,Ultra Fabric Softener - Floral 1L,Softlan,Household / Pet food and care,Laundry needs,Softeners
P000000831,Dishwashing Detergent (Vitamin E Added Skin Moisturizing - with Lemon) Refill 1.3kg,Axe,Household / Pet food and care,Household cleaning,Dishwashing liquid
P000000743,Fabric Softener Economy Pack - Classic 2L,Softlan,Household / Pet food and care,Laundry needs,Softeners
P000001151,Anti-Bacterial Fabric Softener - Refill 2L,Softlan,Household / Pet food and care,Laundry needs,Softeners
P000004513,CON AB SOFTENER (LAVENDER) 1 LT,MEADOWS HOME,Household / Pet food and care,Laundry needs,Softeners
P000000257,Fabric Softener Economy Pack - Floral 2L,Comfort,Household / Pet food and care,Laundry needs,Softeners
P000000742,Ultra Fabric Softener - Anti-Bacterial Deo Fresh 1L,Softlan,Household / Pet food and care,Laundry needs,Softeners
P000003098,Dish Liquid - Lemon 1L,Ecostore,Household / Pet food and care,Household cleaning,Dishwashing liquid
P000000821,Dishwashing Liquid - Lemon 1L,Kao Wonderful,Household / Pet food and care,Household cleaning,Dishwashing liquid
P000001246,The Super Concentrate Dish Washing Detergent (Clear Bottle) 500mL,Swipe,Household / Pet food and care,Household cleaning,Dishwashing liquid
P000003096,Natural-Formula Disinfectant Washing Detergent 1L,Swashes,Household / Pet food and care,Household cleaning,Dishwashing liquid
P000001199,Dishwashing Detergent 1L,Magiclean,Household / Pet food and care,Household cleaning,Dishwashing liquid
P000004495,DISHWASH DETERGENT LIME 1.3 LT,MEADOWS HOME,Household / Pet food and care,Household cleaning,Dishwashing liquid
P000004494,DISHWASH DETERGENT LEMON 1.3 LT,MEADOWS HOME,Household / Pet food and care,Household cleaning,Dishwashing liquid
P000004511,CONCENTRATED DISHWASHING LIME DETERGENT 500 ML,MEADOWS HOME,Household / Pet food and care,Household cleaning,Dishwashing liquid
P000004508,CONCENTRATED DISHWASHING LEMON DETERGENT 500 ML,MEADOWS HOME,Household / Pet food and care,Household cleaning,Dishwashing liquid
P000003109,Dishwashing Liquid 2kg,Liby,Household / Pet food and care,Household cleaning,Dishwashing liquid
P000003099,Lemon Liquid Detergent 2L,Labour,Household / Pet food and care,Household cleaning,Dishwashing liquid
P000000704,Fabric Softener Economy Pack - Classic 2L,Comfort,Household / Pet food and care,Laundry needs,Softeners
P000001152,Anti-Bacterial Liquid Detergent (Floral) Refill 1.8L,Lion Top,Household / Pet food and care,Laundry needs,Liquid laundry detergents
P000001410,Concentrated Liquid Detergent - with Softener 2L,Kao Attack,Household / Pet food and care,Laundry needs,Liquid laundry detergents
P000002019,Concentrated Liquid Detergent - Deodorant Plus 2.4kg,Kao Attack,Household / Pet food and care,Laundry needs,Liquid laundry detergents
P000000741,Concentrated Liquid Detergent - Anti-Bacterial 3L,Kao Attack,Household / Pet food and care,Laundry needs,Liquid laundry detergents
P000000098,Anti-Bacterial Liquid Detergent (Floral) 2L,Lion Top,Household / Pet food and care,Laundry needs,Liquid laundry detergents
P000003245,Fabric Softener Concentrate Essence - Classic 880mL,Comfort,Household / Pet food and care,Laundry needs,Softeners
P000000113,Pre-Washstain 500mL,Vanish,Household / Pet food and care,Laundry needs,Stain Removers
P000001436,Vigor for Baby Liquid Detergent 1L,Vigor,Household / Pet food and care,Laundry needs,Liquid laundry detergents
P000001434,Clean'N Soft Hand Wash Detergent 1L,Vigor,Household / Pet food and care,Laundry needs,Liquid laundry detergents
P000004509,LAUNDRY SANITIZER-PINE 1.2 LT,MEADOWS HOME,Household / Pet food and care,Laundry needs,Liquid laundry detergents
P000004510,LAUNDRY SANITIZER LEMON 1.2 LT,MEADOWS HOME,Household / Pet food and care,Laundry needs,Liquid laundry detergents
P000004499,CON LAU LIQUID W/SOFTENER 3 LT,MEADOWS HOME,Household / Pet food and care,Laundry needs,Liquid laundry detergents
P000004491,CON ANTI-BAC LAUN LIQUID 3 LT,MEADOWS HOME,Household / Pet food and care,Laundry needs,Liquid laundry detergents
P000004505,CON AB SOFTENER-BABY KISS 1 LT,MEADOWS HOME,Household / Pet food and care,Laundry needs,Liquid laundry detergents
P000001893,Toilet Cleaner (Ocean) 650mL,Magiclean,Household / Pet food and care,Household cleaning,Toilet cleaners
P000001390,Bathroom Cleaner (Lemon) Trigger 500mL,Magiclean,Household / Pet food and care,Household cleaning,Bathroom cleaners
P000001389,Bathroom Cleaner (Lemon) Refill 500mL,Magiclean,Household / Pet food and care,Household cleaning,Bathroom cleaners
P000004528,BATHROOM BLEASH CLEANER 400 ML,MEADOWS HOME,Household / Pet food and care,Household cleaning,Bathroom cleaners
P000002424,Heavy Duty Glass Cleaner - Trigger 500g,Mr Muscle,Household / Pet food and care,Household cleaning,Glass cleaners
P000004514,BATHROOM CLEANER LEMON 500 ML,MEADOWS HOME,Household / Pet food and care,Household cleaning,Bathroom cleaners
P000003731,Mold Removal Bleaching Foam - Trigger 400mL,Magiclean,Household / Pet food and care,Household cleaning,Bathroom cleaners
P000002426,Bathroom Cleaner - Trigger 500g,Mr Muscle,Household / Pet food and care,Household cleaning,Bathroom cleaners
P000001914,Toilet Bleach (Regular) 500mL,Magiclean,Household / Pet food and care,Household cleaning,Toilet cleaners
P000003736,Active Cleaning Gel (Pine) 750mL,Harpic,Household / Pet food and care,Household cleaning,Toilet cleaners
P000003290,Toilet Bowl Cleaner with Bleach 709mL,Clorox,Household / Pet food and care,Household cleaning,Toilet cleaners
P000003734,Toilet Bowl Cleaner with Bleach (Lemon) 500mL,Clorox,Household / Pet food and care,Household cleaning,Toilet cleaners
P000003243,Kitchen Cleaner (Heavy Duty) - Trigger 500g,Mr Muscle,Household / Pet food and care,Household cleaning,Kitchen cleaners
P000003244,Kitchen Cleaner (Lime) Trigger 500mL,Magiclean,Household / Pet food and care,Household cleaning,Kitchen cleaners
P000004512,KITCHEN CLEANER LIME 500 ML,MEADOWS HOME,Household / Pet food and care,Household cleaning,Kitchen cleaners
P000001470,Glass Cleaner - Trigger 500mL,Magiclean,Household / Pet food and care,Household cleaning,Glass cleaners
P000000240,Cream Cleanser - Lemon Fresh 500mL,Cif,Household / Pet food and care,Household cleaning,General cleaners
P000003097,Superconcentrated Dishwash Detergent (Lime) 500mL,Ultra Axion,Household / Pet food and care,Household cleaning,Dishwashing liquid
P000001915,Superconcentrated Dishwash Detergent (Lemon) 500mL,Ultra Axion,Household / Pet food and care,Household cleaning,Dishwashing liquid
P000000897,The Super Concentrate Dish Washing Detergent 1L,Swipe,Household / Pet food and care,Household cleaning,Dishwashing liquid
P000001818,The Super Concentrate Dish Washing Detergent (with Pump) 1L,Swipe,Household / Pet food and care,Household cleaning,Dishwashing liquid
P000001247,The Super Concentrate Dish Washing Detergent (Clear Bottle) 1L,Swipe,Household / Pet food and care,Household cleaning,Dishwashing liquid
P000003289,Clean-up Cleaner (Original) 946mL,Clorox,Household / Pet food and care,Household cleaning,General cleaners
P000001471,Glass Cleaner - Refill 500mL,Magiclean,Household / Pet food and care,Household cleaning,Glass cleaners
P000004517,GLASS CLEANER 500 ML,MEADOWS HOME,Household / Pet food and care,Household cleaning,Glass cleaners
P000001532,Super Concentrate Multi-Purpose Cleaner - Original 1L,Swipe,Household / Pet food and care,Household cleaning,General cleaners
P000000139,Super Concentrate Multi-Purpose Cleaner - Lemon 1L,Swipe,Household / Pet food and care,Household cleaning,General cleaners
P000004520,MULTIPURPOSE CLEANER 1 LT,MEADOWS HOME,Household / Pet food and care,Household cleaning,General cleaners
P000004521,M/PURPOSE CREAM CLEANER LEMON 500 ML,MEADOWS HOME,Household / Pet food and care,Household cleaning,General cleaners
P000004525,M/PURPOSE CREAM CLEANER FRESH 500 ML,MEADOWS HOME,Household / Pet food and care,Household cleaning,General cleaners
P000004516,FLOOR CLEANER (LAVENDER) 2 LT,MEADOWS HOME,Household / Pet food and care,Household cleaning,General cleaners
P000004518,FLOOR CLEANER (APPLE) 2 LT,MEADOWS HOME,Household / Pet food and care,Household cleaning,General cleaners
P000001411,Concentrated Liquid Detergent - Anti-Bacterial 2L,Kao Attack,Household / Pet food and care,Laundry needs,Liquid laundry detergents
P000000881,Super Long (red-violet packaging) 3-ply Toilet Tissue 10/12 rolls,Virjoy,Household / Pet food and care,Paper,Bathroom tissues / Toilet tissues / Toilet rolls / Toilet paper
P000001180,Beer - King Can 500mL x 4,Blue Ice,Beer / Wines / Spirits,Beer,Canned
P000000142,Beer - Can 330mL x 12,Blue Ice,Beer / Wines / Spirits,Beer,Canned
P000001188,Beer - Can 500mL x 4,Blue Girl,Beer / Wines / Spirits,Beer,Canned
P000000275,Beer - Can 330mL x 6,Blue Girl,Beer / Wines / Spirits,Beer,Canned
P000001337,Beer - Can 330mL x 12,Blue Girl,Beer / Wines / Spirits,Beer,Canned
P000000271,Beer - Can 330mL x 12,Budweiser,Beer / Wines / Spirits,Beer,Canned
P000001298,Lager Beer - Can 500mL x 4,Heineken,Beer / Wines / Spirits,Beer,Canned
P000000260,Lager Beer - Can 330mL x 12,Heineken,Beer / Wines / Spirits,Beer,Canned
P000001661,Foreign Extra Stout - Can 330mL x 4,Guinness,Beer / Wines / Spirits,Beer,Canned
P000001189,Beer - Can 500mL x 4,Carlsberg,Beer / Wines / Spirits,Beer,Canned
P000000263,Beer - Can 330mL x 12,Carlsberg,Beer / Wines / Spirits,Beer,Canned
P000001284,Beer - Can 500mL x 4,Budweiser,Beer / Wines / Spirits,Beer,Canned
P000002181,Super Dry Beer - Can 500mL x 4,Asahi,Beer / Wines / Spirits,Beer,Canned
P000002180,Super Dry Beer - Can 330mL x 12,Asahi,Beer / Wines / Spirits,Beer,Canned
P000003556,Canned Cat Food - Torisami & Crab Stick 85g,CIAO,Household / Pet food and care,Pet food,Canned Cat Foods / Wet Cat Foods
P000002700,Dry Cat Food (Adult) - Ocean Fish 1.2kg,Whiskas,Household / Pet food and care,Pet food,Dry Cat Foods
P000002701,Dry Cat Food - Seafood Sensations 1.1kg,Purina Friskies,Household / Pet food and care,Pet food,Dry Cat Foods
P000003246,Canned Dog Food - with Chicken 700g,Pedigree,Household / Pet food and care,Pet food,Canned Dog Foods
P000003490,Canned Dog Food - with Beef 700g,Pedigree,Household / Pet food and care,Pet food,Canned Dog Foods
P000002889,Strong Clumping Cat Litter 9L,Catsan,Household / Pet food and care,Pet care,Cat Litter
P000003555,Cat Food - Mackerel and Salmon Flavour 80g,Whiskas,Household / Pet food and care,Pet food,Canned Cat Foods / Wet Cat Foods
P000003554,Fine Food for Cats - Tuna and Bream Flavor 70g,Sheba,Household / Pet food and care,Pet food,Canned Cat Foods / Wet Cat Foods
P000003553,Canned Cat Food - Tuna and Salmon in Gravy 85g,Sheba,Household / Pet food and care,Pet food,Canned Cat Foods / Wet Cat Foods
P000003193,Canned Cat Food - Tuna Fillet in Jelly 85g,Sheba,Household / Pet food and care,Pet food,Canned Cat Foods / Wet Cat Foods
P000002361,Canned Cat Food - Gensen Tuna 85g,Purina Mon Petit Gold,Household / Pet food and care,Pet food,Canned Cat Foods / Wet Cat Foods
P000003131,Grilled Tuna with Cheddar Cheese 85g,Purina Mon Petit,Household / Pet food and care,Pet food,Canned Cat Foods / Wet Cat Foods
P000002359,Canned Dog Food - with Beef 400g,Pedigree,Household / Pet food and care,Pet food,Canned Dog Foods
P000002192,Light Beer - Can 500mL x 4,San Mig,Beer / Wines / Spirits,Beer,Canned
P000001606,Yellow Label - Merlot 750mL,Wolf Blass,Beer / Wines / Spirits,Red wines,Australian
P000000701,Shiraz Cabernet 750mL,Rawson's Retreat,Beer / Wines / Spirits,Red wines,Australian
P000001164,Shiraz Cabernet 750mL,Jacob's Creek,Beer / Wines / Spirits,Red wines,Australian
P000002160,Cabernet Shiraz 750mL,Hardys Nottage Hill,Beer / Wines / Spirits,Red wines,Australian
P000001286,Draft - Bottle 640mL,Tsingtao Beer,Beer / Wines / Spirits,Beer,Bottles
P000000172,Bottle 640mL,Tsingtao Beer,Beer / Wines / Spirits,Beer,Bottles
P000000525,Lemon - Can 330mL x 6,Jolly Shandy,Beer / Wines / Spirits,Shandy,Canned
P000000761,Bordeaux 750mL,Mouton Cadet,Beer / Wines / Spirits,Red wines,French
P000003497,Fettuccine Carbonara 260g,Ho e Sik,Noodles / Cooking needs / Processed food (cold),Frozen / Chilled processed food,Congee / Noodles / Spaghetti
P000001861,Sancheng Chiew (A Well-Aged Delicate Liquor) 500mL,Pearl River Bridge,Beer / Wines / Spirits,Rice wines,Chinese
P000000235,Shuang Jin Chiew (A Well-Aged Delicate Liquor) 500mL,Pearl River Bridge,Beer / Wines / Spirits,Rice wines,Chinese
P000002042,Shuang Jin Chiew (A Well-Aged Delicate Liquor) 250mL,Pearl River Bridge,Beer / Wines / Spirits,Rice wines,Chinese
P000000833,Aged Shao Hsing Hua Tiao Chiew 640mL,Pagoda Brand,Beer / Wines / Spirits,Shaoxing wines,Chinese
P000001603,California White 750mL,Carlo Rossi,Beer / Wines / Spirits,White wines,American (US)
P000000702,Chardonnay 750mL,Jacob's Creek,Beer / Wines / Spirits,White wines,Australian
P000001363,California Red 1.5L,Carlo Rossi,Beer / Wines / Spirits,Red wines,American (US)
P000002182,Beer - Bottle 330mL x 6,Stella Artois,Beer / Wines / Spirits,Beer,Bottles
P000000269,Pale Pilsen Beer - Bottle 640mL,San Miguel,Beer / Wines / Spirits,Beer,Bottles
P000000278,Can 330mL x 6,Tsingtao Beer,Beer / Wines / Spirits,Beer,Canned
P000002185,Beer - Can 500mL x 4,Stella Artois,Beer / Wines / Spirits,Beer,Canned
P000002175,Can 500mL x 4,Skol Beer,Beer / Wines / Spirits,Beer,Canned
P000001183,Can 330mL x 12,Skol Beer,Beer / Wines / Spirits,Beer,Canned
P000000270,Pale Pilsen Beer - King Can 500mL x 4,San Miguel,Beer / Wines / Spirits,Beer,Canned
P000000277,Can 330mL x 12,Tsingtao Beer,Beer / Wines / Spirits,Beer,Canned
P000000106,Pale Pilsen Beer - Can 330mL x 12,San Miguel,Beer / Wines / Spirits,Beer,Canned
P000001296,Can 500mL,Tsingtao Beer,Beer / Wines / Spirits,Beer,Canned
P000002183,Pale Pilsen Beer - Bottle (Imported - Philippines) 320mL,San Miguel,Beer / Wines / Spirits,Beer,Bottles
P000000151,Beer - Bottle 600mL,Kingway,Beer / Wines / Spirits,Beer,Bottles
P000001288,Foreign Extra Stout - Bottle 650mL,Guinness,Beer / Wines / Spirits,Beer,Bottles
P000001271,Beer - Bottle 355mL x 6,Corona Extra,Beer / Wines / Spirits,Beer,Bottles
P000000143,Beer - Bottle 640mL,Blue Girl,Beer / Wines / Spirits,Beer,Bottles
P000000274,Beer - Bottle 330mL,Blue Girl,Beer / Wines / Spirits,Beer,Bottles
P000000699,Draft - Can 500mL x 4,Tsingtao Beer,Beer / Wines / Spirits,Beer,Canned
P000001116,Jumbo 200 (Y215V2JWG) 3-ply Toilet Tissue 10/12 rolls,Virjoy,Household / Pet food and care,Paper,Bathroom tissues / Toilet tissues / Toilet rolls / Toilet paper
P000001185,Double Lock Bag (Gallon) 40pcs,Glad,Household / Pet food and care,Wraps / Food bags / Foil,Storage bags
P000004496,MICROWAVE CLING WRAP 100 FT,MEADOWS HOME,Household / Pet food and care,Wraps / Food bags / Foil,Cling wraps
P000001184,Double Lock Bag (Quart) 50pcs,Glad,Household / Pet food and care,Wraps / Food bags / Foil,Storage bags
P000001153,Microwave Wrap 100ft,Glad,Household / Pet food and care,Wraps / Food bags / Foil,Cling wraps
P000004466,CLING WRAP 300FT 300 FT,MEADOWS HOME,Household / Pet food and care,Wraps / Food bags / Foil,Cling wraps
P000001172,Double Lock Bag (Sandwich) 100pcs,Glad,Household / Pet food and care,Wraps / Food bags / Foil,Storage bags
P000001381,Aluminum Foil 75 sq ft,Glad,Household / Pet food and care,Wraps / Food bags / Foil,Aluminium foil
P000000974,Aluminum Foil 75 sq ft (6.96 sq m),Diamond,Household / Pet food and care,Wraps / Food bags / Foil,Aluminium foil
P000001157,Storage Bags (Gallon) 20pcs,Ziploc,Household / Pet food and care,Wraps / Food bags / Foil,Storage bags
P000001158,Storage Bags (Quart) 25pcs,Ziploc,Household / Pet food and care,Wraps / Food bags / Foil,Storage bags
P000000926,Sandwich Storage Bags 50pcs,Ziploc,Household / Pet food and care,Wraps / Food bags / Foil,Storage bags
P000004458,EMBOSSED FOOD BAG-SMALL 100 PC,MEADOWS HOME,Household / Pet food and care,Wraps / Food bags / Foil,Storage bags
P000004457,EMBOSSED FOOD BAG-LARGE 100 PC,MEADOWS HOME,Household / Pet food and care,Wraps / Food bags / Foil,Storage bags
P000003278,Zip Slide Bag (Gallon) 10pcs,Glad,Household / Pet food and care,Wraps / Food bags / Foil,Storage bags
P000001639,Cling Wrap 300ft,Glad,Household / Pet food and care,Wraps / Food bags / Foil,Cling wraps
P000000919,Towels 9 inch 4 rolls,Scott,Household / Pet food and care,Paper,Kitchen paper towels
P000000925,Towels 9 inch 2 rolls,Scott,Household / Pet food and care,Paper,Kitchen paper towels
P000003861,Kitchen Towel 6 RL,Meadows Home,Household / Pet food and care,Paper,Kitchen paper towels
P000003862,Kitchen Towel 4 RL,Meadows Home,Household / Pet food and care,Paper,Kitchen paper towels
P000002316,"Towels (Designer Prints, 9 inch) 6 rolls",Kleenex Viva,Household / Pet food and care,Paper,Kitchen paper towels
P000002317,"Towels (Designer Prints, 9 inch) 4 rolls",Kleenex Viva,Household / Pet food and care,Paper,Kitchen paper towels
P000003223,Softpack Kitchen Towel (Plain White) 70pcs x 3 packs,Hearttex,Household / Pet food and care,Paper,Kitchen paper towels
P000004467,ALUMINUM FOIL 75FT 75 FT,MEADOWS HOME,Household / Pet food and care,Wraps / Food bags / Foil,Aluminium foil
P000003222,Z-fold Kitchen Towel (VC2394) 80pcs x 3 packs,Vinda,Household / Pet food and care,Paper,Kitchen paper towels
P000000915,Cling Wrap 200ft,Glad,Household / Pet food and care,Wraps / Food bags / Foil,Cling wraps
P000003280,Food Wrapping Film (Microwaveable) 65.6ft,Asahi Kasei,Household / Pet food and care,Wraps / Food bags / Foil,Cling wraps
P000003515,Anti-Bacterial Surface Cleanser 80pcs,Dettol,Household / Pet food and care,Paper,Wet tissues
P000003514,Disinfecting Wipes (Lemon) 35pcs,Clorox,Household / Pet food and care,Paper,Wet tissues
P000001477,M-fold Paper Towel - Super Sturdy 250pcs,Virjoy,Household / Pet food and care,Paper,Hand paper towels
P000001544,Golden Supreme M-fold Paper Hand Towel 250pcs,Vinda,Household / Pet food and care,Paper,Hand paper towels
P000004524,M-Fold Paper Multipurpose 250 sheets,MEADOWS HOME,Household / Pet food and care,Paper,Hand paper towels
P000001480,Kitchen Towel - Super Spongy (Red-violet packaging) 9 inch 4 rolls,Virjoy,Household / Pet food and care,Paper,Kitchen paper towels
P000001466,Kitchen Towel (Blue packaging) (2-ply x 75 sheets) 4 rolls,Vinda,Household / Pet food and care,Paper,Kitchen paper towels
P000003035,Alkaline Batteries AAA (12+2) 14pcs,Duracell,Household / Pet food and care,Batteries,AAA batteries
P000003422,Alkaline Batteries AAA 10pcs,Duracell,Household / Pet food and care,Batteries,AAA batteries
P000003033,Ultra Alkaline Batteries AA (18+2) 20pcs,GP,Household / Pet food and care,Batteries,AA batteries
P000003416,Max Plus Alkaline Batteries AA 8pcs,Energizer,Household / Pet food and care,Batteries,AA batteries
P000003418,Ultra Alkaline Batteries AA (8+2) 10pcs,GP,Household / Pet food and care,Batteries,AA batteries
P000002357,Canned Dog Food - Chicken 100g,Cesar,Household / Pet food and care,Pet food,Canned Dog Foods
P000002358,Canned Dog Food - Beef & Vegetables 100g,Cesar,Household / Pet food and care,Pet food,Canned Dog Foods
P000002173,Dry Dog Food (Adult) - Chicken Flavor 10kg,Pedigree,Household / Pet food and care,Pet food,Dry Dog Foods
P000002145,Dry Dog Food (Adult) - Beef and Vegetables Flavor 1.5kg,Pedigree,Household / Pet food and care,Pet food,Dry Dog Foods
P000003420,Ultra Plus Alkaline Batteries AAA 8pcs,GP,Household / Pet food and care,Batteries,AAA batteries
P000003036,Ultra Alkaline Batteries AAA (18+2) 20pcs,GP,Household / Pet food and care,Batteries,AAA batteries
P000003421,Ultra Alkaline Batteries AAA (8+2) 10pcs,GP,Household / Pet food and care,Batteries,AAA batteries
P000003034,Max Alkaline Batteries AAA (12+2) 14pcs,Energizer,Household / Pet food and care,Batteries,AAA batteries
P000003031,Max Alkaline Batteries AA (8+2) 10pcs,Energizer,Household / Pet food and care,Batteries,AA batteries
P000002901,Roach Baits 6pcs,Baygon,Household / Pet food and care,Insecticides,Insecticides
P000001567,Dehumidifier with Insecticide - Hanging Design for Wardrobe 69.7g,Lion Mizutori Zosan,Household / Pet food and care,Dehumidfiers / Mold prevention,Dehumidifying bags
P000001597,4 in 1 Anti-Moth Dehumidifying Bag 10pcs,Lion Mizutori Zosan,Household / Pet food and care,Dehumidfiers / Mold prevention,Dehumidifying bags
P000001548,D&D Dehumidifying Bags 25g x 5 bags,Hakugen,Household / Pet food and care,Dehumidfiers / Mold prevention,Dehumidifying bags
P000004486,CHARCOAL DEHUMIDIFIER 3 X 720 ML,MEADOWS HOME,Household / Pet food and care,Dehumidfiers / Mold prevention,Dehumidifiers - tank
P000001547,Dehumidifier Refill 750mL,Lion Mizutori Zosan,Household / Pet food and care,Dehumidfiers / Mold prevention,Dehumidifiers - tank
P000001546,Dehumidifier 750mL,Lion Mizutori Zosan,Household / Pet food and care,Dehumidfiers / Mold prevention,Dehumidifiers - tank
P000001427,Dehumidifier 450mL,Lion Mizutori Zosan,Household / Pet food and care,Dehumidfiers / Mold prevention,Dehumidifiers - tank
P000001425,D&D Dehumidifier 500mL x 3,Hakugen,Household / Pet food and care,Dehumidfiers / Mold prevention,Dehumidifiers - tank
P000001426,D&D Dehumidifier 500mL,Hakugen,Household / Pet food and care,Dehumidfiers / Mold prevention,Dehumidifiers - tank
P000002904,Universal Insecticide 500mL,Biokill,Household / Pet food and care,Insecticides,Insecticides
P000003032,Alkaline Batteries AA (8+2) 10pcs,Duracell,Household / Pet food and care,Batteries,AA batteries
P000002409,Genie 11W Compact Fluorescent Lamp (E27 / Cool Daylight) x 2,Philips,Household / Pet food and care,Electrical products,Compact fluorescent lamps / Energy saving lamps
P000002082,Genie 11W Compact Fluorescent Lamp (E14 / Warm White) x 2,Philips,Household / Pet food and care,Electrical products,Compact fluorescent lamps / Energy saving lamps
P000002907,90 Nights Liquid Electronic Mosquito Killer (Refill) 45mL,Speedtox,Household / Pet food and care,Insecticides,Mosquito repellent
P000002905,45 Nights Liquid Electric Mosquito Repeller Refill (Odorless) 32.9mL,Raid,Household / Pet food and care,Insecticides,Mosquito repellent
P000002906,30 Nights Master Liquid Refill 21.9mL,Baygon,Household / Pet food and care,Insecticides,Mosquito repellent
P000002902,One Shot Insect Killing Spray 450mL,Speedtox,Household / Pet food and care,Insecticides,Insecticides
P000002900,Ant & Roach Killer (Low VOC) 500mL,Raid,Household / Pet food and care,Insecticides,Insecticides
P000002903,Roach Bait 9pcs,Combat,Household / Pet food and care,Insecticides,Insecticides
P000002600,Long-Keep Gel (Super Hard) 225g,Mandom,Personal care,Hair care,Hair stylings
P000003517,Anti-bacterial Laundry Liquid 900g,Ariel,Household / Pet food and care,Laundry needs,Liquid laundry detergents
P000002666,Steam Eye Mask (Lavender Sage) 5pcs,Kao MegRhythm,Personal care,Skin care,Facial masks / Eye masks
P000002711,Beauty Puff 180pcs,Leed,Personal care,Skin care,Cleansing cotton
P000002713,Cotton Wool Pads 65pcs,Kleenex,Personal care,Skin care,Cleansing cotton
P000004847,Anti-Stretch Mark Cream 200mL,Sebamed,Personal care,Skin care,Anti-stretch mark products
P000004844,Stretch Marks Oil (Fragrance-free) 105mL,Mustela,Personal care,Skin care,Anti-stretch mark products
P000004846,Stretch Marks Cream 150mL,Mustela,Personal care,Skin care,Anti-stretch mark products
P000003569,Eye + Lip Make Up Remover 150mL,Maybelline,Personal care,Skin care,Makeup removers
P000003570,Gentle Lip and Eye Make-up Remover 125mL,L'Oreal Paris,Personal care,Skin care,Makeup removers
P000002670,Cleansing Cotton (Refill) 46pcs,Kao Biore,Personal care,Skin care,Cleansing cotton
P000002913,Facial Mask HA (Super Moist) 5pcs,Mandom Beauty - Barrier Repair,Personal care,Skin care,Facial masks / Eye masks
P000004897,Deep Hydrating Mask 15 Sheets,Neutrogena,Personal care,Skin care,Facial masks / Eye masks
P000002920,Quattro 4 Titanium Razor - Set (1 handle + 2 blade cartridges),Schick,Personal care,Men's care,Razor kits
P000002919,Quattro 4 Razor - Set (1 handle + 2 blade cartridges),Schick,Personal care,Men's care,Razor kits
P000001473,Hydro 5 Razor - Set (1 handle + 1 blade cartridge),Schick,Personal care,Men's care,Razor kits
P000002647,Hydro 5 Premium Groomer Razor - 4in1 Set (1 handle + 1 blade cartridge + 1 battery),Schick,Personal care,Men's care,Razor kits
P000000735,Fusion 5+1 Razor - Set (1 handle + 2 blade cartridges),Gillette,Personal care,Men's care,Razor kits
P000001734,Exacta 2 for Sensitive Skin - Disposable Razor for Women (2+1) 3pcs,Schick,Personal care,Women's hair removers,Women's disposable razors
P000001768,Venus Spa for Women - Razor Set (1 handle + 1 blade cartridge),Gillette,Personal care,Women's hair removers,Women's razor sets
P000003191,Bombee Honey Mask 10pcs,Papa Recipe,Personal care,Skin care,Facial masks / Eye masks
P000003573,Makeup Remover For Eye & Lip 130mL,Kao Biore,Personal care,Skin care,Makeup removers
P000003012,Lip Pure Lip Balm - Natural 4g,Mentholatum,Personal care,Skin care,Lip balms
P000003297,Basis Sensitiv Lip Balm 4.5g,Lavera,Personal care,Skin care,Lip balms
P000003301,Lip Balm (SPF30) 15g,Ego QV,Personal care,Skin care,Lip balms
P000003011,Beeswax Lip Balm (100% Natural) 4.25g,Burt's Bees,Personal care,Skin care,Lip balms
P000003452,Multi Protect Sun Lotion SPF50 150mL,Sebamed,Personal care,Skin care,Sunscreen products
P000003456,Sunplay Skinaqua UV Super Moisture Gel SPF50+ PA++++ 80g,Mentholatum,Personal care,Skin care,Sunscreen products
P000003455,Perfect UV Sunscreen Mild Milk (For Sensitive Skin) SPF50+ PA++++ 60mL,Anessa,Personal care,Skin care,Sunscreen products
P000001078,Pure Petroleum Jelly - Original 100mL,Vaseline,Personal care,Skin care,Petroleum jelly
P000002093,Pure Petroleum Jelly - Original 50mL,Vaseline,Personal care,Skin care,Petroleum jelly
P000002950,Hydro 5 Premium Razor Blades - Refill Cartridge 4pcs,Schick,Personal care,Men's care,Razor blade refill cartridges
P000001582,LipIce Lipbalm - Lemon 3.5g,Mentholatum,Personal care,Skin care,Lip balms
P000004898,Make-up Removing Micelle Solution 500 mL,Bioderma,Personal care,Skin care,Makeup removers
P000003576,Bio-water Micellar Water 400mL,Bio-Essence,Personal care,Skin care,Makeup removers
P000003572,Eye Makeup Remover (Eye & Lip) 145mL,Bifesta,Personal care,Skin care,Makeup removers
P000003571,Intense Eye Make-up Remover 125mL,Avene,Personal care,Skin care,Makeup removers
P000003014,Intensive Care Lip Essence (Advanced) 10mL,Vaseline,Personal care,Skin care,Lip balms
P000003017,Lip Defense (SPF30) 4.8g,Sebamed,Personal care,Skin care,Lip balms
P000001583,Essential Care Lipbalm 4.8g,Nivea,Personal care,Skin care,Lip balms
P000003298,24h Melt-in Moisture Original Care Caring Lip Balm 4.8g,Nivea,Personal care,Skin care,Lip balms
P000001575,Lipbalm (SPF15) 3.5g,Mentholatum,Personal care,Skin care,Lip balms
P000002990,Anti-perspirant Roll On - Original 40mL,Dove,Personal care,Antiperspirants / Deodorants,Roll on
P000003551,Anti-perspirant Deodorant Spray - Shower Clean 135mL,Rexona Motionsense,Personal care,Antiperspirants / Deodorants,Sprays
P000002882,Anti-perspirant Deodorant Spray - Cotton Dry 48hr 135mL,Rexona Motionsense,Personal care,Antiperspirants / Deodorants,Sprays
P000003552,Romantic Anti-perspirant Roll-on Deodorant 40mL,Enchanteur,Personal care,Antiperspirants / Deodorants,Roll on
P000003549,Deodorant Z - Roll On (Soap) 40mL,Kao Biore,Personal care,Antiperspirants / Deodorants,Roll on
P000003384,Coltalin ND 24 Tablets,Fortune,Personal care,Drugs / Herbs,Pain / Fever / Cold / Flu medicines
P000000941,Coltalin ND 12 Tablets,Fortune,Personal care,Drugs / Herbs,Pain / Fever / Cold / Flu medicines
P000003548,Women - Anti-perspirant Roll On 48hr - Shower Clean 45mL,Rexona Motionsense,Personal care,Antiperspirants / Deodorants,Roll on
P000003546,Black & White Invisible Anti-perspirant (Clear) 50mL,Nivea,Personal care,Antiperspirants / Deodorants,Roll on
P000003028,Anti-perspirant Roll On - Dry Comfort Plus 48h 50mL,Nivea,Personal care,Antiperspirants / Deodorants,Roll on
P000003138,Men's Deodorant Z - Roll On (Citrus) 55mL,Kao Biore,Personal care,Antiperspirants / Deodorants,Roll on
P000003010,Men - Anti-perspirant Spray - Invisible for Black & White 48h 150mL,Nivea,Personal care,Antiperspirants / Deodorants,Sprays
P000001997,Anti-perspirant Spray - Extra Whitening 48h 150mL,Nivea,Personal care,Antiperspirants / Deodorants,Sprays
P000001579,Foamy Shaving Cream - Lemon Lime 210g,Gillette,Personal care,Men's care,Shaving foam / Shaving cream / Shaving gel
P000001103,Xtreme 3 - Disposable Razor (Blue) (2+1) 3pcs,Schick,Personal care,Men's care,razors
P000001771,Exacta 2 Sensitive Skin - Disposable Razor (Green) (2+1) 3pcs,Schick,Personal care,Men's care,razors
P000001772,Exacta 2 Normal Skin - Disposable Razor (Blue) 5pcs,Schick,Personal care,Men's care,razors
P000000973,Quattro 4 Titanium Razor Blades - Refill Cartridge 8pcs,Schick,Personal care,Men's care,Razor blade refill cartridges
P000002918,Quattro 4 Titanium Razor Blades - Refill Cartridge 4pcs,Schick,Personal care,Men's care,Razor blade refill cartridges
P000002917,Quattro 4 Razor Blades - Refill Cartridge 8pcs,Schick,Personal care,Men's care,Razor blade refill cartridges
P000001474,Hydro 5 Razor Blades - Refill Cartridge 4pcs,Schick,Personal care,Men's care,Razor blade refill cartridges
P000003550,Anti-Perspirant Spray - Powder Soft 48h 135mL,Dove,Personal care,Antiperspirants / Deodorants,Sprays
P000002989,Anti-Perspirant Spray - Original 48h 135mL,Dove,Personal care,Antiperspirants / Deodorants,Sprays
P000001577,Shave Guard Shaving Foam (220mL) 210g,Schick,Personal care,Men's care,Shaving foam / Shaving cream / Shaving gel
P000001578,Hydro Sensitive Shave Gel (240mL) 236g,Schick,Personal care,Men's care,Shaving foam / Shaving cream / Shaving gel
P000001580,Foamy Shaving Cream - Menthol 210g,Gillette,Personal care,Men's care,Shaving foam / Shaving cream / Shaving gel
P000001557,Advance 20 Tablets,Panadol,Personal care,Drugs / Herbs,Pain / Fever / Cold / Flu medicines
P000001589,Baby Oil 200mL,Johnson's,Personal care,Skin care,Body oils
P000003255,Glycerin Hand Soap - Nourishing Lavender 355mL,Avalon Organics,Personal care,Bathing lotions / Liquid soap / Soap,Hand washes
P000002769,Liquid Cleanser (For Sensitive Skin) 1L,Sebamed,Personal care,Bathing lotions / Liquid soap / Soap,Body washes / Shower gels
P000003614,Green Apple Fragrance Handwash 650mL,BESTbuy,Personal care,Bathing lotions / Liquid soap / Soap,Hand washes
P000002824,Sugar Cane & Orange Blossom Shower Gel 800mL,o'Naomi,Personal care,Bathing lotions / Liquid soap / Soap,Body washes / Shower gels
P000001595,Moisturising Shower Foam 2L,Opal,Personal care,Bathing lotions / Liquid soap / Soap,Body washes / Shower gels
P000002793,Moisturising Shower Foam 1L,Opal,Personal care,Bathing lotions / Liquid soap / Soap,Body washes / Shower gels
P000002795,Body Wash (Moisturises + Hydrates) 720mL,Pomelo Leaf,Personal care,Bathing lotions / Liquid soap / Soap,Body washes / Shower gels
P000003257,Hand Soap - Seiketsu Kazoku 250mL,Cow Brand,Personal care,Bathing lotions / Liquid soap / Soap,Hand washes
P000001516,Beauty Bar Soap 100g,Dove,Personal care,Bathing lotions / Liquid soap / Soap,Soaps
P000003083,Imperial Leather Bath Soap 115g x 4,Cussons,Personal care,Bathing lotions / Liquid soap / Soap,Soaps
P000003242,Anti-bacterial Handwash - Skincare 500g,Dettol,Personal care,Bathing lotions / Liquid soap / Soap,Hand washes
P000002440,Anti-bacterial Handwash - Original (Pine) 500g,Dettol,Personal care,Bathing lotions / Liquid soap / Soap,Hand washes
P000003258,Anti-Bacterial Hand Wash - Moisturizing Aloe Vera 250mL,Dettol,Personal care,Bathing lotions / Liquid soap / Soap,Hand washes
P000002773,Rainbath Refreshing Shower and Bath Gel 32oz 946mL,Neutrogena,Personal care,Bathing lotions / Liquid soap / Soap,Body washes / Shower gels
P000001507,Beauty Nourishing Body Wash 1000g,Dove,Personal care,Bathing lotions / Liquid soap / Soap,Body washes / Shower gels
P000001508,Beauty Nourishing Body Wash 750g,Dove,Personal care,Bathing lotions / Liquid soap / Soap,Body washes / Shower gels
P000002825,Gentle Skin Cleanser (For All Skin Types) 500mL,Cetaphil,Personal care,Bathing lotions / Liquid soap / Soap,Body washes / Shower gels
P000002790,Bath & Shower Gel (Nourishing Lavender) 355mL,Avalon Organics,Personal care,Bathing lotions / Liquid soap / Soap,Body washes / Shower gels
P000003477,Hair Colorant (Black) 150g,50 Megumi,Personal care,Hair care,Hair colourings
P000002598,Strong Hold Mousse 150mL,VS Sassoon,Personal care,Hair care,Hair stylings
P000002772,Perfumed Shower Gel (Charming) 650mL,Enchanteur,Personal care,Bathing lotions / Liquid soap / Soap,Body washes / Shower gels
P000002805,Baby Bath - Peach 1000mL,Johnson's,Personal care,Bathing lotions / Liquid soap / Soap,Body washes / Shower gels
P000003718,Aloe Vera Shower Gel 490mL,Naturals by Watsons,Personal care,Bathing lotions / Liquid soap / Soap,Body washes / Shower gels
P000002943,Soft Kiss Silk Essence Shower Gel 1L,Lux,Personal care,Bathing lotions / Liquid soap / Soap,Body washes / Shower gels
P000002463,pH5.5 Body Wash 750mL,Johnson's,Personal care,Bathing lotions / Liquid soap / Soap,Body washes / Shower gels
P000001201,pH5.5 (2 in 1) Body Wash with Moisturizers 750mL,Johnson's,Personal care,Bathing lotions / Liquid soap / Soap,Body washes / Shower gels
P000003360,Bath - Milk + Rice 750mL,Johnson's,Personal care,Bathing lotions / Liquid soap / Soap,Body washes / Shower gels
P000003361,Baby Bath 750mL,Johnson's,Personal care,Bathing lotions / Liquid soap / Soap,Body washes / Shower gels
P000002876,PurCellin Oil 60mL,Bio-Oil,Personal care,Skin care,Body oils
P000001523,Soft Kiss Bar Soap 80g x 4,Lux,Personal care,Bathing lotions / Liquid soap / Soap,Soaps
P000002908,Q10 Plus Firming Body Lotion 400mL,Nivea,Personal care,Skin care,Body lotions/creams
P000001653,Creme 60mL,Nivea,Personal care,Skin care,Body lotions/creams
P000001654,Creme 250mL,Nivea,Personal care,Skin care,Body lotions/creams
P000002911,Intensive Moisture Care Moisture Milk 220mL,Kao Curel,Personal care,Skin care,Body lotions/creams
P000003362,Milk + Rice Lotion 500mL,Johnson's,Personal care,Skin care,Body lotions/creams
P000000983,Intensive Body Milk 380mL,Nivea,Personal care,Skin care,Body lotions/creams
P000001860,Total Moisture - Healthy Hand & Nail Nourishing Lotion 450mL,Vaseline,Personal care,Skin care,Body lotions/creams
P000002872,Total Moisture - Aromatherapy Moisturizing Lotion 400mL,Vaseline,Personal care,Skin care,Body lotions/creams
P000002892,Intensive Care - Deep Restore Moisturizing Lotion 400mL,Vaseline,Personal care,Skin care,Body lotions/creams
P000002877,Intensive Care - Advanced Repair Moisturizing Lotion (Unscented) 400mL,Vaseline,Personal care,Skin care,Body lotions/creams
P000002893,Soothing Body Lotion - Oatmeal & Shea Butter 621mL,St. Ives,Personal care,Skin care,Body lotions/creams
P000003632,Daily Moisture Therapy Lotion 200mL,Physiogel Hypoallergenic,Personal care,Skin care,Body lotions/creams
P000002874,Calming Relief A.I. Cream 100mL,Physiogel Hypoallergenic,Personal care,Skin care,Body lotions/creams
P000000947,Moisturising Lotion 200mL,Pears,Personal care,Skin care,Body lotions/creams
P000003633,Atoderm Ultra-nourishing Cream 200mL,Bioderma,Personal care,Skin care,Body lotions/creams
P000002326,Moist Bath Tissue (Refill) 40pcs,Andrex,Personal care,Wet wipes,Wet bath tissues
P000003667,Wet Tissues 80pcs,Topvalu,Personal care,Wet wipes,Disposable wet wipes
P000002314,Hand Sanitizing Moist Wipes (Protect) 10 sheets,Kleenex Protect,Personal care,Hand sanitation,Hand sanitizing moist wipes
P000002318,Hand Sanitizing Moist Wipes (Disney) 10 sheets,Kleenex Protect,Personal care,Hand sanitation,Hand sanitizing moist wipes
P000002310,Anti-Bacterial Wet Wipes 10pcs,Dettol,Personal care,Hand sanitation,Hand sanitizing moist wipes
P000003545,Instant Hand Sanitizer 650mL,Walch,Personal care,Hand sanitation,Hand sanitizers
P000003201,Bio-Renew Royal Jelly Foamy Cleanser 100g,Bio-Essence,Personal care,Skin care,Face cleansing foams / Facial cleansers / Face cleansing gels
P000002485,Instant Hand Sanitizer 50mL,Dettol,Personal care,Hand sanitation,Hand sanitizers
P000002909,Skin Relief Moisturizing Lotion 354mL,Aveeno,Personal care,Skin care,Body lotions/creams
P000002849,Aquaction Long Lasting Hydration Gel 50g,Olay,Personal care,Skin care,Face moisturising creams/gel creams/lotions
P000002853,Aqua Sensation Invigorating Day Cream 50mL,Nivea,Personal care,Skin care,Face moisturising creams/gel creams/lotions
P000002852,Hydro Boost Water Gel 50g,Neutrogena,Personal care,Skin care,Face moisturising creams/gel creams/lotions
P000003203,Daily Moisture Therapy Dermo-Cleanser 150mL,Physiogel,Personal care,Skin care,Face cleansing foams / Facial cleansers / Face cleansing gels
P000002601,Deep Cleansing Line - Milky Fair Cleanser 100g,Olay,Personal care,Skin care,Face cleansing foams / Facial cleansers / Face cleansing gels
P000003206,Facial Wash - Deep Moist 100g,Men's Biore,Personal care,Skin care,Face cleansing foams / Facial cleansers / Face cleansing gels
P000003204,Foaming Wash 150mL,Kao Curel,Personal care,Skin care,Face cleansing foams / Facial cleansers / Face cleansing gels
P000002277,Facial Foam (Mild) 100g,Kao Biore,Personal care,Skin care,Face cleansing foams / Facial cleansers / Face cleansing gels
P000003205,Beauty Moisture Facial Foam (Nutrium Moisture) 130g,Dove,Personal care,Skin care,Face cleansing foams / Facial cleansers / Face cleansing gels
P000004914,Advance 30 Tablets,Panadol,Personal care,Drugs / Herbs,Pain / Fever / Cold / Flu medicines
P000000940,Cold & Flu Extra 8 Tablets,Panadol,Personal care,Drugs / Herbs,Pain / Fever / Cold / Flu medicines
P000001681,Fetherlite Condoms 12pcs,Durex,Personal care,Contraceptives,Condoms
P000001988,Extra Safe Condoms 18pcs,Durex,Personal care,Contraceptives,Condoms
P000001680,Extra Safe Condoms 12pcs,Durex,Personal care,Contraceptives,Condoms
P000003466,Fetherlite Closefit Condoms 10pcs,Durex,Personal care,Contraceptives,Condoms
P000001989,Fetherlite Condoms 18pcs,Durex,Personal care,Contraceptives,Condoms
P000003469,0.01 Hydro Polyurethane Condoms 4pcs,Okamoto,Personal care,Contraceptives,Condoms
P000001834,Pleasuremax Condoms 12pcs,Durex,Personal care,Contraceptives,Condoms
P000001987,Jeans Condoms 12pcs,Durex,Personal care,Contraceptives,Condoms
P000001949,Elite Ultra Thin Extra Lube Condoms 10pcs,Durex,Personal care,Contraceptives,Condoms
P000003715,Heavy Fabric Plaster (Sterile) 20 plasters,Watsons,Personal care,First aid,Tape
P000003714,Comfort Plaster (Sterile) 20 plasters,Watsons,Personal care,First aid,Tape
P000002715,Plastic Tape 20 strips,Elastoplast,Personal care,First aid,Tape
P000002742,Protective Plaster (Clear) 100 strips,Banitore,Personal care,First aid,Tape
P000004872,Triple Strength Omega-3 80pcs,Webber Naturals,Personal care,Health supplements / Dietary supplements,Fish oil / Fish liver oil / Liver oil
P000004875,Platinum DHA 70 60pcs,Meiriki,Personal care,Health supplements / Dietary supplements,Fish oil / Fish liver oil / Liver oil
P000001714,Kanyu (Drop S) 300pcs,Kawai,Personal care,Health supplements / Dietary supplements,Fish oil / Fish liver oil / Liver oil
P000003196,Kanyu (Drop M400) 180pcs,Kawai,Personal care,Health supplements / Dietary supplements,Fish oil / Fish liver oil / Liver oil
P000004874,Wild Salmon & Fish Oil 210pcs,Jamieson,Personal care,Health supplements / Dietary supplements,Fish oil / Fish liver oil / Liver oil
P000001733,Emulsion (Cod Liver Oil) - Original 400mL,GSK Scott's,Personal care,Health supplements / Dietary supplements,Fish oil / Fish liver oil / Liver oil
P000001691,0.02 Hydro Polyurethane (PU) Condoms 10pcs,Okamoto,Personal care,Contraceptives,Condoms
P000003192,Air Max Condoms 10pcs,Durex,Personal care,Contraceptives,Condoms
P000002758,Air Extra Smooth Condoms 15pcs,Durex,Personal care,Contraceptives,Condoms
P000002757,Air Extra Smooth Condoms 10pcs,Durex,Personal care,Contraceptives,Condoms
P000003037,MC-246 Digital Thermometer,Omron,Personal care,Medical equipment,Medical thermometers
P000002668,IRT6520 ThermoScan 7 Infrared Ear Thermometer,Braun,Personal care,Medical equipment,Medical thermometers
P000003475,3-Ply Medical Face Mask (Individual Pack) 30pcs,Watsons,Personal care,Health protection products,Face masks / Surgical masks
P000003476,3D Disposable Medical Mask (Adult) - L size 20pcs,Banitore,Personal care,Health protection products,Face masks / Surgical masks
P000002585,Cooling Gel Sheet (for Children) 6pcs,Kobayashi Netsusama,Personal care,First aid,Cooling gel sheets
P000001732,Emulsion (Cod Liver Oil) - Orange 400mL,GSK Scott's,Personal care,Health supplements / Dietary supplements,Fish oil / Fish liver oil / Liver oil
P000000739,Concentrated Detergent - (5-in-1) 2.25kg,Kao Attack,Household / Pet food and care,Laundry needs,Laundry powder detergents
P000000740,Concentrated Detergent - Bio-lite 2.5kg,Kao Attack,Household / Pet food and care,Laundry needs,Laundry powder detergents
P000002104,Underpad (Large) 8 pcs,Tena,Personal care,Adult diapers / diaper pants,Underpads
P000002103,Lady Pantiliner - Mini 20 pcs,Tena,Personal care,Adult diapers / diaper pants,Underpads
P000002613,Lady Pantiliner - Ultra Mini 26 pcs,Tena,Personal care,Adult diapers / diaper pants,Underpads
P000001433,Concentrated Laundry Detergent 3.5kg,Vigor 33,Household / Pet food and care,Laundry needs,Laundry powder detergents
P000000052,Concentrated Laundry Detergent 2.5kg,Vigor 33,Household / Pet food and care,Laundry needs,Laundry powder detergents
P000001385,Concentrated Laundry Detergent - Refill 2.25kg,Vigor 33,Household / Pet food and care,Laundry needs,Laundry powder detergents
P000000805,Detergent Powder - Superior Clothes Care 5kg,Persil,Household / Pet food and care,Laundry needs,Laundry powder detergents
P000004535,CON.LAUN POWDER COLOUR CARE 2.5 KG,MEADOWS HOME,Household / Pet food and care,Laundry needs,Laundry powder detergents
P000004523,CON LAUN POWDER FLORAL BLISS 2.25 KG,MEADOWS HOME,Household / Pet food and care,Laundry needs,Laundry powder detergents
P000004531,HIGH SUDS LAUNDRY PONDER 1.2 KG,MEADOWS ESSENTIALS,Household / Pet food and care,Laundry needs,Laundry powder detergents
P000000256,Compact Laundry Powder (Refill) 2.25kg,Lion Top,Household / Pet food and care,Laundry needs,Laundry powder detergents
P000000091,Concentrated Laundry Powder - Colour 2.5kg,Kao Attack,Household / Pet food and care,Laundry needs,Laundry powder detergents
P000004923,Adult Pad 35cm 10pcs,Plenitud,Personal care,Adult diapers / diaper pants,Underpads
P000002102,Slip Adult Diapers - Maxi (Large) 9pcs,Tena,Personal care,Adult diapers / diaper pants,Adult Diapers/Diaper Pants
P000004921,Day Pants Disposable Adult Pants (M) 11pcs,Certainty,Personal care,Adult diapers / diaper pants,Adult Diapers/Diaper Pants
P000003467,Xtreme Feel Long Condoms 15pcs,Sagami,Personal care,Contraceptives,Condoms
P000001983,Crown Condoms 10pcs,Okamoto,Personal care,Contraceptives,Condoms
P000001934,0.03 Real Fit Condoms 10pcs,Okamoto,Personal care,Contraceptives,Condoms
P000001935,0.03 Platinum Condoms 10pcs,Okamoto,Personal care,Contraceptives,Condoms
P000001995,0.03 Hyaluronic Acid (HA) Condoms 10pcs,Okamoto,Personal care,Contraceptives,Condoms
P000001689,0.03 Aloe Condoms 10pcs,Okamoto,Personal care,Contraceptives,Condoms
P000004918,Anti-Leak Diapers - Day Use (L to XL) 10pcs,Dr. P,Personal care,Adult diapers / diaper pants,Adult Diapers/Diaper Pants
P000002101,Slip Adult Diapers - Maxi (Medium) 9pcs,Tena,Personal care,Adult diapers / diaper pants,Adult Diapers/Diaper Pants
P000004920,Pants - Discreet (L) 10pcs,Tena,Personal care,Adult diapers / diaper pants,Adult Diapers/Diaper Pants
P000002659,Adult Diapers (L) 18pcs,Refre,Personal care,Adult diapers / diaper pants,Adult Diapers/Diaper Pants
P000002658,Adult Diapers (M) 20pcs,Refre,Personal care,Adult diapers / diaper pants,Adult Diapers/Diaper Pants
P000004919,Adult Pants (L) 8pcs,Plenitud,Personal care,Adult diapers / diaper pants,Adult Diapers/Diaper Pants
P000004922,Pants - Day Use (L to XL) 8pcs,Dr. P,Personal care,Adult diapers / diaper pants,Adult Diapers/Diaper Pants
P000003385,Cold & Flu 10 Tablets,Panadol,Personal care,Drugs / Herbs,Pain / Fever / Cold / Flu medicines
P000003389,Herbal Lime Drink - 6g x 4,Sensa Cools,Personal care,Drugs / Herbs,Other health supplements
P000003390,Herbal Cool 5g x 4,Madame Pearl's,Personal care,Drugs / Herbs,Other health supplements
P000001817,Cooling Fruit Salt - Lemon Flavoured 100g,ENO,Personal care,Drugs / Herbs,Other health supplements
P000002139,Medicated Oil (H) 30ml,Po Sum On,Personal care,Drugs / Herbs,Proprietary Chinese medicines - Medicinal oils
P000002262,Wood Lock Medicated Balm 50mL,Wong To Yick,Personal care,Drugs / Herbs,Proprietary Chinese medicines - Medicinal oils
P000003371,Deep Woods Insect Repellent VII 6oz 177mL,Off!,Personal care,Drugs / Herbs,Insect repellents
P000003377,Insect Repellent Ultra Strength Spray - Picaridin 125mL,Mentholatum,Personal care,Drugs / Herbs,Insect repellents
P000003382,Insect Repellent Ultra Strength Patch - Botanical PMD 12pcs,Mentholatum,Personal care,Drugs / Herbs,Insect repellents
P000003380,Mosquito & Insect Repellent Spray 70mL,Ding Ding,Personal care,Drugs / Herbs,Insect repellents
P000002530,Alcool de Menthe (Peppermint Cure) 1.75oz (50mL),Ricqles,Personal care,Drugs / Herbs,Alcohol of mint / Essential oil of peppermint
P000001202,Medicated Oil 57mL,Kwan Loong,Personal care,Drugs / Herbs,Proprietary Chinese medicines - Medicinal oils
P000001028,Mopiko-S Ointment 18g,Mopiko,Personal care,Drugs / Herbs,Ointments
P000001030,Mopiko Ointment 20g,Mopiko,Personal care,Drugs / Herbs,Ointments
P000001702,EX Chest Congestion Cough Syrup 100mL,Robitussin,Personal care,Drugs / Herbs,Cough medicines
P000003386,Decaugh II 16 Tablets,Fortune,Personal care,Drugs / Herbs,Cough medicines
P000001703,Cough Suspension 120mL,Advance Pharmaceutical (APC),Personal care,Drugs / Herbs,Cough medicines
P000001638,Cold & Flu Hot Remedy (Lemon) 5 Sachets,Panadol,Personal care,Drugs / Herbs,Pain / Fever / Cold / Flu medicines
P000001315,Insect Repellent 2oz 59mL,Off!,Personal care,Drugs / Herbs,Insect repellents
P000001037,White Flower Embrocation No.2 10mL,Hoe Hin,Personal care,Drugs / Herbs,Proprietary Chinese medicines - Medicinal oils
P000002260,Universal Oil 56mL,AXE Brand,Personal care,Drugs / Herbs,Proprietary Chinese medicines - Medicinal oils
P000002261,Coolmate - Caulis Dendrobii Drink (Lime Flavor) 6g x 4 sachets,Nin Jiom,Personal care,Drugs / Herbs,Proprietary Chinese medicines - powder for oral solution
P000001036,Pei Pa Koa 300mL,Nin Jiom,Personal care,Drugs / Herbs,Proprietary Chinese medicines - Oral
P0000015396,Pei Pa Koa (Convenient Pack) 15mL x 10 Pouches,Nin Jiom,Personal care,Drugs / Herbs,Proprietary Chinese medicines - Oral
P000002138,Po Chai Pills (Bottle Form) 10 Bottles,Li Chung Shing Tong,Personal care,Drugs / Herbs,Proprietary Chinese medicines - Oral
P000004877,Odourless Fish Oil 1000 400pcs,Blackmores,Personal care,Health supplements / Dietary supplements,Fish oil / Fish liver oil / Liver oil
P000003066,Essence of Chicken (Original) 70g x 6,Brand's,Personal care,Health supplements / Dietary supplements,Chicken essence
P000004909,Traditional Essence of Chicken 42mL x 14,Lao Xie Zhen,Personal care,Health supplements / Dietary supplements,Chicken essence
P000003261,Lozenges - Chesty Cough 24pcs,Strepsils,Personal care,Health supplements / Dietary supplements,Lozenges
P000003065,Bird's Nest with Rock Sugar 70g x 6,Brand's,Personal care,Health supplements / Dietary supplements,Bird's nest
P000004912,Pure Chicken Essence 16% (Extra Concentrated) 60g x 6,Ma Pak Leung,Personal care,Health supplements / Dietary supplements,Chicken essence
P000004911,Pure Chicken Essence 60mL x 6,Royal Medic,Personal care,Health supplements / Dietary supplements,Chicken essence
P000002949,Calcium Supplement (600mg) 60 Tablets,Caltrate,Personal care,Health supplements / Dietary supplements,Vitamins / Minerals
P000003195,23 Vitamins and Minerals Nutritional Supplement 100 Tablets,Wyeth Materna,Personal care,Health supplements / Dietary supplements,Vitamins / Minerals
P000003198,Triple Action (Vitamin C + Zinc) Kids Chewable 90 Tablets,Redoxon,Personal care,Health supplements / Dietary supplements,Vitamins / Minerals
P000001692,Double Action (Vitamin C + Zinc) Orange Effervescent 10 Tablets,Redoxon,Personal care,Health supplements / Dietary supplements,Vitamins / Minerals
P000002575,+Extra C (From A to Zinc) Chewable Tablets 60 Tablets,Pfizer Centrum Junior,Personal care,Health supplements / Dietary supplements,Vitamins / Minerals
P000003194,Advance 50+ Complete from A to Zinc (Multivitamin Dietary Supplement) 100 Tablets,Pfizer Centrum,Personal care,Health supplements / Dietary supplements,Vitamins / Minerals
P000001663,Advance - Complete from A to Zinc (Multivitamin Dietary Supplement) 100 Tablets,Pfizer Centrum,Personal care,Health supplements / Dietary supplements,Vitamins / Minerals
P000003197,C1000 (Vitamin C + Calcium) Effervescent Tablets - Orange 30pcs,Novartis Calvive,Personal care,Health supplements / Dietary supplements,Vitamins / Minerals
P000002149,C1000 (Vitamin C + Calcium) Effervescent Tablets - Orange 10pcs,Novartis Calvive,Personal care,Health supplements / Dietary supplements,Vitamins / Minerals
P000001726,Antiseptic Lozenges (Soothing) - Honey & Lemon 24pcs,Strepsils,Personal care,Health supplements / Dietary supplements,Lozenges
P000003740,Nasal Decongestant 10mL,Otrivin,Personal care,Drugs / Herbs,Nasal spray
P000003742,Alguard Nose Wash 100mL,Mentholatum,Personal care,Drugs / Herbs,Nasal spray
P000001558,Pain Relief Patch 10pcs,Panadol,Personal care,Drugs / Herbs,Pain relief patches
P000002741,Advance Plaster (Advanced Formula) 10 patches,Hisamitsu Salonpas,Personal care,Drugs / Herbs,Pain relief patches
P000003374,Mosquito Repellent Spray 120mL,Speedtox,Personal care,Drugs / Herbs,Insect repellents
P000003379,Mosquitout Spray 100mL,Pearl's,Personal care,Drugs / Herbs,Insect repellents
P000003373,Insect Repellent 6oz 177mL,Off!,Personal care,Drugs / Herbs,Insect repellents
P000003265,Herbal Sugar Free Tablet - Honey Lemon Flavor 10.4g,Ryukakusan,Personal care,Health supplements / Dietary supplements,Lozenges
P000003232,Swiss Herb Drops Sugar Free - Lemon Mint 40g,Ricola,Personal care,Health supplements / Dietary supplements,Lozenges
P000003266,Herbal Candy - Super Mint 60g,Nin Jiom,Personal care,Health supplements / Dietary supplements,Lozenges
P000003267,Herbal Throat Candy 8pcs 24g,Madame Pearl's,Personal care,Health supplements / Dietary supplements,Lozenges
P000003262,Throat Lozenge 12 pcs 24g,Golden,Personal care,Health supplements / Dietary supplements,Lozenges
P000003264,Lozenges - Sweet Lime Menthol Flavour 25g,Fisherman's,Personal care,Health supplements / Dietary supplements,Lozenges
P000003260,Lozenges - Lemon & Honey 8pcs,Dequasin,Personal care,Health supplements / Dietary supplements,Lozenges
P000003741,Nazal Spray 30mL,Sato,Personal care,Drugs / Herbs,Nasal spray
P000003743,Seawater Spray 100mL,Otrivin,Personal care,Drugs / Herbs,Nasal spray
P000004221,黑朱古力 190 GM,Meadows,Candies / Biscuits / Snacks,Candies / Confectioneries,Chocolates
P000004258,SHAREBAG CHOCOLATE 176 GM,Meadows,Candies / Biscuits / Snacks,Candies / Confectioneries,Chocolates
P000004259,CHOCOLATE PEANUT CRISPY CREPES 90 GM,Meadows,Candies / Biscuits / Snacks,Candies / Confectioneries,Chocolates
P000004231,BLOCK MILK CHOCOLATE HAZELNUT 190 GM,Meadows,Candies / Biscuits / Snacks,Candies / Confectioneries,Chocolates
P000004271,ALMOND BITES 110 GM,Meadows,Candies / Biscuits / Snacks,Candies / Confectioneries,Chocolates
P000004266,CHOCOLATE BANANA CRISPY CREPES 90 GM,Meadows,Candies / Biscuits / Snacks,Candies / Confectioneries,Chocolates
P000001487,(Box) Black Chocolate (26 blocks) 120g,Meiji,Candies / Biscuits / Snacks,Candies / Confectioneries,Chocolates
P000000994,Peanut Chocolate 51g,Snickers,Candies / Biscuits / Snacks,Candies / Confectioneries,Chocolates
P000002553,Dark Whole Hazelnuts Chocolate 100g,Ritter Sport,Candies / Biscuits / Snacks,Candies / Confectioneries,Chocolates
P000000948,Milk Chocolate Wafer Fingers 41.5g,Nestle Kit Kat,Candies / Biscuits / Snacks,Candies / Confectioneries,Chocolates
P000003286,White Chocolate 42g,Morinaga Dars,Candies / Biscuits / Snacks,Candies / Confectioneries,Chocolates
P000002612,Macadamia Nuts Chocolate 64g,Meiji,Candies / Biscuits / Snacks,Candies / Confectioneries,Chocolates
P000002220,Almond Chocolate 79g,Meiji,Candies / Biscuits / Snacks,Candies / Confectioneries,Chocolates
P000002833,(Box) Milk Chocolate (26 blocks) 120g,Meiji,Candies / Biscuits / Snacks,Candies / Confectioneries,Chocolates
P000000179,Milk Chocolate (Box) 90g,Maltesers,Candies / Biscuits / Snacks,Candies / Confectioneries,Chocolates
P000000455,Milk Chocolate With Milk Center 4 Bars 50g,Kinder,Candies / Biscuits / Snacks,Candies / Confectioneries,Chocolates
P000002611,Joy - Crispy Cocoa Specialities on Milky and Cocoa Creams including Surprise Toy for Girls (Tripack) 20g x 3,Kinder,Candies / Biscuits / Snacks,Candies / Confectioneries,Chocolates
P000002606,Joy - Crispy Cocoa Specialities on Milky and Cocoa Creams including Surprise Toy for Girls (Single) 20g,Kinder,Candies / Biscuits / Snacks,Candies / Confectioneries,Chocolates
P000002610,Joy - Crispy Cocoa Specialities on Milky and Cocoa Creams including Surprise Toy for Boys (Tripack) 20g x 3,Kinder,Candies / Biscuits / Snacks,Candies / Confectioneries,Chocolates
P000002605,Joy - Crispy Cocoa Specialities on Milky and Cocoa Creams including Surprise Toy for Boys (Single) 20g,Kinder,Candies / Biscuits / Snacks,Candies / Confectioneries,Chocolates
P000000846,Peanut Chocolate Candies 37g,M&M's,Candies / Biscuits / Snacks,Candies / Confectioneries,Chocolates
P000002604,Peanut Chocolate Candies (15 x 13.5g Fun Size) 175.5g,M&M's,Candies / Biscuits / Snacks,Candies / Confectioneries,Chocolates
P000002267,Almond Chocolate Crisp (paper box) 89g,Lotte,Candies / Biscuits / Snacks,Candies / Confectioneries,Chocolates
P000002554,"Swiss Chocolate - Milk (Crystal Heart Tin, 8pcs) 96g",Lindt Lindor,Candies / Biscuits / Snacks,Candies / Confectioneries,Chocolates
P000003287,Swiss White Chocolate 100g,Lindt,Candies / Biscuits / Snacks,Candies / Confectioneries,Chocolates
P000002081,Swiss Thins - Swiss Milk Chocolate 125g,Lindt,Candies / Biscuits / Snacks,Candies / Confectioneries,Chocolates
P000003282,Swiss Milk Chocolate 100g,Lindt,Candies / Biscuits / Snacks,Candies / Confectioneries,Chocolates
P000000976,Swiss Classic Chocolate - Milk Raisin Nut 100g,Lindt,Candies / Biscuits / Snacks,Candies / Confectioneries,Chocolates
P000002080,Excellence 70% Cocoa Chocolate - Dark Extra Fine 100g,Lindt,Candies / Biscuits / Snacks,Candies / Confectioneries,Chocolates
P000000456,Milk Mini Chocolate - Bag 200g,Toblerone,Candies / Biscuits / Snacks,Candies / Confectioneries,Chocolates
P000001602,Philippines Dried Mangoes 100g,Profood Cebu,Candies / Biscuits / Snacks,Dried fruits,Dried mangoes
P000001825,Philippine Dried Mangoes 100g,Guadalupe,Candies / Biscuits / Snacks,Dried fruits,Dried mangoes
P000003105,Sun Dried Raisins 340g,Del Monte Fruit Snacks,Candies / Biscuits / Snacks,Dried fruits,Raisins
P000000865,Professional Sugar Free Gum - Peppermint 20 pellets 28g,Wrigley's Extra,Candies / Biscuits / Snacks,Candies / Confectioneries,Chewing gums
P000002820,Sugarfree Mints - Lemon Ice 34g,Wrigley's Eclipse,Candies / Biscuits / Snacks,Candies / Confectioneries,Chewing gums
P000000110,Xylitol Sugarfree Gum - Strawberry 20pcs 28g,Wrigley's Extra,Candies / Biscuits / Snacks,Candies / Confectioneries,Chewing gums
P000004232,CALIFORNIA RAISINS 500 GM,Meadows,Candies / Biscuits / Snacks,Dried fruits,Raisins
P000003567,Blue Raisins 200g,Seeberger,Candies / Biscuits / Snacks,Dried fruits,Raisins
P000003352,Cereal Bar - Koko Krunch Chocolate with Wheat Whole Grain (6 bars) 150g,Nestle,Candies / Biscuits / Snacks,Snack bars / Energy bars,Energy bars / Snack bars
P000002230,Crunchy Granola Bars - Oats 'n Honey (12 bars) 253g,Nature Valley,Candies / Biscuits / Snacks,Snack bars / Energy bars,Energy bars / Snack bars
P000002229,Chewy Granola Bars - Trail Mix (Fruit & Nut) (6 bars) 210g,Nature Valley,Candies / Biscuits / Snacks,Snack bars / Energy bars,Energy bars / Snack bars
P000003351,Fruits Fitbar (5 bars) 120g,Fitbar,Candies / Biscuits / Snacks,Snack bars / Energy bars,Energy bars / Snack bars
P000003565,Apricots 200g,Seeberger,Candies / Biscuits / Snacks,Dried fruits,Apricots
P000003107,Pitted Prunes - Bag 200g,Sunsweet,Candies / Biscuits / Snacks,Dried fruits,Dried Prunes
P000003108,Premium Pitted Prunes 10oz 283g,Del Monte Fruit Snacks,Candies / Biscuits / Snacks,Dried fruits,Dried Prunes
P000003106,Raisins 9 Mini Boxes 125g,Sun-Maid Mini-Snacks,Candies / Biscuits / Snacks,Dried fruits,Raisins
P000002819,Chewy Mints - Peppermint Flavour 45g,Wrigley's Eclipse,Candies / Biscuits / Snacks,Candies / Confectioneries,Chewing gums
P000000136,Mint Roll 37.5g,Mentos,Candies / Biscuits / Snacks,Candies / Confectioneries,Candies
P000003064,Mini Gold Bears Gummy 200g,Haribo Goldbaeren,Candies / Biscuits / Snacks,Candies / Confectioneries,Candies
P000000133,Fruit Pastilles - Giant Tube 125g,Frutips,Candies / Biscuits / Snacks,Candies / Confectioneries,Candies
P000000545,Blackcurrant Pastilles 52.5g,Frutips,Candies / Biscuits / Snacks,Candies / Confectioneries,Candies
P000001450,Buttercrunch Toffee with Almonds 340g,Brown & Haley Almond Roca,Candies / Biscuits / Snacks,Candies / Confectioneries,Candies
P000001444,Buttercrunch Toffee with Almonds 140g,Brown & Haley Almond Roca,Candies / Biscuits / Snacks,Candies / Confectioneries,Candies
P000001447,Cookie Bars - Caramel Milk Chocolate 50.7g,Twix,Candies / Biscuits / Snacks,Candies / Confectioneries,Chocolates
P000002938,Fruity Filled Orange and Lemon Candies with Vitamins 50g,Nimm2,Candies / Biscuits / Snacks,Candies / Confectioneries,Candies
P000003311,Menthol & Eucalyptus Chewing Gum (Mega) 54pcs 75.6g,Wrigley's Airwaves,Candies / Biscuits / Snacks,Candies / Confectioneries,Chewing gums
P000000655,Menthol & Eucalyptus Chewing Gum 20pcs 28g,Wrigley's Airwaves,Candies / Biscuits / Snacks,Candies / Confectioneries,Chewing gums
P000003231,Puccho Stick Candy (Cola) 50g,UHA,Candies / Biscuits / Snacks,Candies / Confectioneries,Candies
P000003230,Assorted Fruit Flavour Chews (Bag) 175g,Sugus,Candies / Biscuits / Snacks,Candies / Confectioneries,Candies
P000001330,Original Fruit Candies 45g,Skittles,Candies / Biscuits / Snacks,Candies / Confectioneries,Candies
P000000187,Blackcurrant Pastilles 30pcs 60g,Ribena,Candies / Biscuits / Snacks,Candies / Confectioneries,Candies
P000003354,Fruits Soy Bar - Strawberry 27g,Soyjoy,Candies / Biscuits / Snacks,Snack bars / Energy bars,Soya bars
P000001260,Soya Bean Milk - Low Sugar 250mL x 6,Vitasoy,Dairy / Soy products / Eggs,Soy drinks / Instant Soy Milk,Soy milk
P000002542,Pure Soyabean Extract - Low Sugar 250mL x 6,Vitasoy,Dairy / Soy products / Eggs,Soy drinks / Instant Soy Milk,Soy milk
P000000548,Calci-Plus - Hi-Calcium Soya Oat Healthy Drink - Oat Flavour 250mL x 6,Vitasoy,Dairy / Soy products / Eggs,Soy drinks / Instant Soy Milk,Soy milk
P000000423,Pure Soya Bean Extract - No Sugar Added 1L,Vitasoy,Dairy / Soy products / Eggs,Soy drinks / Instant Soy Milk,Soy milk
P000000688,Soya Bean Milk - Malted - Low Sugar 250mL x 6,Vitasoy,Dairy / Soy products / Eggs,Soy drinks / Instant Soy Milk,Soy milk
P000002371,No Cane Sugar Added Instant Soya Powder 20g x 8,Dai Pai Dong,Dairy / Soy products / Eggs,Soy drinks / Instant Soy Milk,Instant soy milk
P000002372,Instant Rejuvenating Soya Powder 20g x 10,Dai Pai Dong,Dairy / Soy products / Eggs,Soy drinks / Instant Soy Milk,Instant soy milk
P000000426,Soya Bean Milk 250mL x 6,Vitasoy,Dairy / Soy products / Eggs,Soy drinks / Instant Soy Milk,Soy milk
P000000425,Soya Bean Milk 1L,Vitasoy,Dairy / Soy products / Eggs,Soy drinks / Instant Soy Milk,Soy milk
P000000242,Soya Bean Milk - Malted 250mL x 6,Vitasoy,Dairy / Soy products / Eggs,Soy drinks / Instant Soy Milk,Soy milk
P000000127,Soya Bean Milk - Malted 1L,Vitasoy,Dairy / Soy products / Eggs,Soy drinks / Instant Soy Milk,Soy milk
P000000129,Calci-Plus - Hi Calcium Soya Healthy Drink - Original Flavour 250mL x 6,Vitasoy,Dairy / Soy products / Eggs,Soy drinks / Instant Soy Milk,Soy milk
P000001292,Soybean Milk (Original) 408mL,Tai Wo,Dairy / Soy products / Eggs,Soy drinks / Instant Soy Milk,Soy milk
P000000955,Soybean Milk (Low Sugar) 408mL,Tai Wo,Dairy / Soy products / Eggs,Soy drinks / Instant Soy Milk,Soy milk
P000001332,Soya Drink 1L,Marusan,Dairy / Soy products / Eggs,Soy drinks / Instant Soy Milk,Soy milk
P000000108,Soya Milk - Hi Calcium Low Sugar 946mL,Pak Fook,Dairy / Soy products / Eggs,Soy drinks / Instant Soy Milk,Chilled fresh soy milk
P000000923,Soya Milk - Hi Calcium Low Sugar 236mL,Pak Fook,Dairy / Soy products / Eggs,Soy drinks / Instant Soy Milk,Chilled fresh soy milk
P000000686,Soya Milk - Hi Calcium 946mL,Pak Fook,Dairy / Soy products / Eggs,Soy drinks / Instant Soy Milk,Chilled fresh soy milk
P000000922,Soya Milk - Hi Calcium 236mL,Pak Fook,Dairy / Soy products / Eggs,Soy drinks / Instant Soy Milk,Chilled fresh soy milk
P000000214,The Beanier Fresh Soya Milk 946mL,Kowloon Dairy Soya Gold,Dairy / Soy products / Eggs,Soy drinks / Instant Soy Milk,Chilled fresh soy milk
P000003225,Drumstick - Vanilla Flavour Ice Cream Cone 125mL x 4,Nestle,Dairy / Soy products / Eggs,Frozen confections,Ice cream bars / Ice sticks / Ice cream cones
P000001194,Fresh Black Soya Milk - Low Sugar 236mL,Vitasoy San Sui,Dairy / Soy products / Eggs,Soy drinks / Instant Soy Milk,Chilled fresh soy milk
P000001637,Beancurd for Frying 350mL,Pak Fook,Dairy / Soy products / Eggs,Bean curd products,Bean curds
P000000687,Soya Milk - Melon Flavoured 250mL x 6,Hi-C,Dairy / Soy products / Eggs,Soy drinks / Instant Soy Milk,Soy milk
P000003321,Soya Milk - Coconut Flavoured 250mL x 6,Hi-C,Dairy / Soy products / Eggs,Soy drinks / Instant Soy Milk,Soy milk
P000001335,Fresh Soya Milk 946mL,Vitasoy San Sui,Dairy / Soy products / Eggs,Soy drinks / Instant Soy Milk,Chilled fresh soy milk
P000000935,Fresh Soya Milk 236mL,Vitasoy San Sui,Dairy / Soy products / Eggs,Soy drinks / Instant Soy Milk,Chilled fresh soy milk
P000000912,Fresh Soya Milk - Hi-Calcium Low Sugar 946mL,Vitasoy San Sui,Dairy / Soy products / Eggs,Soy drinks / Instant Soy Milk,Chilled fresh soy milk
P000003180,Fresh Soya Milk - Hi-Calcium Low Sugar 236mL,Vitasoy San Sui,Dairy / Soy products / Eggs,Soy drinks / Instant Soy Milk,Chilled fresh soy milk
P000001193,Fresh Black Soya Milk - Low Sugar 946mL,Vitasoy San Sui,Dairy / Soy products / Eggs,Soy drinks / Instant Soy Milk,Chilled fresh soy milk
P000000004,Bueno (T6) 6 bars 129g,Kinder,Candies / Biscuits / Snacks,Candies / Confectioneries,Chocolates
P000002922,Dairy Milk Chocolate - Milk Chocolate 180g,Cadbury,Candies / Biscuits / Snacks,Candies / Confectioneries,Chocolates
P000000030,Dairy Milk Chocolate - Fruit & Nut (Chunky) 50g,Cadbury,Candies / Biscuits / Snacks,Candies / Confectioneries,Chocolates
P000003802,Large Brown Eggs 6 PC,Yu Pin King,Dairy / Soy products / Eggs,Eggs,Chicken eggs
P000003801,Large Brown Eggs 12 PC,Yu Pin King,Dairy / Soy products / Eggs,Eggs,Chicken eggs
P000001009,Picnic Chocolate 46g,Cadbury,Candies / Biscuits / Snacks,Candies / Confectioneries,Chocolates
P000004057,Extra Large Brown Eggs 15 PC,Yu Pin King,Dairy / Soy products / Eggs,Eggs,Chicken eggs
P000004046,White Eggs 10pcs,Shin Kigen Ran,Dairy / Soy products / Eggs,Eggs,Chicken eggs
P000004828,JAPANESE WHITE EGGS 10'S,FUKUINE TEI,Dairy / Soy products / Eggs,Eggs,Chicken eggs
P000004829,JAPANESE PINK EGGS 10'S,FUKUINE TEI,Dairy / Soy products / Eggs,Eggs,Chicken eggs
P000004830,JAPANESE BROWN EGGS 10'S,FUKUINE TEI,Dairy / Soy products / Eggs,Eggs,Chicken eggs
P000001400,Fresh Eggs Grade AA - Extra Large 8pcs 480g,DQY Ecological (Deqingyuan),Dairy / Soy products / Eggs,Eggs,Chicken eggs
P000003487,Free Range Eggs 6pcs,Sunny Queen,Dairy / Soy products / Eggs,Eggs,Chicken eggs
P000000156,Rocher - Crisp Hazelnut and Milk Chocolate-Covered Specialty with a Smooth Filling and Whole Hazelnut - T5 (5pcs) 62.5g,Ferrero,Candies / Biscuits / Snacks,Candies / Confectioneries,Chocolates
P000001451,Bueno (T2) 2 bars 43g,Kinder,Candies / Biscuits / Snacks,Candies / Confectioneries,Chocolates
P000003181,Milk Chocolate (Bag) 146g,Hershey's,Candies / Biscuits / Snacks,Candies / Confectioneries,Chocolates
P000001643,Globe Special Dark Chocolate (65% Cacao) 50g,Hershey's,Candies / Biscuits / Snacks,Candies / Confectioneries,Chocolates
P000002109,Rocher - Crisp Hazelnut and Milk Chocolate-Covered Specialty with a Smooth Filling and Whole Hazelnut - T3x16 (48pcs) 600g,Ferrero,Candies / Biscuits / Snacks,Candies / Confectioneries,Chocolates
P000001003,Rocher - Crisp Hazelnut and Milk Chocolate-Covered Specialty with a Smooth Filling and Whole Hazelnut - T30 (30pcs) Box 375g,Ferrero,Candies / Biscuits / Snacks,Candies / Confectioneries,Chocolates
P000000991,Rocher - Crisp Hazelnut and Milk Chocolate-Covered Specialty with a Smooth Filling and Whole Hazelnut - T24 (24pcs) Diamond Box 300g,Ferrero,Candies / Biscuits / Snacks,Candies / Confectioneries,Chocolates
P000000653,Rocher - Crisp Hazelnut and Milk Chocolate-Covered Specialty with a Smooth Filling and Whole Hazelnut - T16 (16pcs) 200g,Ferrero,Candies / Biscuits / Snacks,Candies / Confectioneries,Chocolates
P000001871,Rocher - Crisp Hazelnut and Milk Chocolate-Covered Specialty with a Smooth Filling and Whole Hazelnut - T8 (8pcs) Heart Shaped Box 100g,Ferrero,Candies / Biscuits / Snacks,Candies / Confectioneries,Chocolates
P000001442,Fresh Eggs Grade AA - Large 8pcs 424g,DQY Ecological (Deqingyuan),Dairy / Soy products / Eggs,Eggs,Chicken eggs
P000001195,Silken Tofu 350g,Vitasoy San Sui,Dairy / Soy products / Eggs,Bean curd products,Bean curds
P000001196,Pan Fried Tofu 350g,Vitasoy San Sui,Dairy / Soy products / Eggs,Bean curd products,Bean curds
P000003124,Organic Soybean Hard Tofu 300g,Vitasoy San Sui,Dairy / Soy products / Eggs,Bean curd products,Bean curds
P000000930,Hard Beancurd 340g,Pak Fook,Dairy / Soy products / Eggs,Bean curd products,Bean curds
P000000929,Beancurd for Steaming 350mL,Pak Fook,Dairy / Soy products / Eggs,Bean curd products,Bean curds
P000003518,Beancurd Dessert 229mL,Pak Fook,Dairy / Soy products / Eggs,Bean curd products,Bean curd desserts
P000001648,Beancurd for Steaming - Twin Pack 228mL x 2,Pak Fook,Dairy / Soy products / Eggs,Bean curd products,Bean curds
P000002519,Japan Sakura Eggs 10pcs,Cheer,Dairy / Soy products / Eggs,Eggs,Chicken eggs
P000004917,Thai Fresh Eggs - (XL) 10pcs,CP,Dairy / Soy products / Eggs,Eggs,Chicken eggs
P000004916,Thai Fresh Eggs - (L) 10pcs,CP,Dairy / Soy products / Eggs,Eggs,Chicken eggs
P000001197,Ginger and Yellow Sugar Tofu Dessert 220g,Vitasoy San Sui,Dairy / Soy products / Eggs,Bean curd products,Bean curd desserts
P000000951,Tofu Dessert 350g,Vitasoy San Sui,Dairy / Soy products / Eggs,Bean curd products,Bean curd desserts
P000001718,Tofu Dessert 220g,Vitasoy San Sui,Dairy / Soy products / Eggs,Bean curd products,Bean curd desserts
P000001206,Ginger Beancurd Dessert 229mL,Pak Fook,Dairy / Soy products / Eggs,Bean curd products,Bean curd desserts
P000000107,Almond Beancurd Dessert 229mL,Pak Fook,Dairy / Soy products / Eggs,Bean curd products,Bean curd desserts
P000000291,Potato Chips - Barbecue Flavored 28.3g,Lay's,Candies / Biscuits / Snacks,Snacks,Potato chips
P000003423,Potato Chips - Sea Salt 5oz 142g,Kettle Brand,Candies / Biscuits / Snacks,Snacks,Potato chips
P000000292,Roller Coaster - Smoked Flavour 65g,Jack'n Jill,Candies / Biscuits / Snacks,Snacks,Potato chips
P000000101,Potato Chips - BBQ Flavour 140g,Jack'n Jill,Candies / Biscuits / Snacks,Snacks,Potato chips
P000003489,Potato Chips - BBQ Flavour 60g,Jack'n Jill,Candies / Biscuits / Snacks,Snacks,Potato chips
P000000294,Potato Chips - Hot 60g,Jack'n Jill,Candies / Biscuits / Snacks,Snacks,Potato chips
P000000080,Potato Chips - Sour Cream & Onion Flavored 28.3g,Lay's,Candies / Biscuits / Snacks,Snacks,Potato chips
P000000290,Potato Chips - Barbecue Flavored 180g,Lay's,Candies / Biscuits / Snacks,Snacks,Potato chips
P000004272,ORIGINAL POTATO CHIPS 25 GM,Meadows,Candies / Biscuits / Snacks,Snacks,Potato chips
P000004247,MALA HOTPOT POTATO CHIPS 60 GM,Meadows,Candies / Biscuits / Snacks,Snacks,Potato chips
P000003911,Hot & Spicy Potato Chips 60 GM,Meadows,Candies / Biscuits / Snacks,Snacks,Potato chips
P000003919,BBQ Potato Chips 60 GM,Meadows,Candies / Biscuits / Snacks,Snacks,Potato chips
P000004274,BARBECUE POTATO CHIPS 25 GM,Meadows,Candies / Biscuits / Snacks,Snacks,Potato chips
P000000289,Potato Chips - Sour Cream & Onion Flavored 180g,Lay's,Candies / Biscuits / Snacks,Snacks,Potato chips
P000003429,Potato Chips - Salt & Vinegar Flavored 180g,Lay's,Candies / Biscuits / Snacks,Snacks,Potato chips
P000000288,Potato Chips - Classic 180g,Lay's,Candies / Biscuits / Snacks,Snacks,Potato chips
P000003254,Potato Chips - BBQ Flavour 35g,Jack'n Jill,Candies / Biscuits / Snacks,Snacks,Potato chips
P000001006,Tomato Flavour Potato Chips 150g,EDO Pack,Candies / Biscuits / Snacks,Snacks,Potato chips
P000003424,Jagabee Purple Potato Sticks (Original) 17g x 5,Calbee,Candies / Biscuits / Snacks,Snacks,Potato chips
P000002939,Jagabee Potato Sticks (Original) 18g x 5,Calbee,Candies / Biscuits / Snacks,Snacks,Potato chips
P000003431,Petit Light Salt Potato Chips 45g,Bourbon,Candies / Biscuits / Snacks,Snacks,Potato chips
P000000073,Korepab Snack - Seaweed Taste 33g,Orion,Candies / Biscuits / Snacks,Biscuits,Others
P000003661,Korepab Snack - Chicken Taste 33g,Orion,Candies / Biscuits / Snacks,Biscuits,Others
P000003653,Marie Biscuit 113g,Morinaga,Candies / Biscuits / Snacks,Biscuits,Others
P000003652,Light Digestive Biscuits 250g,McVitie's,Candies / Biscuits / Snacks,Biscuits,Others
P000004255,POTATO STICKS TRUFFLE 100 GM,Meadows,Candies / Biscuits / Snacks,Snacks,Potato chips
P000003428,Spicy Flavour Potato Chips 150g,EDO Pack,Candies / Biscuits / Snacks,Snacks,Potato chips
P000000283,Potato Chips - Tomoto Flavoured 55g,Calbee,Candies / Biscuits / Snacks,Snacks,Potato chips
P000000284,Potato Chips - Pizza Flavoured 90g,Calbee,Candies / Biscuits / Snacks,Snacks,Potato chips
P000000280,Potato Chips - Original 55g,Calbee,Candies / Biscuits / Snacks,Snacks,Potato chips
P000000282,Potato Chips - Hot & Spicy Ethnicans 105g,Calbee,Candies / Biscuits / Snacks,Snacks,Potato chips
P000000281,Potato Chips - Curry Flavoured 25g,Calbee,Candies / Biscuits / Snacks,Snacks,Potato chips
P000000023,Potato Chips - BBQ Flavoured 105g,Calbee,Candies / Biscuits / Snacks,Snacks,Potato chips
P000000178,Digestive Biscuits 400g,McVitie's,Candies / Biscuits / Snacks,Biscuits,Others
P000000848,Prawn Crackers - Original Flavour 90g,Calbee,Candies / Biscuits / Snacks,Snacks,Crispy crackers
P000003436,Indonesian Shrimp Chips (Original) 80g,Brilliant,Candies / Biscuits / Snacks,Snacks,Crispy crackers
P000000432,Petit Ebi Shrimp Flavoured Rice Crackers 38g,Bourbon,Candies / Biscuits / Snacks,Snacks,Crispy crackers
P000004257,SPICY NACHO TORTILLA 35 GM,Meadows,Candies / Biscuits / Snacks,Snacks,Corn chips / Tortilla chips
P000004250,SPICY NACHO TORTILLA 198 GM,Meadows,Candies / Biscuits / Snacks,Snacks,Corn chips / Tortilla chips
P000001904,Corn (Salt) 68g,Tongari,Candies / Biscuits / Snacks,Snacks,Corn chips / Tortilla chips
P000000040,Crispy Prawn Cracker 36g,Four Seas,Candies / Biscuits / Snacks,Snacks,Crispy crackers
P000004243,CHICKEN MINI RAMEN CUBE 70 GM,Meadows,Candies / Biscuits / Snacks,Snacks,Noodle snacks
P000001377,Snack Noodle - Yakisoba 41g,Baby Star,Candies / Biscuits / Snacks,Snacks,Noodle snacks
P000001941,Snack Noodle - Chicken Flavour 45g,Baby Star,Candies / Biscuits / Snacks,Snacks,Noodle snacks
P000000601,Shelly Senbei 72g,Want Want,Candies / Biscuits / Snacks,Snacks,Crispy crackers
P000001908,Senbei 56g,Want Want,Candies / Biscuits / Snacks,Snacks,Crispy crackers
P000000070,Maipen (Rice Cracker) 72g,Want Want,Candies / Biscuits / Snacks,Snacks,Crispy crackers
P000000195,Seaweed Prawn Cracker 36g,Four Seas,Candies / Biscuits / Snacks,Snacks,Crispy crackers
P000004254,ROASTED CORN TORTILLA 35 GM,Meadows,Candies / Biscuits / Snacks,Snacks,Corn chips / Tortilla chips
P000003913,Nacho Cheese Tortilla 35 GM,Meadows,Candies / Biscuits / Snacks,Snacks,Corn chips / Tortilla chips
P000003425,Flamin' Hot Flavored Potato Chips 184.2g,Ruffles,Candies / Biscuits / Snacks,Snacks,Potato chips
P000003430,Sweet Chilli & Sour Cream Deli Style Potato Chips 165g,Red Rock Deli,Candies / Biscuits / Snacks,Snacks,Potato chips
P000001476,Potato Crisps - Sour Cream & Onion 110g,Pringles,Candies / Biscuits / Snacks,Snacks,Potato chips
P000000031,Potato Crisps - Original 110g,Pringles,Candies / Biscuits / Snacks,Snacks,Potato chips
P000003426,Potato Crisps - Hot & Spicy 110g,Pringles,Candies / Biscuits / Snacks,Snacks,Potato chips
P000003915,Tomato Crinkle Potato Chips 100 GM,Meadows,Candies / Biscuits / Snacks,Snacks,Potato chips
P000004246,TRUFFLE POTATO CHIPS 60 GM,Meadows,Candies / Biscuits / Snacks,Snacks,Potato chips
P000004253,TRUFFLE POTATO CHIPS 25 GM,Meadows,Candies / Biscuits / Snacks,Snacks,Potato chips
P000004239,SOUR CREAM & ONION POTATO CHIP 60 GM,Meadows,Candies / Biscuits / Snacks,Snacks,Potato chips
P000003678,Potato Chips (Original) 60g,Meadows,Candies / Biscuits / Snacks,Snacks,Potato chips
P000000608,Original Potato Chips 180g,Ruffles,Candies / Biscuits / Snacks,Snacks,Potato chips
P000003918,Nacho Cheese Tortilla 198 GM,Meadows,Candies / Biscuits / Snacks,Snacks,Corn chips / Tortilla chips
P000000048,Nacho Cheese Flavored Tortilla Chips 31.8g,Doritos,Candies / Biscuits / Snacks,Snacks,Corn chips / Tortilla chips
P000003433,Nacho Cheese Flavored Tortilla Chips 190g,Doritos,Candies / Biscuits / Snacks,Snacks,Corn chips / Tortilla chips
P000003434,Crunchy Cheese Flavored Snacks 215g,Cheetos,Candies / Biscuits / Snacks,Snacks,Corn chips / Tortilla chips
P000000024,Grill-A-Corn - Barbecue Flavoured 80g,Calbee,Candies / Biscuits / Snacks,Snacks,Corn chips / Tortilla chips
P000000053,Cottage Fries Tomato Ketchup Flavour Chips 100g,Wise,Candies / Biscuits / Snacks,Snacks,Potato chips
P000003432,Cottage Fries Hot & Spicy Flavour Chips 100g,Wise,Candies / Biscuits / Snacks,Snacks,Potato chips
P000003427,Hand Cooked English Crisps - Sweet Chilli & Red Pepper 150g,Tyrrells,Candies / Biscuits / Snacks,Snacks,Potato chips
P000003649,Original Chocolate Biscuits 200g,Arnott's Tim Tam,Candies / Biscuits / Snacks,Biscuits,Sandwich crackers
P000003212,Chocochips Cookie 111g,Morinaga,Candies / Biscuits / Snacks,Biscuits,Cookies
P000001867,Currant Cookies 125g,Kjeldsens,Candies / Biscuits / Snacks,Biscuits,Cookies
P000001887,Oat Cookies with Raisins 27g x 6,Quaker,Candies / Biscuits / Snacks,Biscuits,Cookies
P000000990,Butter Cookies 908g,Kjeldsens,Candies / Biscuits / Snacks,Biscuits,Cookies
P000001868,Butter Cookies 125g,Kjeldsens,Candies / Biscuits / Snacks,Biscuits,Cookies
P000001020,Butter Cookies 681g,Kjeldsens,Candies / Biscuits / Snacks,Biscuits,Cookies
P000003211,Pure Butter Shortbread 150g,Walkers,Candies / Biscuits / Snacks,Biscuits,Cookies
P000000449,Quadratini Napolitaner Bite Size Wafer Cookies 125g,Loacker,Candies / Biscuits / Snacks,Biscuits,Wafers
P000003646,Minis Cremkakao - Crispy Wafers with Cocoa and Chocolate Cream Filling 200g,Loacker,Candies / Biscuits / Snacks,Biscuits,Wafers
P000000652,Cream Wafers - Strawberry Flavour 200g,Garden,Candies / Biscuits / Snacks,Biscuits,Wafers
P000000037,Cream Wafers - Peanut Flavour  200g,Garden,Candies / Biscuits / Snacks,Biscuits,Wafers
P000000793,Cream Wafers - Chocolate Flavour 200g,Garden,Candies / Biscuits / Snacks,Biscuits,Wafers
P000003650,Soybean Milk Wafers 16pcs 112g,Bourbon,Candies / Biscuits / Snacks,Biscuits,Wafers
P000000967,Butter Cookies 90g,Kjeldsens,Candies / Biscuits / Snacks,Biscuits,Cookies
P000001844,Chocolate Chip Cookies (Original) 95g,Chips Ahoy,Candies / Biscuits / Snacks,Biscuits,Cookies
P000000945,Koala's March Biscuit - Chocolate 37g,Lotte,Candies / Biscuits / Snacks,Biscuits,Sandwich crackers
P000003648,Le-mond Puff Sandwich (Lemon Flavoured Cream) 170g,Julie's,Candies / Biscuits / Snacks,Biscuits,Sandwich crackers
P000001807,Sisisic Sandwich Biscuit - Peanut Flavoured (Tray Pack 50g x 8 packs) 400g,Garden,Candies / Biscuits / Snacks,Biscuits,Sandwich crackers
P000001804,Sisisic Sandwich Biscuit - Cheese Flavoured (Tray Pack 47g x 8 packs) 376g,Garden,Candies / Biscuits / Snacks,Biscuits,Sandwich crackers
P000001318,Lemon Puff 350g,Garden,Candies / Biscuits / Snacks,Biscuits,Sandwich crackers
P000001801,Lemon Puff (Tray Pack 24g x 12 packs) 288g,Garden,Candies / Biscuits / Snacks,Biscuits,Sandwich crackers
P000001415,Lemon Puff 175g,Garden,Candies / Biscuits / Snacks,Biscuits,Sandwich crackers
P000000431,Petit Cheese Crackers 40g,Bourbon,Candies / Biscuits / Snacks,Biscuits,Sandwich crackers
P000000650,Cheese Flavored Sandwich Crackers (Tray Pack) 324g,Ritz,Candies / Biscuits / Snacks,Biscuits,Sandwich crackers
P000003651,Cheese Flavored Sandwich Crackers 243g,Ritz,Candies / Biscuits / Snacks,Biscuits,Sandwich crackers
P000001605,Chocolate Sandwich Cookies with Vanilla Cream 133g,Oreo,Candies / Biscuits / Snacks,Biscuits,Sandwich crackers
P000000840,Chocolate Sandwich Cookies with Vanilla Cream (Tray Pack 28.5g x 9 packs) 256.5g,Oreo,Candies / Biscuits / Snacks,Biscuits,Sandwich crackers
P000000115,Club 8 Orange 176g,McVitie's,Candies / Biscuits / Snacks,Biscuits,Sandwich crackers
P000001672,Koala's March Biscuit - Strawberry - Family Pack 195g,Lotte,Candies / Biscuits / Snacks,Biscuits,Sandwich crackers
P000001122,Koala's March Biscuit - Chocolate - Family Pack 195g,Lotte,Candies / Biscuits / Snacks,Biscuits,Sandwich crackers
P000002555,Digestive Biscuits (Milk Chocolate) 300g,McVitie's,Candies / Biscuits / Snacks,Biscuits,Others
P000000792,Quadratini Napolitaner Bite Size Wafer Cookies 250g,Loacker,Candies / Biscuits / Snacks,Biscuits,Wafers
P000002339,Pretz Salad Biscuit Sticks 8 bags 118g,Glico,Candies / Biscuits / Snacks,Biscuits,Biscuit sticks
P000001943,Pretz Salad Biscuit Sticks 69g,Glico,Candies / Biscuits / Snacks,Biscuits,Biscuit sticks
P000000637,Pocky Chocolate Coated Biscuit Sticks 52g,Glico,Candies / Biscuits / Snacks,Biscuits,Biscuit sticks
P000001289,Chocolate Fingers (Chocolate Coated Biscuit)  70g,Garden,Candies / Biscuits / Snacks,Biscuits,Biscuit sticks
P000003657,Biscuit Sticks (Family Pack) 153g,Four Seas,Candies / Biscuits / Snacks,Biscuits,Biscuit sticks
P000000042,Pretz Roast Biscuit Sticks 62g,Glico,Candies / Biscuits / Snacks,Biscuits,Biscuit sticks
P000003656,Pepero Stick (Almond & Chocolate) 32g,Lotte,Candies / Biscuits / Snacks,Biscuits,Biscuit sticks
P000002556,Digestive Biscuits (Dark Chocolate) 300g,McVitie's,Candies / Biscuits / Snacks,Biscuits,Others
P000000159,Animal Biscuits - Seaweed Flavour 37g,Ginbis,Candies / Biscuits / Snacks,Biscuits,Others
P000001319,Malkist Crackers 350g,Garden,Candies / Biscuits / Snacks,Biscuits,Others
P000001791,Malkist Crackers (Tray Pack - 12 portions) 324g,Garden,Candies / Biscuits / Snacks,Biscuits,Others
P000001290,Malkist Crackers 175g,Garden,Candies / Biscuits / Snacks,Biscuits,Others
P000001274,Almond Cracker 133g,EDO Pack Haitai,Candies / Biscuits / Snacks,Biscuits,Others
P000004282,CHOCO BREAD STICK 4 PC,Meadows,Candies / Biscuits / Snacks,Biscuits,Biscuit sticks
P000002544,Goldfish Baked Snack Crackers (Cheddar) 187g,Pepperidge Farm,Candies / Biscuits / Snacks,Biscuits,Cheese crackers
P000000366,Saltine Cracker 141g,EDO Pack Haitai,Candies / Biscuits / Snacks,Biscuits,Saltine crackers / Soda crackers / Cream crackers
P000003658,Milk Cracker 172g,EDO Pack Haitai,Candies / Biscuits / Snacks,Biscuits,Saltine crackers / Soda crackers / Cream crackers
P000000649,EDO Premium Cracker 172g,EDO Pack Haitai,Candies / Biscuits / Snacks,Biscuits,Saltine crackers / Soda crackers / Cream crackers
P000003660,Artisan Nut-Thins - Multi-Seeds 120.5g,Blue Diamond,Candies / Biscuits / Snacks,Biscuits,Saltine crackers / Soda crackers / Cream crackers
P000003647,Crunchy Chocolate Wafer Roll Vanilla Flavour 60g,Want Want,Candies / Biscuits / Snacks,Biscuits,Wafers
P000003836,Wafer Peanut FLV 200 GM,Meadows,Candies / Biscuits / Snacks,Biscuits,Wafers
P000003839,Wafer Chocolate FLV 200 GM,Meadows,Candies / Biscuits / Snacks,Biscuits,Wafers
P000004234,WAFER ROLLS-CHEESE FLAVOUR 700 GM,Meadows,Candies / Biscuits / Snacks,Biscuits,Wafers
P000004219,WAFER ROLL-CHOCOLATE PEANUT FL 700 GM,Meadows,Candies / Biscuits / Snacks,Biscuits,Wafers
P000001187,Saltine - Original 200g (089782016348),Garden,Candies / Biscuits / Snacks,Biscuits,Saltine crackers / Soda crackers / Cream crackers
P000004283,CHEESE WAFER ROLLS TIN 270 GM,Meadows,Candies / Biscuits / Snacks,Biscuits,Wafers
P000000258,Cheese Cracker 172g,EDO Pack Haitai,Candies / Biscuits / Snacks,Biscuits,Cheese crackers
P000000049,Soda Cracker - Sesame 100g,Pacific,Candies / Biscuits / Snacks,Biscuits,Saltine crackers / Soda crackers / Cream crackers
P000003310,Soda Cracker - Saltine 100g,Pacific,Candies / Biscuits / Snacks,Biscuits,Saltine crackers / Soda crackers / Cream crackers
P000003688,Saltine - Sesame 205g,Meadows,Candies / Biscuits / Snacks,Biscuits,Saltine crackers / Soda crackers / Cream crackers
P000004228,SPRING ONION SALTINE CRACKERS 205 GM,Meadows,Candies / Biscuits / Snacks,Biscuits,Saltine crackers / Soda crackers / Cream crackers
P000004226,SEAWEED SALTINES 205 GM,Meadows,Candies / Biscuits / Snacks,Biscuits,Saltine crackers / Soda crackers / Cream crackers
P000003838,Original Saltines 205 GM,Meadows,Candies / Biscuits / Snacks,Biscuits,Saltine crackers / Soda crackers / Cream crackers
P000004227,OAT SALTINES 205 GM,Meadows,Candies / Biscuits / Snacks,Biscuits,Saltine crackers / Soda crackers / Cream crackers
P000003676,Cream Crackers 424g,Meadows,Candies / Biscuits / Snacks,Biscuits,Saltine crackers / Soda crackers / Cream crackers
P000000651,Saltine - Sesame 210g,Garden,Candies / Biscuits / Snacks,Biscuits,Saltine crackers / Soda crackers / Cream crackers
P000002412,Lungan Honey 500g,Po Sang Yuen Pure Honey,Bakery / Cereals / Spreads,Honey / Syrup,Honey
P000001561,Acacia Honey 500g,Po Sang Yuen Pure Honey,Bakery / Cereals / Spreads,Honey / Syrup,Honey
P000001612,Lungan Honey 1kg,Po Sang Yuen Pure Honey,Bakery / Cereals / Spreads,Honey / Syrup,Honey
P000002087,Pure Canadian Honey  375g,Naturoney,Bakery / Cereals / Spreads,Honey / Syrup,Honey
P000001975,Centifloral Honey 454g,Nature,Bakery / Cereals / Spreads,Honey / Syrup,Honey
P000004180,MEADOWS AUSTRALIAN HONEY 1 KG,Meadows,Bakery / Cereals / Spreads,Honey / Syrup,Honey
P000003856,Australian Honey in Jar 500 GM,Meadows,Bakery / Cereals / Spreads,Honey / Syrup,Honey
P000002524,Organic Honey 375g,Naturoney,Bakery / Cereals / Spreads,Honey / Syrup,Honey
P000001562,Mixed Honey 500g,Po Sang Yuen Pure Honey,Bakery / Cereals / Spreads,Honey / Syrup,Honey
P000000891,100% Fresh Milk 946mL,Kowloon Dairy,Dairy / Soy products / Eggs,Milk / Milk drinks,Chilled fresh milk/milk drinks
P000000124,100 %Fresh Milk 236mL,Kowloon Dairy,Dairy / Soy products / Eggs,Milk / Milk drinks,Chilled fresh milk/milk drinks
P000001395,Golden Syrup 360g,Taikoo,Bakery / Cereals / Spreads,Honey / Syrup,Syrup
P000001515,Spray Barbecue Honey (With Syrup) 180g,Giant Tree,Bakery / Cereals / Spreads,Honey / Syrup,Honey with syrup
P000001376,Barbecue Honey (With Syrup) 255g,Giant Tree,Bakery / Cereals / Spreads,Honey / Syrup,Honey with syrup
P000001382,Winter Honey 1kg,Po Sang Yuen Pure Honey,Bakery / Cereals / Spreads,Honey / Syrup,Honey
P000001512,Winter Honey 500g,Po Sang Yuen Pure Honey,Bakery / Cereals / Spreads,Honey / Syrup,Honey
P000002015,Mixed Honey 1kg,Po Sang Yuen Pure Honey,Bakery / Cereals / Spreads,Honey / Syrup,Honey
P000004067,Australian Honey Twist & Squeeze 400 GM,Meadows,Bakery / Cereals / Spreads,Honey / Syrup,Honey
P000002142,Mountain Honey 500g,El Brezal,Bakery / Cereals / Spreads,Honey / Syrup,Honey
P000001956,Forest Honey 500g,El Brezal,Bakery / Cereals / Spreads,Honey / Syrup,Honey
P000001960,Centifloral Honey 300g,Double Happiness,Bakery / Cereals / Spreads,Honey / Syrup,Honey
P000002545,Natural Australian Honey 1kg,Capilano,Bakery / Cereals / Spreads,Honey / Syrup,Honey
P000001383,100% Pure Australian Honey (Twist & Squeeze Bottle) 400g,Capilano,Bakery / Cereals / Spreads,Honey / Syrup,Honey
P000001959,Pure Honey (100% Australian) 400g,Beechworth,Bakery / Cereals / Spreads,Honey / Syrup,Honey
P000003156,Pure Natural New Zealand Honey - Multifloral 500g,Airborne,Bakery / Cereals / Spreads,Honey / Syrup,Honey
P000001379,Pure Natural New Zealand Honey - Clover 500g,Airborne,Bakery / Cereals / Spreads,Honey / Syrup,Honey
P000002152,Pure Natural New Zealand Honey - Beech Forest Honeydew 500g,Airborne,Bakery / Cereals / Spreads,Honey / Syrup,Honey
P000004179,MEADOWS PEANUT BUTTER WITH CHOCOLATE 340 GM,Meadows,Bakery / Cereals / Spreads,Spreads,Hazelnut spreads
P000001972,Rainforest Honey 400g,Glenugie Peak Organics,Bakery / Cereals / Spreads,Honey / Syrup,Honey
P000002697,Mild Blossom Honey (Bear Squeezer) 250g,Lune de Miel,Bakery / Cereals / Spreads,Honey / Syrup,Honey
P000001957,Mild & Fresh Honey 250g,Lune de Miel,Bakery / Cereals / Spreads,Honey / Syrup,Honey
P000001968,Fruity and Floral Honey 250g,Lune de Miel,Bakery / Cereals / Spreads,Honey / Syrup,Honey
P000001375,Wild Flower Honey 250g,Langnese Bee Easy,Bakery / Cereals / Spreads,Honey / Syrup,Honey
P000001513,Acacia Honey 250g,Langnese Bee Easy,Bakery / Cereals / Spreads,Honey / Syrup,Honey
P000002410,Royal Jelly in Mountain Flower Honey 375g,Langnese,Bakery / Cereals / Spreads,Honey / Syrup,Honey
P000001374,Pure Bee Honey 375g,Langnese,Bakery / Cereals / Spreads,Honey / Syrup,Honey
P000002411,Acacia Honey with Natural Honeycomb 500g,Langnese,Bakery / Cereals / Spreads,Honey / Syrup,Honey
P000001511,Acacia Honey 375g,Langnese,Bakery / Cereals / Spreads,Honey / Syrup,Honey
P000002796,Hazelnut Spread with Cocoa 350g,Ferrero Nutella,Bakery / Cereals / Spreads,Spreads,Hazelnut spreads
P000000849,UHT Fresh Milk 1L,Anchor,Dairy / Soy products / Eggs,Milk / Milk drinks,UHT milk/milk drinks
P000000902,Hi-Calcium Whole Milk Beverage 236mL,Vita,Dairy / Soy products / Eggs,Milk / Milk drinks,Chilled fresh milk/milk drinks
P000000900,Hi-Calcium Low Fat Milk Beverage 946mL,Vita,Dairy / Soy products / Eggs,Milk / Milk drinks,Chilled fresh milk/milk drinks
P000000913,Chocolate Milk Beverage 236mL,Vita,Dairy / Soy products / Eggs,Milk / Milk drinks,Chilled fresh milk/milk drinks
P000000896,Hi-Calcium Low Fat Milk Drink 946mL,Trappist Dairy,Dairy / Soy products / Eggs,Milk / Milk drinks,Chilled fresh milk/milk drinks
P000000130,Hi-Calcium Low Fat Milk Beverage 236mL,Vita,Dairy / Soy products / Eggs,Milk / Milk drinks,Chilled fresh milk/milk drinks
P000001263,High Calcium Low Fat Milk Beverage (19-50 years) 1L,Anlene,Dairy / Soy products / Eggs,Milk / Milk drinks,UHT milk/milk drinks
P000002692,Banana Flavored Milk Drink 200mL,Binggrae,Dairy / Soy products / Eggs,Milk / Milk drinks,UHT milk/milk drinks
P000003563,PureFarm - High Calcium Less Fat Milk Beverage 225mL x 6,Dutch Lady,Dairy / Soy products / Eggs,Milk / Milk drinks,UHT milk/milk drinks
P000003227,Milky Original Milk Beverage 110mL x 4,Dutch Lady,Dairy / Soy products / Eggs,Milk / Milk drinks,UHT milk/milk drinks
P000003253,Milky Chocolate Milk Beverage 110mL x 4,Dutch Lady,Dairy / Soy products / Eggs,Milk / Milk drinks,UHT milk/milk drinks
P000003559,Hi-Calcium Low Fat Milk Beverage 1L,Daisy,Dairy / Soy products / Eggs,Milk / Milk drinks,UHT milk/milk drinks
P000003054,UHT Pure Milk 1L,Black & White,Dairy / Soy products / Eggs,Milk / Milk drinks,UHT milk/milk drinks
P000002694,Melon Flavored Milk Drink 200mL x 6,Binggrae,Dairy / Soy products / Eggs,Milk / Milk drinks,UHT milk/milk drinks
P000002693,Strawberry Flavored Milk Drink 200mL,Binggrae,Dairy / Soy products / Eggs,Milk / Milk drinks,UHT milk/milk drinks
P000000899,Hi-Calcium Low Fat Milk Drink 236mL,Trappist Dairy,Dairy / Soy products / Eggs,Milk / Milk drinks,Chilled fresh milk/milk drinks
P000001927,Skimmed Milk 946mL,Meiji (CP-Meiji),Dairy / Soy products / Eggs,Milk / Milk drinks,Chilled fresh milk/milk drinks
P000003564,Fresh Milk Beverage 236mL,Meiji (CP-Meiji),Dairy / Soy products / Eggs,Milk / Milk drinks,Chilled fresh milk/milk drinks
P000001926,4.3 Deluxe Milk 946mL,Meiji (CP-Meiji),Dairy / Soy products / Eggs,Milk / Milk drinks,Chilled fresh milk/milk drinks
P000001616,Slimilk - Low Fat Hi-Ca Milk Drink (Plastic Bottle) 1.5L,Kowloon Dairy,Dairy / Soy products / Eggs,Milk / Milk drinks,Chilled fresh milk/milk drinks
P000000895,Slimilk - Low Fat Hi-Ca Milk Drink 946mL,Kowloon Dairy,Dairy / Soy products / Eggs,Milk / Milk drinks,Chilled fresh milk/milk drinks
P000000122,Slimilk - Low Fat Hi-Ca Milk Drink 236mL,Kowloon Dairy,Dairy / Soy products / Eggs,Milk / Milk drinks,Chilled fresh milk/milk drinks
P000002531,Skimmed Hi-Ca Milk Drink 236mL,Kowloon Dairy,Dairy / Soy products / Eggs,Milk / Milk drinks,Chilled fresh milk/milk drinks
P000000123,Hi-Fibre Papaya Milk Drink 236mL,Kowloon Dairy,Dairy / Soy products / Eggs,Milk / Milk drinks,Chilled fresh milk/milk drinks
P000002528,Hi-Calcium Chocolate Slimilk Milk Drink 236mL,Kowloon Dairy,Dairy / Soy products / Eggs,Milk / Milk drinks,Chilled fresh milk/milk drinks
P000000121,Deluxe Chocolate Slimilk Milk Drink 236mL,Kowloon Dairy,Dairy / Soy products / Eggs,Milk / Milk drinks,Chilled fresh milk/milk drinks
P000001615,100% Fresh Milk (Plastic Bottle) 1.5L,Kowloon Dairy,Dairy / Soy products / Eggs,Milk / Milk drinks,Chilled fresh milk/milk drinks
P000000886,Fresh Milk 946mL,Trappist Dairy,Dairy / Soy products / Eggs,Milk / Milk drinks,Chilled fresh milk/milk drinks
P000000022,Fresh Milk 236mL,Trappist Dairy,Dairy / Soy products / Eggs,Milk / Milk drinks,Chilled fresh milk/milk drinks
P000000904,Skimmed Hi-Calcium Milk Drink 946mL,Nestle Dairy Farm,Dairy / Soy products / Eggs,Milk / Milk drinks,Chilled fresh milk/milk drinks
P000000905,Skimmed Hi-Calcium Milk Drink 236mL,Nestle Dairy Farm,Dairy / Soy products / Eggs,Milk / Milk drinks,Chilled fresh milk/milk drinks
P000000888,Hi-Calcium Low Fat Milk Drink 946mL,Nestle Dairy Farm,Dairy / Soy products / Eggs,Milk / Milk drinks,Chilled fresh milk/milk drinks
P000000632,Hi-Calcium Low Fat Milk Drink 236mL,Nestle Dairy Farm,Dairy / Soy products / Eggs,Milk / Milk drinks,Chilled fresh milk/milk drinks
P000000640,Fresh Milk 946mL,Nestle Dairy Farm,Dairy / Soy products / Eggs,Milk / Milk drinks,Chilled fresh milk/milk drinks
P000000167,Fresh Milk 236mL,Nestle Dairy Farm,Dairy / Soy products / Eggs,Milk / Milk drinks,Chilled fresh milk/milk drinks
P000002432,PureFarm - Original Milk Beverage 225mL x 6,Dutch Lady,Dairy / Soy products / Eggs,Milk / Milk drinks,UHT milk/milk drinks
P000001539,Hamburger Buns 4pcs,Garden,Bakery / Cereals / Spreads,Breads,Bread rolls
P000001537,Cream Bun - Vanilla Flavour 1pc,Garden,Bakery / Cereals / Spreads,Breads,Bread rolls
P000000810,Cream Bun - Peanut Flavour 1pc,Garden,Bakery / Cereals / Spreads,Breads,Bread rolls
P000003700,Sandwich Bread 8 slices,Meadows,Bakery / Cereals / Spreads,Breads,Bread loaf
P000003844,Crustless Sandwich Bread 6 PC,Meadows,Bakery / Cereals / Spreads,Breads,Bread loaf
P000000034,Wheat Sandwich Bread 8 slices,Garden,Bakery / Cereals / Spreads,Breads,Bread loaf
P000003845,Crustless Wheat Sandwich Bread 6 PC,Meadows,Bakery / Cereals / Spreads,Breads,Bread loaf
P000003482,Hot Dog Buns 4pcs,Garden,Bakery / Cereals / Spreads,Breads,Bread rolls
P000000989,Milk Bar Bun 210g,Garden,Bakery / Cereals / Spreads,Breads,Bread rolls
P000000808,Instant Oatmeal - Bag 800g,Quaker,Bakery / Cereals / Spreads,Breakfast cereals,Instant oatmeals
P000003850,Instant Oatmeal 800 GM,Meadows,Bakery / Cereals / Spreads,Breakfast cereals,Instant oatmeals
P000004190,INSTANT OATMEAL 200 GM,Meadows,Bakery / Cereals / Spreads,Breakfast cereals,Instant oatmeals
P000001231,Instant Oatmeal - Original 210g (42g x 5),Quaker,Bakery / Cereals / Spreads,Breakfast cereals,Instant oatmeal in sachets
P000000860,Instant Oatmeal - Corn Flavour 175g (35g x 5),Quaker,Bakery / Cereals / Spreads,Breakfast cereals,Instant oatmeal in sachets
P000001538,English Muffins 4pcs,Garden,Bakery / Cereals / Spreads,Breads,Other bread
P000001533,French Croissants 4pcs,Garden,Bakery / Cereals / Spreads,Breads,Pastry
P000000035,Raisin Bun 4pcs,Garden,Bakery / Cereals / Spreads,Breads,Bread rolls
P000001338,Thick Toast Sandwich Bread 6 slices,Garden,Bakery / Cereals / Spreads,Breads,Bread loaf
P000000135,Pound Cake - All Butter All Purpose 300g,Sara Lee,Bakery / Cereals / Spreads,Cakes,Frozen cakes
P000001706,Choco Pie (Chocolate Pie) - Strawberry Flavour 300g,EDO Pack,Bakery / Cereals / Spreads,Cakes,Chocolate pies / Chocolate cakes
P000000643,Mini Swiss Roll - Lemon 56g,Garden,Bakery / Cereals / Spreads,Cakes,Swiss rolls
P000003270,Mini Swiss Roll - Chocolate 56g,Garden,Bakery / Cereals / Spreads,Cakes,Swiss rolls
P000000038,Chiffon Cake - Chocolate Flavour 60g,Garden,Bakery / Cereals / Spreads,Cakes,Chiffon cakes
P000002937,Super Soft Cake - Vanilla Flavor 8pcs,Garden,Bakery / Cereals / Spreads,Cakes,Sponge cakes
P000000190,Marbo Cake - Cherry & Raisin 75g,Garden,Bakery / Cereals / Spreads,Cakes,Sponge cakes
P000001370,Pound Cake - Chocolate Swirl 300g,Sara Lee,Bakery / Cereals / Spreads,Cakes,Frozen cakes
P000000642,Sandwich Bread 8 slices,Garden,Bakery / Cereals / Spreads,Breads,Bread loaf
P000000811,Life Bread 14 slices,Garden,Bakery / Cereals / Spreads,Breads,Bread loaf
P000000836,Life Bread - Honey & Egg 14 slices,Garden,Bakery / Cereals / Spreads,Breads,Bread loaf
P000000193,Life Bread - Contains Protein 14 slices,Garden,Bakery / Cereals / Spreads,Breads,Bread loaf
P000001392,Giant Sandwich Bread 18 slices,Garden,Bakery / Cereals / Spreads,Breads,Bread loaf
P000000033,Crustless Wheat Sandwich Bread 6 slices,Garden,Bakery / Cereals / Spreads,Breads,Bread loaf
P000000229,Crustless Sandwich Bread 6 slices,Garden,Bakery / Cereals / Spreads,Breads,Bread loaf
P000000192,Better Sandwich Bread - Wholewheat 6 slices,Garden,Bakery / Cereals / Spreads,Breads,Bread loaf
P000001587,Better Sandwich Bread - Milk 6 slices,Garden,Bakery / Cereals / Spreads,Breads,Bread loaf
P000000212,Tuna Salad - Green Label 95g,B&F,Bakery / Cereals / Spreads,Spreads,Tuna spreads
P000000076,Instant Oatmeal - Tin 800g,Quaker,Bakery / Cereals / Spreads,Breakfast cereals,Instant oatmeals
P000004177,XTRA CREAMY PEANUT BUTTER 510GM,Meadows,Bakery / Cereals / Spreads,Spreads,Peanut butter
P000003682,Peanut Butter - Xtra Creamy 340g,Meadows,Bakery / Cereals / Spreads,Spreads,Peanut butter
P000003681,Peanut Butter - Xtra Chunky 340g,Meadows,Bakery / Cereals / Spreads,Spreads,Peanut butter
P000003058,Peanut Butter - Creamy 454g,Jif,Bakery / Cereals / Spreads,Spreads,Peanut butter
P000001467,Peanut Butter (Without Added Sugar) - Crunchy 510g,Fifty 50,Bakery / Cereals / Spreads,Spreads,Peanut butter
P000000927,Wheat Cereal Original 430g,Weetabix,Bakery / Cereals / Spreads,Breakfast cereals,Corn flakes / Cereals / Muesli
P000003314,Milo Breakfast Cereal - Chocolate and Malt Flavoured Wheat Balls 330g,Nestle,Bakery / Cereals / Spreads,Breakfast cereals,Corn flakes / Cereals / Muesli
P000001362,Peanut Butter (Without Added Sugar) - Creamy 510g,Fifty 50,Bakery / Cereals / Spreads,Spreads,Peanut butter
P000004178,XTRA Crunchy Peanut Butter 510 gm,Meadows,Bakery / Cereals / Spreads,Spreads,Peanut butter
P000003523,Tuna Spread 160g,Ayam Brand,Bakery / Cereals / Spreads,Spreads,Tuna spreads
P000001302,Deluxe Spread - Wild Blueberry 284g,St Dalfour France,Bakery / Cereals / Spreads,Spreads,Fruit jams / Fruit preserves
P000001301,Preserves - Strawberry 340g,Smucker's,Bakery / Cereals / Spreads,Spreads,Fruit jams / Fruit preserves
P000002397,Preserves - Blueberry 340g,Smucker's,Bakery / Cereals / Spreads,Spreads,Fruit jams / Fruit preserves
P000003855,Strawberry Jam 370 GM,Meadows,Bakery / Cereals / Spreads,Spreads,Fruit jams / Fruit preserves
P000003680,Jam - Apricot 370g,Meadows,Bakery / Cereals / Spreads,Spreads,Fruit jams / Fruit preserves
P000003853,Blueberry Jam 370 GM,Meadows,Bakery / Cereals / Spreads,Spreads,Fruit jams / Fruit preserves
P000001399,Preserves - Apricot 370g,Bonne Maman,Bakery / Cereals / Spreads,Spreads,Fruit jams / Fruit preserves
P000000834,Milo Breakfast Cereal - Chocolate and Malt Flavoured Wheat Balls 170g,Nestle,Bakery / Cereals / Spreads,Breakfast cereals,Corn flakes / Cereals / Muesli
P000003491,Koko Krunch 330g,Nestle,Bakery / Cereals / Spreads,Breakfast cereals,Corn flakes / Cereals / Muesli
P000002867,Swiss Style Muesli - No Added Sugar 560g,Alpen,Bakery / Cereals / Spreads,Breakfast cereals,Corn flakes / Cereals / Muesli
P000002709,Whole Rolled Oats 200g,Quaker,Bakery / Cereals / Spreads,Breakfast cereals,Rolled oats
P000002564,Whole Rolled Oats (Quick Cooking) 800g,Quaker,Bakery / Cereals / Spreads,Breakfast cereals,Rolled oats
P000003846,Whole Rolled Oats 800 GM,Meadows,Bakery / Cereals / Spreads,Breakfast cereals,Rolled oats
P000000657,Quick Cooking Oatmeal - Tin 800g,Quaker,Bakery / Cereals / Spreads,Breakfast cereals,Quick cooking oatmeals
P000000077,Quick Cooking Oatmeal - Bag 800g,Quaker,Bakery / Cereals / Spreads,Breakfast cereals,Quick cooking oatmeals
P000004066,Quick Cook Oatmeal 800 GM,Meadows,Bakery / Cereals / Spreads,Breakfast cereals,Quick cooking oatmeals
P000001462,Classic Corn Flakes 340g,Kellogg's,Bakery / Cereals / Spreads,Breakfast cereals,Corn flakes / Cereals / Muesli
P000000812,Koko Krunch 170g,Nestle,Bakery / Cereals / Spreads,Breakfast cereals,Corn flakes / Cereals / Muesli
P000000809,Honey Stars 150g,Nestle,Bakery / Cereals / Spreads,Breakfast cereals,Corn flakes / Cereals / Muesli
P000001619,Special K 370g,Kellogg's,Bakery / Cereals / Spreads,Breakfast cereals,Corn flakes / Cereals / Muesli
P000000863,Special K 205g,Kellogg's,Bakery / Cereals / Spreads,Breakfast cereals,Corn flakes / Cereals / Muesli
P000000057,Frosties 250g,Kellogg's,Bakery / Cereals / Spreads,Breakfast cereals,Corn flakes / Cereals / Muesli
P000001655,Extra Mueslix - Raisin & Almond Crunch 375g,Kellogg's,Bakery / Cereals / Spreads,Breakfast cereals,Corn flakes / Cereals / Muesli
P000000835,Coco Pops 190g,Kellogg's,Bakery / Cereals / Spreads,Breakfast cereals,Corn flakes / Cereals / Muesli
P000000807,Classic Corn Flakes 170g,Kellogg's,Bakery / Cereals / Spreads,Breakfast cereals,Corn flakes / Cereals / Muesli
P000001222,Drumstick - Mango Madness - Mango Ice Cream Cone 125mL x 4,Nestle,Dairy / Soy products / Eggs,Frozen confections,Ice cream bars / Ice sticks / Ice cream cones
P000001015,Processed Cheese Slices - Burger with Cheddar 20 slices 400g,President,Dairy / Soy products / Eggs,Cheese / Yoghurt products,Cheese slices / Shredded cheese / Hard cheese
P000001084,Processed Cheese Slices - Burger with Cheddar 10 slices 200g,President,Dairy / Soy products / Eggs,Cheese / Yoghurt products,Cheese slices / Shredded cheese / Hard cheese
P000003542,High Calcium Sandwich Slices 12 slices 200g,Pauls,Dairy / Soy products / Eggs,Cheese / Yoghurt products,Cheese slices / Shredded cheese / Hard cheese
P000003699,Reduced Fat Hi-Calcium Cheese Single Slices  12 slices 240g,Meadows,Dairy / Soy products / Eggs,Cheese / Yoghurt products,Cheese slices / Shredded cheese / Hard cheese
P000004204,RED LEICESTER CHEESE 200 GM,Meadows,Dairy / Soy products / Eggs,Cheese / Yoghurt products,Cheese slices / Shredded cheese / Hard cheese
P000004203,MILD WHITE CHEDDAR 200 GM,Meadows,Dairy / Soy products / Eggs,Cheese / Yoghurt products,Cheese slices / Shredded cheese / Hard cheese
P000004206,YORKS WENSLEYDALE CHEESE 200 GM,Meadows,Dairy / Soy products / Eggs,Cheese / Yoghurt products,Cheese slices / Shredded cheese / Hard cheese
P000001130,Processed Cheese Slices - Light 10 slices 200g,President,Dairy / Soy products / Eggs,Cheese / Yoghurt products,Cheese slices / Shredded cheese / Hard cheese
P000001931,Cheese Spread 8 cubes 128g,The Laughing Cow,Dairy / Soy products / Eggs,Cheese / Yoghurt products,Cheese spreads / Cheese snacks
P000000646,Belcube Cheese Spread - Plain (Blue Package) 24 cubes 125g,The Laughing Cow,Dairy / Soy products / Eggs,Cheese / Yoghurt products,Cheese spreads / Cheese snacks
P000001105,Belcube Cheese Spread - Plain (Blue Package) 15 cubes 78g,The Laughing Cow,Dairy / Soy products / Eggs,Cheese / Yoghurt products,Cheese spreads / Cheese snacks
P000002523,Soft Cream Cheese - Original 250g,Philadelphia,Dairy / Soy products / Eggs,Cheese / Yoghurt products,Cheese spreads / Cheese snacks
P000001347,Cream Cheese (Block) - Original 250g,Philadelphia,Dairy / Soy products / Eggs,Cheese / Yoghurt products,Cheese spreads / Cheese snacks
P000001095,Processed Cheese Slices - Toast with Emmental 10 slices 200g,President,Dairy / Soy products / Eggs,Cheese / Yoghurt products,Cheese slices / Shredded cheese / Hard cheese
P000001085,Processed Cheese Slices - Special Pizza Mozzarella 12 slices 200g,President,Dairy / Soy products / Eggs,Cheese / Yoghurt products,Cheese slices / Shredded cheese / Hard cheese
P000001016,Processed Cheese Slices - Sandwich with Cheddar 10 slices 200g,President,Dairy / Soy products / Eggs,Cheese / Yoghurt products,Cheese slices / Shredded cheese / Hard cheese
P000004202,MILD COLOUR CHEDDAR 200 GM,Meadows,Dairy / Soy products / Eggs,Cheese / Yoghurt products,Cheese slices / Shredded cheese / Hard cheese
P000004207,MATURE WHITE CHEDDAR 200 GM,Meadows,Dairy / Soy products / Eggs,Cheese / Yoghurt products,Cheese slices / Shredded cheese / Hard cheese
P000000213,Processed Cheese Rich in Calcium - Trim 12 slices 250g,Chesdale,Dairy / Soy products / Eggs,Cheese / Yoghurt products,Cheese slices / Shredded cheese / Hard cheese
P000002621,Processed Cheese Rich in Calcium - Cheddar 24 slices 500g,Chesdale,Dairy / Soy products / Eggs,Cheese / Yoghurt products,Cheese slices / Shredded cheese / Hard cheese
P000000729,Processed Cheese Rich in Calcium - Cheddar 12 slices 250g,Chesdale,Dairy / Soy products / Eggs,Cheese / Yoghurt products,Cheese slices / Shredded cheese / Hard cheese
P000003539,Danish Brie Cheese 125g,Castello,Dairy / Soy products / Eggs,Cheese / Yoghurt products,Cheese slices / Shredded cheese / Hard cheese
P000000056,Cheese - High Calcium - Reduced Fat 12 slices 250g,Anlene,Dairy / Soy products / Eggs,Cheese / Yoghurt products,Cheese slices / Shredded cheese / Hard cheese
P000001088,Processed Cheese Rich in Calcium - Trim 24 slices 500g,Chesdale,Dairy / Soy products / Eggs,Cheese / Yoghurt products,Cheese slices / Shredded cheese / Hard cheese
P000004200,MATURE COLOR CHEDDAR 200 GM,Meadows,Dairy / Soy products / Eggs,Cheese / Yoghurt products,Cheese slices / Shredded cheese / Hard cheese
P000003921,Hi-Calcium Cheese Slices 240 GM,Meadows,Dairy / Soy products / Eggs,Cheese / Yoghurt products,Cheese slices / Shredded cheese / Hard cheese
P000004201,DOUBLE GLOUCESTER CHEESE 200 GM,Meadows,Dairy / Soy products / Eggs,Cheese / Yoghurt products,Cheese slices / Shredded cheese / Hard cheese
P000003537,Aged Cheddar - Vintage (Sharp & Crumbly 24 months) 250g,Mainland,Dairy / Soy products / Eggs,Cheese / Yoghurt products,Cheese slices / Shredded cheese / Hard cheese
P000001089,Singles - Hi-Calcium Processed Cheese - Regular 24 slices 500g,Kraft,Dairy / Soy products / Eggs,Cheese / Yoghurt products,Cheese slices / Shredded cheese / Hard cheese
P000000025,Singles - Hi-Calcium Processed Cheese - Regular 12 slices 250g,Kraft,Dairy / Soy products / Eggs,Cheese / Yoghurt products,Cheese slices / Shredded cheese / Hard cheese
P000000645,Singles - Hi-Calcium Processed Cheese - 25% Less Fat 12 slices 250g,Kraft,Dairy / Soy products / Eggs,Cheese / Yoghurt products,Cheese slices / Shredded cheese / Hard cheese
P000003536,Mozzarella Natural Shredded Cheese (Originale) 170g,Galbani,Dairy / Soy products / Eggs,Cheese / Yoghurt products,Cheese slices / Shredded cheese / Hard cheese
P000003889,Cookies & Cream Ice Cream 1 LT,Meadows,Dairy / Soy products / Eggs,Frozen confections,Ice cream
P000003890,Chocolate Ice Cream 1 LT,Meadows,Dairy / Soy products / Eggs,Frozen confections,Ice cream
P000004432,CHOC COOKIES & MINT ICE CREAM 1 LT,Meadows,Dairy / Soy products / Eggs,Frozen confections,Ice cream
P000003888,Vanilla Ice Cream 1 LT,Meadows,Dairy / Soy products / Eggs,Frozen confections,Ice cream
P000001160,Family Pack - Vanilla Ice Cream (473mL) 392g,Haagen-Dazs,Dairy / Soy products / Eggs,Frozen confections,Ice cream
P000003366,Family Pack - Strawberries & Cream Ice Cream (473mL) 392g,Haagen-Dazs,Dairy / Soy products / Eggs,Frozen confections,Ice cream
P000001272,Mini Classics Ice Cream 75mL x 6 cups,Haagen-Dazs,Dairy / Soy products / Eggs,Frozen confections,Ice cream
P000002998,Swiss Chocolate Classics Ice Cream 500mL,Movenpick,Dairy / Soy products / Eggs,Frozen confections,Ice cream
P000003486,Crunchy Mega Cookies & Cream Ice Cream Bar 90mL x 4,Nestle,Dairy / Soy products / Eggs,Frozen confections,Ice cream bars / Ice sticks / Ice cream cones
P000003229,Melona Melon Flavored Ice Bar 80mL x 4,Binggrae,Dairy / Soy products / Eggs,Frozen confections,Ice cream bars / Ice sticks / Ice cream cones
P000003309,Melona Mango Flavored Ice Bar 80mL x 4,Binggrae,Dairy / Soy products / Eggs,Frozen confections,Ice cream bars / Ice sticks / Ice cream cones
P000000228,Red Bean Frozen Confection - Classic (80mL x 4pcs) 320mL,Appolo,Dairy / Soy products / Eggs,Frozen confections,Ice cream bars / Ice sticks / Ice cream cones
P000003123,Green Bean Frozen Confection - Classic (80mL x 4pcs) 320mL,Appolo,Dairy / Soy products / Eggs,Frozen confections,Ice cream bars / Ice sticks / Ice cream cones
P000003363,Vanilla Dream Ice Cream 500mL,Movenpick,Dairy / Soy products / Eggs,Frozen confections,Ice cream
P000001679,Family Pack - Matcha Green Tea Ice Cream (473mL) 392g,Haagen-Dazs,Dairy / Soy products / Eggs,Frozen confections,Ice cream
P000003120,French Butter - Salted 200g,President,Dairy / Soy products / Eggs,Butter / Margarine,Butter
P000003920,Unsalted Butter 195 GM,Meadows,Dairy / Soy products / Eggs,Butter / Margarine,Butter
P000003670,Salted Butter 195g,Meadows,Dairy / Soy products / Eggs,Butter / Margarine,Butter
P000000931,Unsalted Butter 200g,Lurpak,Dairy / Soy products / Eggs,Butter / Margarine,Butter
P000004854,Unsalted Butter 200g,Daisy,Dairy / Soy products / Eggs,Butter / Margarine,Butter
P000000880,Salted Butter 200g,Daisy,Dairy / Soy products / Eggs,Butter / Margarine,Butter
P000003119,Pure New Zealand Butter - UnSalted 227g,Anchor,Dairy / Soy products / Eggs,Butter / Margarine,Butter
P000000965,Pure New Zealand Butter - Salted 227g,Anchor,Dairy / Soy products / Eggs,Butter / Margarine,Butter
P000001566,French Butter - Unsalted 200g,President,Dairy / Soy products / Eggs,Butter / Margarine,Butter
P000000837,Original Spread (Margarine) 250g,Flora,Dairy / Soy products / Eggs,Butter / Margarine,Margarine
P000004058,Vanilla Ice Cream 1.98LT,First Choice,Dairy / Soy products / Eggs,Frozen confections,Ice cream
P000004059,Mango Ice Cream 1.98 LT,First Choice,Dairy / Soy products / Eggs,Frozen confections,Ice cream
P000004060,Double Chocolate Ice Cream 1.98 LT,First Choice,Dairy / Soy products / Eggs,Frozen confections,Ice cream
P000000227,Ice Cream - Rocky Road 750mL,Dreyer's,Dairy / Soy products / Eggs,Frozen confections,Ice cream
P000001565,Spreadable Butter (Blended with Vegetable Oil) - Slightly Salted 250g,Lurpak,Dairy / Soy products / Eggs,Butter / Margarine,Butter with vegetable oil
P000003121,Organic Spreadable Butter (Blended with Vegetable Oil) - Slightly Salted 200g,Lurpak,Dairy / Soy products / Eggs,Butter / Margarine,Butter with vegetable oil
P000004857,Neo Soft Spread 320g,Snow Brand,Dairy / Soy products / Eggs,Butter / Margarine,Margarine
P000001559,Neo Soft Spread 160g,Snow Brand,Dairy / Soy products / Eggs,Butter / Margarine,Margarine
P000004856,Light Spread (Margarine) 500g,Flora,Dairy / Soy products / Eggs,Butter / Margarine,Margarine
P000002433,PureFarm - Original Milk Beverage 946mL,Dutch Lady,Dairy / Soy products / Eggs,Milk / Milk drinks,UHT milk/milk drinks
P000001760,Yoghurt Flavoured Drink 125mL x 4,Vita,Dairy / Soy products / Eggs,Cheese / Yoghurt products,Yoghurt flavour drinks
P000001091,UHT Pure Milk 1L,Pauls,Dairy / Soy products / Eggs,Milk / Milk drinks,UHT milk/milk drinks
P000000457,UHT Pure Milk 1L x 3,Pauls,Dairy / Soy products / Eggs,Milk / Milk drinks,UHT milk/milk drinks
P000001765,UHT Pure Milk 250mL x 6,Pauls,Dairy / Soy products / Eggs,Milk / Milk drinks,UHT milk/milk drinks
P000000946,UHT Hi-Calcium Low Fat Milk Beverage 1L x 3,Pauls,Dairy / Soy products / Eggs,Milk / Milk drinks,UHT milk/milk drinks
P000000801,UHT Hi-Calcium Low Fat Milk Beverage 1L,Pauls,Dairy / Soy products / Eggs,Milk / Milk drinks,UHT milk/milk drinks
P000002577,UHT Low Fat Milk 1L,Pauls,Dairy / Soy products / Eggs,Milk / Milk drinks,UHT milk/milk drinks
P000000621,UHT Skimmed Milk 250mL x 6,Pauls,Dairy / Soy products / Eggs,Milk / Milk drinks,UHT milk/milk drinks
P000002295,Full Cream Evaporated Milk 170g,Black & White,Dairy / Soy products / Eggs,Milk / Milk drinks,Evaporated milk
P000000459,High Calcium Low Fat Milk Beverage 250mL x 6,Vita,Dairy / Soy products / Eggs,Milk / Milk drinks,UHT milk/milk drinks
P000000448,Chocolate Milk Beverage 250mL x 6,Vita,Dairy / Soy products / Eggs,Milk / Milk drinks,UHT milk/milk drinks
P000000956,UHT Skimmed Milk 1L x 3,Pauls,Dairy / Soy products / Eggs,Milk / Milk drinks,UHT milk/milk drinks
P000000937,UHT Skimmed Milk 1L,Pauls,Dairy / Soy products / Eggs,Milk / Milk drinks,UHT milk/milk drinks
P000000458,UHT Hi-Calcium Low Fat Milk Beverage 250mL x 6,Pauls,Dairy / Soy products / Eggs,Milk / Milk drinks,UHT milk/milk drinks
P000001000,Hokkaido Specially Select 3.6 Milk - UHT Processed Whole Milk 1L,Kumiai Dairies,Dairy / Soy products / Eggs,Milk / Milk drinks,UHT milk/milk drinks
P000002036,Hokkaido Furano Specially Select 3.7 Milk - UHT Processed Whole Milk 1L,Hokkaido Hidaka,Dairy / Soy products / Eggs,Milk / Milk drinks,UHT milk/milk drinks
P000002590,UHT Lactose Free Milk 1L,Harvey Fresh,Dairy / Soy products / Eggs,Milk / Milk drinks,UHT milk/milk drinks
P000002593,UHT Free Range Skim Milk 1L,Harvey Fresh,Dairy / Soy products / Eggs,Milk / Milk drinks,UHT milk/milk drinks
P000002592,UHT Free Range Full Cream Milk 1L,Harvey Fresh,Dairy / Soy products / Eggs,Milk / Milk drinks,UHT milk/milk drinks
P000001221,Swiss Premium UHT Milk 1L,Emmi,Dairy / Soy products / Eggs,Milk / Milk drinks,UHT milk/milk drinks
P000002018,Swiss Premium UHT Milk 250mL,Emmi,Dairy / Soy products / Eggs,Milk / Milk drinks,UHT milk/milk drinks
P000001855,Hokkaido Specially Select 3.6 Milk - UHT Processed Whole Milk 200mL,Kumiai Dairies,Dairy / Soy products / Eggs,Milk / Milk drinks,UHT milk/milk drinks
P000002497,UHT Whole Milk 1L,Lactel,Dairy / Soy products / Eggs,Milk / Milk drinks,UHT milk/milk drinks
P000001739,UHT Pure Milk 1L x 3,Mengniu Monmilk,Dairy / Soy products / Eggs,Milk / Milk drinks,UHT milk/milk drinks
P000001740,UHT Low-Fat High-Calcium Milk Beverage 1L x 3,Mengniu Monmilk,Dairy / Soy products / Eggs,Milk / Milk drinks,UHT milk/milk drinks
P000003561,Low-Fat High-Calcium Milk Beverage 250mL x 6,Mengniu Monmilk,Dairy / Soy products / Eggs,Milk / Milk drinks,UHT milk/milk drinks
P000003881,UHT Skimmed Milk 1 LT,Meadows,Dairy / Soy products / Eggs,Milk / Milk drinks,UHT milk/milk drinks
P000003880,UHT Hi-Calcium Low Fat 1 LT,Meadows,Dairy / Soy products / Eggs,Milk / Milk drinks,UHT milk/milk drinks
P000003879,UHT Full Cream Milk 1 LT,Meadows,Dairy / Soy products / Eggs,Milk / Milk drinks,UHT milk/milk drinks
P000004287,SKIMMED MILK 6 X 250 ML,Meadows,Dairy / Soy products / Eggs,Milk / Milk drinks,UHT milk/milk drinks
P000003882,High Calcium Low Fat Milk 1 LT,Meadows,Dairy / Soy products / Eggs,Milk / Milk drinks,UHT milk/milk drinks
P000003883,Full Cream Milk 6 X 250 ML,Meadows,Dairy / Soy products / Eggs,Milk / Milk drinks,UHT milk/milk drinks
P000003695,Australian Fresh Milk (Full Cream) 1L,Meadows,Dairy / Soy products / Eggs,Milk / Milk drinks,UHT milk/milk drinks
P000002499,UHT Semi-skimmed Milk 1L,Lactel,Dairy / Soy products / Eggs,Milk / Milk drinks,UHT milk/milk drinks
P000002154,Greek Style Yogurt (Plain) 475g,Nestle,Dairy / Soy products / Eggs,Cheese / Yoghurt products,Yoghurt
P000002616,Greek Style Natural Yogurt 500g,Farmers Union,Dairy / Soy products / Eggs,Cheese / Yoghurt products,Yoghurt
P000001930,Swiss Premium Yogurt - Low Fat - Mango 100g,Emmi,Dairy / Soy products / Eggs,Cheese / Yoghurt products,Yoghurt
P000001519,Swiss Premium Yogurt - Blueberry 1kg,Emmi,Dairy / Soy products / Eggs,Cheese / Yoghurt products,Yoghurt
P000000936,Swiss Premium Yogurt - Low Fat - Strawberry 100g,Emmi,Dairy / Soy products / Eggs,Cheese / Yoghurt products,Yoghurt
P000001929,Hi Cal Low Fat Fruit Yoghurt - Strawberry 100g x 3,Nestle Dairy Farm,Dairy / Soy products / Eggs,Cheese / Yoghurt products,Yoghurt
P000003153,LT Live Lactobacillus Drink - Low Sugar Hi Fibre 100mL x 5,Yakult,Dairy / Soy products / Eggs,Cheese / Yoghurt products,Yoghurt drinks / Lactic drinks
P000000112,Live Lactobacillus Drink 100mL x 5,Yakult,Dairy / Soy products / Eggs,Cheese / Yoghurt products,Yoghurt drinks / Lactic drinks
P000003925,Probiotic Drink 5S 63 ML,Meadows,Dairy / Soy products / Eggs,Cheese / Yoghurt products,Yoghurt drinks / Lactic drinks
P000003288,Yogurt Drink - Blueberry 65mL x 6,Benecol,Dairy / Soy products / Eggs,Cheese / Yoghurt products,Yoghurt drinks / Lactic drinks
P000003089,Greek Style Natural Yogurt 450g,Yeo Valley,Dairy / Soy products / Eggs,Cheese / Yoghurt products,Yoghurt
P000001517,Natural Low Fat Plain Yoghurt 475g,Nestle Dairy Farm,Dairy / Soy products / Eggs,Cheese / Yoghurt products,Yoghurt
P000002934,Hi Cal Low Fat Yoghurt - Natural (Sweetened) 140g,Nestle Dairy Farm,Dairy / Soy products / Eggs,Cheese / Yoghurt products,Yoghurt
P000001177,Hi Cal Low Fat Fruit Yoghurt - Strawberry 140g,Nestle Dairy Farm,Dairy / Soy products / Eggs,Cheese / Yoghurt products,Yoghurt
P000002866,Swiss Premium - Greek Style Yogurt - Natural (non fat 0%) 150g,Emmi,Dairy / Soy products / Eggs,Cheese / Yoghurt products,Yoghurt
P000001677,Low Fat Yoghurt with Strawberry 135g,CP-Meiji,Dairy / Soy products / Eggs,Cheese / Yoghurt products,Yoghurt
P000001951,Sweetened Milk Spread 374g,Longevity,Dairy / Soy products / Eggs,Milk / Milk drinks,Sweetened condensed milk
P000003055,Full Cream Sweetened Condensed Milk 397g,Black & White,Dairy / Soy products / Eggs,Milk / Milk drinks,Sweetened condensed milk
P000002293,Reduced Fat Evaporated Milk 410g,Nestle Carnation,Dairy / Soy products / Eggs,Milk / Milk drinks,Evaporated milk
P000000245,Full Cream Evaporated Milk 405g,Nestle Carnation,Dairy / Soy products / Eggs,Milk / Milk drinks,Evaporated milk
P000002730,Full Cream Evaporated Milk 150g,Nestle Carnation,Dairy / Soy products / Eggs,Milk / Milk drinks,Evaporated milk
P000002037,Filled Evaporated Milk 400g,Longevity,Dairy / Soy products / Eggs,Milk / Milk drinks,Evaporated milk
P000001280,Condensed Milk Tube (Original) 185g,Nestle Eagle,Dairy / Soy products / Eggs,Milk / Milk drinks,Sweetened condensed milk
P000002799,Low Fat Yoghurt with Nata De Coco 135g,CP-Meiji,Dairy / Soy products / Eggs,Cheese / Yoghurt products,Yoghurt
P000002861,Low Fat Yoghurt with Mango 135g,CP-Meiji,Dairy / Soy products / Eggs,Cheese / Yoghurt products,Yoghurt
P000000952,UHT Whipping Cream 200mL,President,Dairy / Soy products / Eggs,Cream,Whipping cream
P000001120,UHT Whipping Cream 250mL,Anchor,Dairy / Soy products / Eggs,Cream,Whipping cream
P000001798,Full Cream Sweetened Condensed Milk 350g,Nestle Eagle,Dairy / Soy products / Eggs,Milk / Milk drinks,Sweetened condensed milk
P000002835,Full Cream Sweetened Condensed Milk (Squeeze Bottle) 450g,Nestle Eagle,Dairy / Soy products / Eggs,Milk / Milk drinks,Sweetened condensed milk
P000004424,MUSHROOM & PORK BALLS 170 GM,Yu Pin King,Noodles / Cooking needs / Processed food (cold),Frozen / Chilled processed food,Fish balls
P000000141,Honey Roasted Almonds Can 150g,Blue Diamond,Candies / Biscuits / Snacks,Snacks,Nuts
P000002560,Ketchup - Upside Down Squeezable Bottle (20oz) 567g,Heinz,Noodles / Cooking needs / Processed food (cold),Condiments & sauces / Cooking needs,Ketchup
P000000705,Tomato Ketchup 680g,Del Monte,Noodles / Cooking needs / Processed food (cold),Condiments & sauces / Cooking needs,Ketchup
P000001402,Coconut Milk 400mL,OSC,Noodles / Cooking needs / Processed food (cold),Condiments & sauces / Cooking needs,Coconut milk / Coconut cream
P000000783,Coconut Milk 165mL,OSC,Noodles / Cooking needs / Processed food (cold),Condiments & sauces / Cooking needs,Coconut milk / Coconut cream
P000000044,Tomato Ketchup 340g,Del Monte,Noodles / Cooking needs / Processed food (cold),Condiments & sauces / Cooking needs,Ketchup
P000002559,Tomato Ketchup 300g,Heinz,Noodles / Cooking needs / Processed food (cold),Condiments & sauces / Cooking needs,Ketchup
P000003494,Four Cheese Pasta Sauce 24oz 680g,Classico,Noodles / Cooking needs / Processed food (cold),Condiments & sauces / Cooking needs,Pasta sauce
P000003503,Carbonara Mushroom Pasta Sauce 295g 10.4oz,Campbell's,Noodles / Cooking needs / Processed food (cold),Condiments & sauces / Cooking needs,Pasta sauce
P000003522,Bolognese Pasta Sauce 400g,Barilla,Noodles / Cooking needs / Processed food (cold),Condiments & sauces / Cooking needs,Pasta sauce
P000002541,Tomato Paste 6oz (170g),S&W,Noodles / Cooking needs / Processed food (cold),Condiments & sauces / Cooking needs,Tomato paste / Tomato puree
P000003894,Tomato Ketchup 750 GM,Meadows,Noodles / Cooking needs / Processed food (cold),Condiments & sauces / Cooking needs,Ketchup
P000003891,Tomato Ketchup 550 GM,Meadows,Noodles / Cooking needs / Processed food (cold),Condiments & sauces / Cooking needs,Ketchup
P000001401,UHT Natural Coconut Cream 200mL,Kara,Noodles / Cooking needs / Processed food (cold),Condiments & sauces / Cooking needs,Coconut milk / Coconut cream
P000000715,Chili Bean Sauce 240g,Lee Kum Kee,Noodles / Cooking needs / Processed food (cold),Condiments & sauces / Cooking needs,Chili sauces / Chili bean sauces
P000002607,Chili Sauce 114g,Koon Yick Wah Kee,Noodles / Cooking needs / Processed food (cold),Condiments & sauces / Cooking needs,Chili sauces / Chili bean sauces
P000002608,Thai Sweet Chili Sauce 185g,Amoy,Noodles / Cooking needs / Processed food (cold),Condiments & sauces / Cooking needs,Chili sauces / Chili bean sauces
P000002569,Guilin Chili Sauce 215g,Amoy,Noodles / Cooking needs / Processed food (cold),Condiments & sauces / Cooking needs,Chili sauces / Chili bean sauces
P000002568,Chili Sauce 160g,Amoy,Noodles / Cooking needs / Processed food (cold),Condiments & sauces / Cooking needs,Chili sauces / Chili bean sauces
P000002602,XO Sauce 220g,Lee Kum Kee,Noodles / Cooking needs / Processed food (cold),Condiments & sauces / Cooking needs,XO sauces
P000002571,XO Sauce 80g,Lee Kum Kee,Noodles / Cooking needs / Processed food (cold),Condiments & sauces / Cooking needs,XO sauces
P000000717,Chili Garlic Sauce 226g,Lee Kum Kee,Noodles / Cooking needs / Processed food (cold),Condiments & sauces / Cooking needs,Chili sauces / Chili bean sauces
P000000710,Curry Sauce 235g,Lee Kum Kee,Noodles / Cooking needs / Processed food (cold),Condiments & sauces / Cooking needs,Curry sauces / Coconut curry sauces
P000000713,Coconut Curry Sauce 235g,Lee Kum Kee,Noodles / Cooking needs / Processed food (cold),Condiments & sauces / Cooking needs,Curry sauces / Coconut curry sauces
P000000714,Satay Sauce 220g,Lee Kum Kee,Noodles / Cooking needs / Processed food (cold),Condiments & sauces / Cooking needs,Satay sauces
P000000719,Satay Sauce 205g,Amoy,Noodles / Cooking needs / Processed food (cold),Condiments & sauces / Cooking needs,Satay sauces
P000001701,Chili Bean Sauce 227g,Tung Chun,Noodles / Cooking needs / Processed food (cold),Condiments & sauces / Cooking needs,Chili sauces / Chili bean sauces
P000001098,Pepper Sauce 60mL,Tabasco,Noodles / Cooking needs / Processed food (cold),Condiments & sauces / Cooking needs,Chili sauces / Chili bean sauces
P000002570,Chili Garlic Sauce 305g,Maggi,Noodles / Cooking needs / Processed food (cold),Condiments & sauces / Cooking needs,Chili sauces / Chili bean sauces
P000000716,Chiu Chow Chili Oil 205g,Lee Kum Kee,Noodles / Cooking needs / Processed food (cold),Condiments & sauces / Cooking needs,Chili sauces / Chili bean sauces
P000003236,"Extra Tomato, Onion & Roast Garlic Pasta Sauce 500g",Dolmio,Noodles / Cooking needs / Processed food (cold),Condiments & sauces / Cooking needs,Pasta sauce
P000000709,Char Siu Sauce (Chinese Barbecue Sauce) 240g,Lee Kum Kee,Noodles / Cooking needs / Processed food (cold),Condiments & sauces / Cooking needs,Other sauces
P000000711,Black Pepper Sauce 230g,Lee Kum Kee,Noodles / Cooking needs / Processed food (cold),Condiments & sauces / Cooking needs,Other sauces
P000001684,Chinkiang Vinegar 550mL,Gold-Plum,Noodles / Cooking needs / Processed food (cold),Condiments & sauces / Cooking needs,Other sauces
P000000722,Belachan Sauce 220g,Amoy,Noodles / Cooking needs / Processed food (cold),Condiments & sauces / Cooking needs,Other sauces
P00001864,Worcestershire Sauce 150mL,Lea & Perrins,Noodles / Cooking needs / Processed food (cold),Condiments & sauces / Cooking needs,Other sauces
P000001736,Chinese Marinade 410mL,Lee Kum Kee,Noodles / Cooking needs / Processed food (cold),Condiments & sauces / Cooking needs,Other sauces
P000003271,"Cayenne Pepper, Ground 38g",Ducros,Noodles / Cooking needs / Processed food (cold),Condiments & sauces / Cooking needs,Dry spices
P000003462,All Natural Black Pepper Corns Mill 45g,Drogheria & Alimentari,Noodles / Cooking needs / Processed food (cold),Condiments & sauces / Cooking needs,Dry spices
P000000533,Abalone Sauce 380g,Yummy House,Noodles / Cooking needs / Processed food (cold),Condiments & sauces / Cooking needs,Other sauces
P000001885,Sweetened Black Rice Vinegar 500mL,Tung Chun,Noodles / Cooking needs / Processed food (cold),Condiments & sauces / Cooking needs,Other sauces
P000001099,Neri Wasabi 43g,S&B,Noodles / Cooking needs / Processed food (cold),Condiments & sauces / Cooking needs,Other sauces
P000000712,Freshly Minced Garlic 213g,Lee Kum Kee,Noodles / Cooking needs / Processed food (cold),Condiments & sauces / Cooking needs,Other sauces
P000000707,Fine Shrimp Sauce 227g,Lee Kum Kee,Noodles / Cooking needs / Processed food (cold),Condiments & sauces / Cooking needs,Other sauces
P000001227,Amoy Sweet & Sour Sauce 220g,Amoy,Noodles / Cooking needs / Processed food (cold),Condiments & sauces / Cooking needs,Other sauces
P000004939,Sesame Oil 130g,Nissin,Noodles / Cooking needs / Processed food (cold),Condiments & sauces / Cooking needs,Sesame oil
P000003898,Onion & Garlic Pasta S 670 GM,Meadows,Noodles / Cooking needs / Processed food (cold),Condiments & sauces / Cooking needs,Pasta sauce
P000004321,ONION & GARLIC PASTA SAUCE 670 GM,Meadows,Noodles / Cooking needs / Processed food (cold),Condiments & sauces / Cooking needs,Pasta sauce
P000003899,Napoletana Pasta SCE 670 GM,Meadows,Noodles / Cooking needs / Processed food (cold),Condiments & sauces / Cooking needs,Pasta sauce
P000003897,Napoletana Pasta SCE 340 GM,Meadows,Noodles / Cooking needs / Processed food (cold),Condiments & sauces / Cooking needs,Pasta sauce
P000003895,Mushroom Pasta Sauce 670 GM,Meadows,Noodles / Cooking needs / Processed food (cold),Condiments & sauces / Cooking needs,Pasta sauce
P000003896,Mushroom Pasta Sauce 340 GM,Meadows,Noodles / Cooking needs / Processed food (cold),Condiments & sauces / Cooking needs,Pasta sauce
P000004322,BOLOGNESE PASTA SAUCE 670 GM,Meadows,Noodles / Cooking needs / Processed food (cold),Condiments & sauces / Cooking needs,Pasta sauce
P000004329,BOLOGNESE PASTA SAUCE 340 GM,Meadows,Noodles / Cooking needs / Processed food (cold),Condiments & sauces / Cooking needs,Pasta sauce
P000004313,BASILICO PASTA SAUCE 670 GM,Meadows,Noodles / Cooking needs / Processed food (cold),Condiments & sauces / Cooking needs,Pasta sauce
P000003157,Salad Dressing 250mL,Best Foods,Noodles / Cooking needs / Processed food (cold),Condiments & sauces / Cooking needs,Salad Dressing / Miracle Whip Dressing / Mayonnaise
P000001874,Blended Sesame Oil 150ml,Amoy,Noodles / Cooking needs / Processed food (cold),Condiments & sauces / Cooking needs,Sesame oil
P000003892,Thousand Island Dressing 305 GM,Meadows,Noodles / Cooking needs / Processed food (cold),Condiments & sauces / Cooking needs,Salad Dressing / Miracle Whip Dressing / Mayonnaise
P000004314,REDUCED FAT MAYONNAISE 500 GM,Meadows,Noodles / Cooking needs / Processed food (cold),Condiments & sauces / Cooking needs,Salad Dressing / Miracle Whip Dressing / Mayonnaise
P000004325,CAESAR DRESSING 305 GM,Meadows,Noodles / Cooking needs / Processed food (cold),Condiments & sauces / Cooking needs,Salad Dressing / Miracle Whip Dressing / Mayonnaise
P000003160,Miracle Whip Dressing (12oz) 354mL,Kraft,Noodles / Cooking needs / Processed food (cold),Condiments & sauces / Cooking needs,Salad Dressing / Miracle Whip Dressing / Mayonnaise
P000003493,Mayonnaise 15oz 443mL,Kraft,Noodles / Cooking needs / Processed food (cold),Condiments & sauces / Cooking needs,Salad Dressing / Miracle Whip Dressing / Mayonnaise
P000003158,Mayonnaise 300g,Kewpie,Noodles / Cooking needs / Processed food (cold),Condiments & sauces / Cooking needs,Salad Dressing / Miracle Whip Dressing / Mayonnaise
P000003159,Salad Cream - Original 285g,Heinz,Noodles / Cooking needs / Processed food (cold),Condiments & sauces / Cooking needs,Salad Dressing / Miracle Whip Dressing / Mayonnaise
P000003461,Coarse Ground Black Pepper 42g,McCormick,Noodles / Cooking needs / Processed food (cold),Condiments & sauces / Cooking needs,Dry spices
P000002572,XO Sauce (Extra Hot) 80g,Lee Kum Kee,Noodles / Cooking needs / Processed food (cold),Condiments & sauces / Cooking needs,XO sauces
P000000942,Chifferi (n.41) 500g,Barilla,Noodles / Cooking needs / Processed food (cold),Non-instant Italian pasta,Shaped Italian pasta
P000002767,Penne Rigate Integrali (Organic) 100% Grano Duro Italiano 500g,Alce Nero,Noodles / Cooking needs / Processed food (cold),Non-instant Italian pasta,Shaped Italian pasta
P000001628,Fusilli (n.98) 500g,Barilla,Noodles / Cooking needs / Processed food (cold),Non-instant Italian pasta,Shaped Italian pasta
P000002764,Spaghetti (n.5) 500g,San Remo,Noodles / Cooking needs / Processed food (cold),Non-instant Italian pasta,Long Italian pasta
P000002762,Spaghetti Ristorante (n.8) 500g,Divella,Noodles / Cooking needs / Processed food (cold),Non-instant Italian pasta,Long Italian pasta
P000001275,Spaghetti (n.12) 500g,De Cecco,Noodles / Cooking needs / Processed food (cold),Non-instant Italian pasta,Long Italian pasta
P000003905,Spaghetti N5 500 GM,Meadows,Noodles / Cooking needs / Processed food (cold),Non-instant Italian pasta,Long Italian pasta
P000002963,Double Deluxe Soy Sauce 500mL,Lee Kum Kee,Noodles / Cooking needs / Processed food (cold),Condiments & sauces / Cooking needs,Light soy sauces
P000000665,Grade A Light Soy Sauce 590mL,Kim Lan,Noodles / Cooking needs / Processed food (cold),Condiments & sauces / Cooking needs,Light soy sauces
P000000152,Sang Chau (Light Soy Sauce) 590mL,Kim Lan,Noodles / Cooking needs / Processed food (cold),Condiments & sauces / Cooking needs,Light soy sauces
P000002225,Silver Label Light Soy Sauce 500mL,Amoy,Noodles / Cooking needs / Processed food (cold),Condiments & sauces / Cooking needs,Light soy sauces
P000000088,Gold Label Light Soy Sauce 500mL,Amoy,Noodles / Cooking needs / Processed food (cold),Condiments & sauces / Cooking needs,Light soy sauces
P000002761,Penne Zita Rigate (N.32) 500g,Delverde,Noodles / Cooking needs / Processed food (cold),Non-instant Italian pasta,Shaped Italian pasta
P000002766,Penne Rigate (n.41) 500g,De Cecco,Noodles / Cooking needs / Processed food (cold),Non-instant Italian pasta,Shaped Italian pasta
P000001627,Eliche Tricolore 500g,Colavita,Noodles / Cooking needs / Processed food (cold),Non-instant Italian pasta,Shaped Italian pasta
P000002765,Penne Rigate (n.73) 500g,Barilla,Noodles / Cooking needs / Processed food (cold),Non-instant Italian pasta,Shaped Italian pasta
P000001273,Linguine (n.7) 500g,De Cecco,Noodles / Cooking needs / Processed food (cold),Non-instant Italian pasta,Long Italian pasta
P000001313,Capellini (n.9) 500g,De Cecco,Noodles / Cooking needs / Processed food (cold),Non-instant Italian pasta,Long Italian pasta
P000003235,Scallop Noodle 454g,Sau Tao,Noodles / Cooking needs / Processed food (cold),Non-instant oriental noodles,Chinese noodles
P000001503,Buckwheat Noodles 225g,Sau Tao,Noodles / Cooking needs / Processed food (cold),Non-instant oriental noodles,Buckwheat noodles / Soba Noodles
P000000047,Shanghai Noodle 340g,Sau Tao,Noodles / Cooking needs / Processed food (cold),Non-instant oriental noodles,Plain noodles / Somen noodles / Ramen noodles
P000001161,Fine and White Plain Noodle 284g,Sau Tao,Noodles / Cooking needs / Processed food (cold),Non-instant oriental noodles,Plain noodles / Somen noodles / Ramen noodles
P000000661,Cream Noodle 340g,Sau Tao,Noodles / Cooking needs / Processed food (cold),Non-instant oriental noodles,Plain noodles / Somen noodles / Ramen noodles
P000001162,Hand Made Noodle - Thin 300g,Ng Fung Brand,Noodles / Cooking needs / Processed food (cold),Non-instant oriental noodles,Plain noodles / Somen noodles / Ramen noodles
P000001163,Hand Made Noodle - Thick 300g,Ng Fung Brand,Noodles / Cooking needs / Processed food (cold),Non-instant oriental noodles,Plain noodles / Somen noodles / Ramen noodles
P000001324,Japanese Udon 200g x 4,Sau Tao,Noodles / Cooking needs / Processed food (cold),Udon noodles,Wet noodles
P000001204,Instant Japanese Styled Noodle (Udon) 200g x 4,Don Don,Noodles / Cooking needs / Processed food (cold),Udon noodles,Wet noodles
P000003126,Shrimp-egg Noodles (Thin) 454g,Sau Tao,Noodles / Cooking needs / Processed food (cold),Non-instant oriental noodles,Chinese noodles
P000002698,Spaghetti 500g,Colavita,Noodles / Cooking needs / Processed food (cold),Non-instant Italian pasta,Long Italian pasta
P000000824,Spaghetti (n.5) 500g,Barilla,Noodles / Cooking needs / Processed food (cold),Non-instant Italian pasta,Long Italian pasta
P000001159,Linguine (n.13) 500g,Barilla,Noodles / Cooking needs / Processed food (cold),Non-instant Italian pasta,Long Italian pasta
P000003739,Dried Rice Stick 500g,Swan Brand,Noodles / Cooking needs / Processed food (cold),Non-instant oriental noodles,Rice vermicelli / Rice noodles / Rice sticks
P000003315,Dongguan Rice Stick 454g,Pearl River Bridge,Noodles / Cooking needs / Processed food (cold),Non-instant oriental noodles,Rice vermicelli / Rice noodles / Rice sticks
P000003492,Dongguan Rice Stick 454g,Peacock Brand,Noodles / Cooking needs / Processed food (cold),Non-instant oriental noodles,Rice vermicelli / Rice noodles / Rice sticks
P000000177,Jiang Xi Rice Vermicelli 400g,Cof,Noodles / Cooking needs / Processed food (cold),Non-instant oriental noodles,Rice vermicelli / Rice noodles / Rice sticks
P000000395,"Instant Rice Vermicelli 4-pc Family Pack (with Soup Base, Seasoning) 280g",Chewy,Noodles / Cooking needs / Processed food (cold),Non-instant oriental noodles,Rice vermicelli / Rice noodles / Rice sticks
P000003125,Dried Rice Stick 280g,Chewy,Noodles / Cooking needs / Processed food (cold),Non-instant oriental noodles,Rice vermicelli / Rice noodles / Rice sticks
P000001715,Oyster Sauce 555g,Amoy,Noodles / Cooking needs / Processed food (cold),Condiments & sauces / Cooking needs,Oyster sauces
P000001142,Seasoning 400mL,Maggi,Noodles / Cooking needs / Processed food (cold),Condiments & sauces / Cooking needs,Liquid seasoning / Wheat sauces
P000001716,Premium Oyster Sauce 555g,Amoy,Noodles / Cooking needs / Processed food (cold),Condiments & sauces / Cooking needs,Oyster sauces
P000001136,Liquid Seasoning 205mL (240g),Knorr,Noodles / Cooking needs / Processed food (cold),Condiments & sauces / Cooking needs,Liquid seasoning / Wheat sauces
P000001800,Mushroom Flavoured Superior Dark Soy Sauce 500mL,Pearl River Bridge,Noodles / Cooking needs / Processed food (cold),Condiments & sauces / Cooking needs,Dark soy sauces
P000002832,Golden Label Superior Dark Soy Sauce 500mL,Pearl River Bridge,Noodles / Cooking needs / Processed food (cold),Condiments & sauces / Cooking needs,Dark soy sauces
P000001141,Seasoning 200mL,Maggi,Noodles / Cooking needs / Processed food (cold),Condiments & sauces / Cooking needs,Liquid seasoning / Wheat sauces
P000000071,Premium Oyster Sauce 255g,Lee Kum Kee,Noodles / Cooking needs / Processed food (cold),Condiments & sauces / Cooking needs,Oyster sauces
P000002710,Seafood XO Sauce 80g,Lee Kum Kee,Noodles / Cooking needs / Processed food (cold),Condiments & sauces / Cooking needs,XO sauces
P000002573,Abalone XO Sauce 80g,Amoy,Noodles / Cooking needs / Processed food (cold),Condiments & sauces / Cooking needs,XO sauces
P000002574,Abalone XO Sauce (Extra Hot) 80g,Amoy,Noodles / Cooking needs / Processed food (cold),Condiments & sauces / Cooking needs,XO sauces
P000000708,Black Bean Garlic Sauce 226g,Lee Kum Kee,Noodles / Cooking needs / Processed food (cold),Condiments & sauces / Cooking needs,Bean sauces
P000000723,Plum & Bean Sauce 225g,Amoy,Noodles / Cooking needs / Processed food (cold),Condiments & sauces / Cooking needs,Bean sauces
P000000720,Black Bean Garlic Sauce 235g,Amoy,Noodles / Cooking needs / Processed food (cold),Condiments & sauces / Cooking needs,Bean sauces
P000002475,Fat Choy Oyster Flavored Sauce 735g,Tung Chun,Noodles / Cooking needs / Processed food (cold),Condiments & sauces / Cooking needs,Oyster sauces
P000001710,Vegetarian Oyster Flavoured Sauce 510g,Lee Kum Kee,Noodles / Cooking needs / Processed food (cold),Condiments & sauces / Cooking needs,Oyster sauces
P000000813,Premium Oyster Sauce 510g,Lee Kum Kee,Noodles / Cooking needs / Processed food (cold),Condiments & sauces / Cooking needs,Oyster sauces
P000002473,Premium Dark Soy Sauce 500mL,Lee Kum Kee,Noodles / Cooking needs / Processed food (cold),Condiments & sauces / Cooking needs,Dark soy sauces
P000002826,Salt Reduced Soy Sauce 500mL,Lee Kum Kee,Noodles / Cooking needs / Processed food (cold),Condiments & sauces / Cooking needs,Reduced salt light soy sauces
P000002827,First Extract Reduced Salt Soy Sauce 500mL,Amoy,Noodles / Cooking needs / Processed food (cold),Condiments & sauces / Cooking needs,Reduced salt light soy sauces
P000002830,Premium Soy Sauce 450mL,Yummy House,Noodles / Cooking needs / Processed food (cold),Condiments & sauces / Cooking needs,Light soy sauces
P000001799,Superior Light Soy Sauce 500mL,Pearl River Bridge,Noodles / Cooking needs / Processed food (cold),Condiments & sauces / Cooking needs,Light soy sauces
P000000103,Golden Label Superior Light Soy Sauce 500mL,Pearl River Bridge,Noodles / Cooking needs / Processed food (cold),Condiments & sauces / Cooking needs,Light soy sauces
P000000664,Soy Sauce 500mL,Lee Kum Kee,Noodles / Cooking needs / Processed food (cold),Condiments & sauces / Cooking needs,Light soy sauces
P000000663,Premium Soy Sauce 500mL,Lee Kum Kee,Noodles / Cooking needs / Processed food (cold),Condiments & sauces / Cooking needs,Light soy sauces
P000001623,Gold Label Dark Soy Sauce 500mL,Amoy,Noodles / Cooking needs / Processed food (cold),Condiments & sauces / Cooking needs,Dark soy sauces
P000001944,Sweet Soy Sauce 207mL,Lee Kum Kee,Noodles / Cooking needs / Processed food (cold),Condiments & sauces / Cooking needs,Sweet soy sauces / Soy sauces for seafood
P000000072,Seasoned Soy Sauce for Seafood 410mL,Lee Kum Kee,Noodles / Cooking needs / Processed food (cold),Condiments & sauces / Cooking needs,Sweet soy sauces / Soy sauces for seafood
P000002807,Seafood Soy Sauce 500mL,Amoy,Noodles / Cooking needs / Processed food (cold),Condiments & sauces / Cooking needs,Sweet soy sauces / Soy sauces for seafood
P000002472,First Extract Sweet Soy Sauce 250mL,Amoy,Noodles / Cooking needs / Processed food (cold),Condiments & sauces / Cooking needs,Sweet soy sauces / Soy sauces for seafood
P000002828,Premium Gold Soy Sauce 500mL,Lee Kum Kee,Noodles / Cooking needs / Processed food (cold),Condiments & sauces / Cooking needs,Soy sauces
P000000411,Soy Sauce 600mL,Kikkoman,Noodles / Cooking needs / Processed food (cold),Condiments & sauces / Cooking needs,Soy sauces
P000002809,Less Salt Soy Suace 600mL,Kikkoman,Noodles / Cooking needs / Processed food (cold),Condiments & sauces / Cooking needs,Soy sauces
P000003463,Garlic Powder 88g,McCormick,Noodles / Cooking needs / Processed food (cold),Condiments & sauces / Cooking needs,Dry spices
P000003273,Paprika 60g,McCormick,Noodles / Cooking needs / Processed food (cold),Condiments & sauces / Cooking needs,Dry spices
P000000198,Xiao Long Bao 18pcs 324g,Eatwell,Noodles / Cooking needs / Processed food (cold),Frozen / Chilled processed food,Dim sum
P000000402,Steamed Dumpling 16pcs 320g,Eatwell,Noodles / Cooking needs / Processed food (cold),Frozen / Chilled processed food,Dim sum
P000000404,Vegetable & Meat Wonton 12pcs 156g,East East,Noodles / Cooking needs / Processed food (cold),Frozen / Chilled processed food,Dim sum
P000000405,Shrimp Dumpling 8pcs 112g,East East,Noodles / Cooking needs / Processed food (cold),Frozen / Chilled processed food,Dim sum
P000002224,Deluxe Shrimp Wonton 10pcs 170g,East East,Noodles / Cooking needs / Processed food (cold),Frozen / Chilled processed food,Dim sum
P000000403,Shrimp Wonton 8pcs 112g,East East,Noodles / Cooking needs / Processed food (cold),Frozen / Chilled processed food,Dim sum
P000000485,Fish Dumpling 150g,Four Seas,Noodles / Cooking needs / Processed food (cold),Frozen / Chilled processed food,Dim sum
P000003804,Chives & Pork Dumplings 720 GM,Yu Pin King,Noodles / Cooking needs / Processed food (cold),Frozen / Chilled processed food,Dim sum
P000003809,Cabbage & Pork Panfried Dumpling 600 GM,Yu Pin King,Noodles / Cooking needs / Processed food (cold),Frozen / Chilled processed food,Dim sum
P000003805,Cabbage & Pork Dumplings 720 GM,Yu Pin King,Noodles / Cooking needs / Processed food (cold),Frozen / Chilled processed food,Dim sum
P000004438,CABBAGE FUNGUS PORK DUMPLINGS 720 GM,Yu Pin King,Noodles / Cooking needs / Processed food (cold),Frozen / Chilled processed food,Dim sum
P000003810,Barbecue Pork Buns 3 PC,Yu Pin King,Noodles / Cooking needs / Processed food (cold),Frozen / Chilled processed food,Dim sum
P000000760,Watercress & Pork Dumpling 180g,Wanchai Ferry,Noodles / Cooking needs / Processed food (cold),Frozen / Chilled processed food,Dim sum
P000000759,Cabbage & Pork Dumpling 180g,Wanchai Ferry,Noodles / Cooking needs / Processed food (cold),Frozen / Chilled processed food,Dim sum
P000000092,Beijing Cabbage with Pork Dumpling 180g,Wanchai Ferry,Noodles / Cooking needs / Processed food (cold),Frozen / Chilled processed food,Dim sum
P000001167,Shrimp Shao Mai (10pcs) 125g,Doll,Noodles / Cooking needs / Processed food (cold),Frozen / Chilled processed food,Dim sum
P000000398,BBQ Pork Cheong Fun 3pcs 197g,Doll,Noodles / Cooking needs / Processed food (cold),Frozen / Chilled processed food,Dim sum
P000001724,Shrimp Wonton Soup (8pcs) 101g,CP,Noodles / Cooking needs / Processed food (cold),Frozen / Chilled processed food,Dim sum
P000003317,Mexican Wings - Crispy & Spicy Chicken Wings 230g,CP,Noodles / Cooking needs / Processed food (cold),Frozen / Chilled processed food,Dim sum
P000000087,Shrimp Shao Mai 10pcs 120g,Amoy,Noodles / Cooking needs / Processed food (cold),Frozen / Chilled processed food,Dim sum
P000000820,Premium Hargow 6pcs 102g,Amoy,Noodles / Cooking needs / Processed food (cold),Frozen / Chilled processed food,Dim sum
P000000085,Beef Ball  8pcs 144g,Amoy,Noodles / Cooking needs / Processed food (cold),Frozen / Chilled processed food,Dim sum
P000002717,Bi-carbonate of Soda 56g,Ideal,Noodles / Cooking needs / Processed food (cold),Baking needs / Wheat flour,Baking soda
P000000819,Beef Ball with Bean Curd Sheet (8pcs) 156g,Doll,Noodles / Cooking needs / Processed food (cold),Frozen / Chilled processed food,Dim sum
P000000512,Rice Flour Roll with Chicken Mushroom 4pcs 187g,Doll,Noodles / Cooking needs / Processed food (cold),Frozen / Chilled processed food,Dim sum
P000000400,Pearl Dim Sum Assortment (7pcs) 136g,Doll,Noodles / Cooking needs / Processed food (cold),Frozen / Chilled processed food,Dim sum
P000001936,Nan Xiang Xiao Long Bao 10 pcs 180g,Doll,Noodles / Cooking needs / Processed food (cold),Frozen / Chilled processed food,Dim sum
P000000011,Mini Glutinous Rice Dumpling (3pcs) 225g,Doll,Noodles / Cooking needs / Processed food (cold),Frozen / Chilled processed food,Dim sum
P000000012,Hargow Dim-Sum (8pcs) 104g,Doll,Noodles / Cooking needs / Processed food (cold),Frozen / Chilled processed food,Dim sum
P000000511,Chiu Chow Dumpling (8pcs) 224g,Doll,Noodles / Cooking needs / Processed food (cold),Frozen / Chilled processed food,Dim sum
P000000399,Chicken Shao Mai W/Scallop (10pcs) 135g,Doll,Noodles / Cooking needs / Processed food (cold),Frozen / Chilled processed food,Dim sum
P000003808,Chives & Pork Panfried Dumplings 600 GM,Yu Pin King,Noodles / Cooking needs / Processed food (cold),Frozen / Chilled processed food,Dim sum
P000004080,Frankfurter Sausage (Chilled) 200 GM,Yu Pin King,Noodles / Cooking needs / Processed food (cold),Frozen / Chilled processed food,Sausages
P000004081,Cheese Cocktail Sausage (Chilled) 300 GM,Yu Pin King,Noodles / Cooking needs / Processed food (cold),Frozen / Chilled processed food,Sausages
P000000132,Chicken Franks 340.2g,Valley Chef,Noodles / Cooking needs / Processed food (cold),Frozen / Chilled processed food,Sausages
P000001110,Hot & Spicy - Smoked Sausage Made with Jalapeno & Chili Peppers (14oz) 396g,Johnsonville,Noodles / Cooking needs / Processed food (cold),Frozen / Chilled processed food,Sausages
P000001107,Beddar with Cheddar - Smoked Sausage & Cheddar Cheese (12.7oz) 360g,Johnsonville,Noodles / Cooking needs / Processed food (cold),Frozen / Chilled processed food,Sausages
P000004082,Canadian Style Bacon (Chilled) 120 GM,Yu Pin King,Noodles / Cooking needs / Processed food (cold),Frozen / Chilled processed food,Bacon
P000002044,Naturally Hardwood Smoked Bacon 16oz,Oscar Mayer,Noodles / Cooking needs / Processed food (cold),Frozen / Chilled processed food,Bacon
P000000641,Cocktail Sausage 160g,Maid Brand,Noodles / Cooking needs / Processed food (cold),Frozen / Chilled processed food,Sausages
P000002431,Canadian Brined Pig Knuckle (Frozen) 800g,Golden Pig,Noodles / Cooking needs / Processed food (cold),Frozen / Chilled processed food,Pig knuckles
P000003725,Mushroom Pork Meatball 300g,A-chun Wan-na,Noodles / Cooking needs / Processed food (cold),Frozen / Chilled processed food,Fish balls
P000004439,FRIED FISH BALLS 170 GM,Yu Pin King,Noodles / Cooking needs / Processed food (cold),Frozen / Chilled processed food,Fish balls
P000004422,CUTTLEFISH BALL 170 GM,Yu Pin King,Noodles / Cooking needs / Processed food (cold),Frozen / Chilled processed food,Fish balls
P000004419,BEEF STRINGY BALL 170 GM,Yu Pin King,Noodles / Cooking needs / Processed food (cold),Frozen / Chilled processed food,Fish balls
P000003726,Fish & Cuttlefish Balls 454g,Taiwan Pe-kang,Noodles / Cooking needs / Processed food (cold),Frozen / Chilled processed food,Fish balls
P000003724,Beef Tendon Ball 180g,Tai Po Chun Hing,Noodles / Cooking needs / Processed food (cold),Frozen / Chilled processed food,Fish balls
P000000529,Fried Fish Ball 170g,Four Seas,Noodles / Cooking needs / Processed food (cold),Frozen / Chilled processed food,Fish balls
P000000532,Fish Ball 170g,Four Seas,Noodles / Cooking needs / Processed food (cold),Frozen / Chilled processed food,Fish balls
P000002614,Cuttlefish Flavour Fish Ball 170g,Four Seas,Noodles / Cooking needs / Processed food (cold),Frozen / Chilled processed food,Fish balls
P000002265,Smoked Bacon Slices 160g,Maid Brand,Noodles / Cooking needs / Processed food (cold),Frozen / Chilled processed food,Bacon
P000003813,Prem Shrimp Wonton 10 PC,Yu Pin King,Noodles / Cooking needs / Processed food (cold),Frozen / Chilled processed food,Dim sum
P000004423,ONGEVITY LOTUS BUNS 3 PC,Yu Pin King,Noodles / Cooking needs / Processed food (cold),Frozen / Chilled processed food,Dim sum
P000003814,Mini Glutinous Rice Dumpling 3 PC,Yu Pin King,Noodles / Cooking needs / Processed food (cold),Frozen / Chilled processed food,Dim sum
P000004436,MUSHROOM PORK SHAOMAI 600 GM,Yu Pin King,Noodles / Cooking needs / Processed food (cold),Frozen / Chilled processed food,Dim sum
P000004437,LOBSTER SHAOMAI 600 GM,Yu Pin King,Noodles / Cooking needs / Processed food (cold),Frozen / Chilled processed food,Dim sum
P000003806,Hargow 8 PC,Yu Pin King,Noodles / Cooking needs / Processed food (cold),Frozen / Chilled processed food,Dim sum
P000004434,GLUTINOUS RICE BUNS 3 PC,Yu Pin King,Noodles / Cooking needs / Processed food (cold),Frozen / Chilled processed food,Dim sum
P000004407,FISH MEAT SHAOMAI 600 GM,Yu Pin King,Noodles / Cooking needs / Processed food (cold),Frozen / Chilled processed food,Dim sum
P000003807,Shrimp Shao Mai 10 PC,Yu Pin King,Noodles / Cooking needs / Processed food (cold),Frozen / Chilled processed food,Dim sum
P000003803,Egg Custard Buns 3 PC,Yu Pin King,Noodles / Cooking needs / Processed food (cold),Frozen / Chilled processed food,Dim sum
P000002045,Smoked Bacon 12oz,Hormel,Noodles / Cooking needs / Processed food (cold),Frozen / Chilled processed food,Bacon
P000004341,HAM STEAK 1LB 454 GM,Yu Pin King,Noodles / Cooking needs / Processed food (cold),Frozen / Chilled processed food,Ham
P000004338,HAM SLICES 1LB 454 GM,Yu Pin King,Noodles / Cooking needs / Processed food (cold),Frozen / Chilled processed food,Ham
P000000544,Sliced Sandwich Ham 200g,Maid Brand,Noodles / Cooking needs / Processed food (cold),Frozen / Chilled processed food,Ham
P000000543,Sliced Ham 200g,Maid Brand,Noodles / Cooking needs / Processed food (cold),Frozen / Chilled processed food,Ham
P000003723,Smoked Deli Ham 8oz 227g,Hormel,Noodles / Cooking needs / Processed food (cold),Frozen / Chilled processed food,Ham
P000003812,Xiao Long Bao 15 PC,Yu Pin King,Noodles / Cooking needs / Processed food (cold),Frozen / Chilled processed food,Dim sum
P000003811,Vegetable Pork Buns 3 PC,Yu Pin King,Noodles / Cooking needs / Processed food (cold),Frozen / Chilled processed food,Dim sum
P000003815,Shrimp Wonton 8 PC,Yu Pin King,Noodles / Cooking needs / Processed food (cold),Frozen / Chilled processed food,Dim sum
P000003274,Ground Nutmeg 31g,McCormick,Noodles / Cooking needs / Processed food (cold),Condiments & sauces / Cooking needs,Dry spices
P000001676,Umami Seasoning (Monosodium Glutamate) 454g,Aji-No-Moto,Noodles / Cooking needs / Processed food (cold),Condiments & sauces / Cooking needs,MSG
P000003237,Premium Chicken Bouillon Powder (No MSG added) 273g,Lee Kum Kee,Noodles / Cooking needs / Processed food (cold),Condiments & sauces / Cooking needs,Chicken powder / Mushroom powder
P000002288,No MSG Added Chicken Powder 273g,Knorr,Noodles / Cooking needs / Processed food (cold),Condiments & sauces / Cooking needs,Chicken powder / Mushroom powder
P000000234,Chicken Powder 273g,Knorr,Noodles / Cooking needs / Processed food (cold),Condiments & sauces / Cooking needs,Chicken powder / Mushroom powder
P000002999,Mushroom Powder 180g,Knorr,Noodles / Cooking needs / Processed food (cold),Condiments & sauces / Cooking needs,Chicken powder / Mushroom powder
P000001056,Table Salt with Monosodium Glutamate 110g,Aji-Shio,Noodles / Cooking needs / Processed food (cold),Condiments & sauces / Cooking needs,Salt
P000003305,Himalayan Natural Salt - Fine Grain 300g,Anthela,Noodles / Cooking needs / Processed food (cold),Condiments & sauces / Cooking needs,Salt
P000003304,Atlantic Sea Salt 360g,Cape Herb & Spice,Noodles / Cooking needs / Processed food (cold),Condiments & sauces / Cooking needs,Salt
P000004310,GRANULATED SUGAR 2 KG,Meadows,Noodles / Cooking needs / Processed food (cold),Condiments & sauces / Cooking needs,Sugar / Sweeteners
P000002736,Low Calorie Sweetener 8.5g 100 Tablets,Equal,Noodles / Cooking needs / Processed food (cold),Condiments & sauces / Cooking needs,Sugar / Sweeteners
P000002735,Low Calorie Sweetener 50g 50 Sachets,Equal,Noodles / Cooking needs / Processed food (cold),Condiments & sauces / Cooking needs,Sugar / Sweeteners
P000002738,White Sugar 1kg,CJ Beksul,Noodles / Cooking needs / Processed food (cold),Condiments & sauces / Cooking needs,Sugar / Sweeteners
P000002733,Brown Sugar 1kg,CJ Beksul,Noodles / Cooking needs / Processed food (cold),Condiments & sauces / Cooking needs,Sugar / Sweeteners
P000003685,Table Salt 454g,Meadows,Noodles / Cooking needs / Processed food (cold),Condiments & sauces / Cooking needs,Salt
P000004306,REDUCED SODIUM SALT 454 GM,Meadows,Noodles / Cooking needs / Processed food (cold),Condiments & sauces / Cooking needs,Salt
P000004316,MEDITERRANEAN SEA SALT GRINDER 110 GM,Meadows,Noodles / Cooking needs / Processed food (cold),Condiments & sauces / Cooking needs,Salt
P000003306,All Natural Pink Himalayan Rock Salt Mill 90g,Drogheria Alimentari,Noodles / Cooking needs / Processed food (cold),Condiments & sauces / Cooking needs,Salt
P000001035,Chicken Cube (12pcs) 120g,Knorr,Noodles / Cooking needs / Processed food (cold),Condiments & sauces / Cooking needs,Chicken broth cubes
P000003272,100% Organic Paprika 39g,The Spice Hunter,Noodles / Cooking needs / Processed food (cold),Condiments & sauces / Cooking needs,Dry spices
P000004335,THYME LEAVES 21 GM,Meadows,Noodles / Cooking needs / Processed food (cold),Condiments & sauces / Cooking needs,Dry spices
P000004318,PEPPERCORN MEDLEY GRINDER 45 GM,Meadows,Noodles / Cooking needs / Processed food (cold),Condiments & sauces / Cooking needs,Dry spices
P000004332,PARSLEY FLAKES 10 GM,Meadows,Noodles / Cooking needs / Processed food (cold),Condiments & sauces / Cooking needs,Dry spices
P000004333,OREGANO LEAVES 11 GM,Meadows,Noodles / Cooking needs / Processed food (cold),Condiments & sauces / Cooking needs,Dry spices
P000004319,ITALIAN SEASONING 19 GM,Meadows,Noodles / Cooking needs / Processed food (cold),Condiments & sauces / Cooking needs,Dry spices
P000004334,CRUSHED RED PEPPER 34 GM,Meadows,Noodles / Cooking needs / Processed food (cold),Condiments & sauces / Cooking needs,Dry spices
P000004308,BLACK PEPPERCORN GRINDER 50 GM,Meadows,Noodles / Cooking needs / Processed food (cold),Condiments & sauces / Cooking needs,Dry spices
P000003111,Mat Kimchi 500g,Chongga,Noodles / Cooking needs / Processed food (cold),Condiments & sauces / Cooking needs,Marinades / Pickles
P000004311,GRANULATED SUGAR 400 GM,Meadows,Noodles / Cooking needs / Processed food (cold),Condiments & sauces / Cooking needs,Sugar / Sweeteners
P000002105,Preserved Radish 70g x 3,Yummy House,Noodles / Cooking needs / Processed food (cold),Condiments & sauces / Cooking needs,Marinades / Pickles
P000003128,Concentrated Chicken Stock 270g,Swanson,Noodles / Cooking needs / Processed food (cold),Condiments & sauces / Cooking needs,Chicken broth concentrate
P000003127,Chicken Liquid Concentrate 240g,Knorr,Noodles / Cooking needs / Processed food (cold),Condiments & sauces / Cooking needs,Chicken broth concentrate
P000000029,Clear Chicken Broth 1L,Swanson,Noodles / Cooking needs / Processed food (cold),Condiments & sauces / Cooking needs,Chicken broth / Chicken soup base
P000003496,Clear Chicken Broth 500mL,Swanson,Noodles / Cooking needs / Processed food (cold),Condiments & sauces / Cooking needs,Chicken broth / Chicken soup base
P000001735,Clear Chicken Broth 250mL,Swanson,Noodles / Cooking needs / Processed food (cold),Condiments & sauces / Cooking needs,Chicken broth / Chicken soup base
P000003698,Chicken Broth 1L,Meadows,Noodles / Cooking needs / Processed food (cold),Condiments & sauces / Cooking needs,Chicken broth / Chicken soup base
P000000387,Chicken Broth 1L,Heinz,Noodles / Cooking needs / Processed food (cold),Condiments & sauces / Cooking needs,Chicken broth / Chicken soup base
P000001675,Soup Base for Satay Hot Pot 75g,Lee Kum Kee,Noodles / Cooking needs / Processed food (cold),Condiments & sauces / Cooking needs,Hot pot soup base
P000001360,Soup Base for Chicken Hot Pot 60g,Lee Kum Kee,Noodles / Cooking needs / Processed food (cold),Condiments & sauces / Cooking needs,Hot pot soup base
P000002107,Sliced Mustard Tuber with Black Fungus 70g x 3,Yummy House,Noodles / Cooking needs / Processed food (cold),Condiments & sauces / Cooking needs,Marinades / Pickles
P000002106,Sliced Mustard Tuber 70g x 3,Yummy House,Noodles / Cooking needs / Processed food (cold),Condiments & sauces / Cooking needs,Marinades / Pickles
P000002331,Panjacks Pancake Mix - Original 440g,White Wings,Noodles / Cooking needs / Processed food (cold),Baking needs / Wheat flour,Pancake mix / Pancake premix
P000002403,Wheat Flour 1kg,Nisshin Seifun,Noodles / Cooking needs / Processed food (cold),Baking needs / Wheat flour,Cake flour / Low gluten flour
P000002343,Self Raising Premium Flour 1kg,White Wings,Noodles / Cooking needs / Processed food (cold),Baking needs / Wheat flour,Self-raising flour
P000004326,SELF RAISING FLOUR 800 GM,Meadows,Noodles / Cooking needs / Processed food (cold),Baking needs / Wheat flour,Self-raising flour
P000002337,Self Raising Flour 400g,Kangaroo Brand,Noodles / Cooking needs / Processed food (cold),Baking needs / Wheat flour,Self-raising flour
P000000236,Jelly Powder - Mango 80g,Robertsons,Noodles / Cooking needs / Processed food (cold),Condiments & sauces / Cooking needs,Reconstituted Dessert
P000003233,Powdered Black Sesame Dessert 160g,Torto,Noodles / Cooking needs / Processed food (cold),Condiments & sauces / Cooking needs,Reconstituted Dessert
P000002737,Wheat Flour - Medium Flour 1kg,CJ Beksul,Noodles / Cooking needs / Processed food (cold),Baking needs / Wheat flour,Plain flour / All purpose flour
P000002347,Pancake Mix (Just Add Water) 500g,Betty Crocker,Noodles / Cooking needs / Processed food (cold),Baking needs / Wheat flour,Pancake mix / Pancake premix
P000002348,Super Moist Cake Mix - Chocolate Fudge 15.25oz,Betty Crocker,Noodles / Cooking needs / Processed food (cold),Baking needs / Wheat flour,Cake mix / Cake premix
P000002392,White Bread Premix 500g,Golden Statue,Noodles / Cooking needs / Processed food (cold),Baking needs / Wheat flour,Bread mix / Bread premix
P000002197,Premium Bread Flour - High Gluten 1kg,Golden Statue,Noodles / Cooking needs / Processed food (cold),Baking needs / Wheat flour,Bread flour / High gluten flour / Strong flour
P000002734,Wheat Flour - Strong Flour 1kg,CJ Beksul,Noodles / Cooking needs / Processed food (cold),Baking needs / Wheat flour,Bread flour / High gluten flour / Strong flour
P000002342,Plain Premium All Purpose Flour 1kg,White Wings,Noodles / Cooking needs / Processed food (cold),Baking needs / Wheat flour,Plain flour / All purpose flour
P000002344,Plain Flour 800g,Rich,Noodles / Cooking needs / Processed food (cold),Baking needs / Wheat flour,Plain flour / All purpose flour
P000002334,All Purpose Flour 2 pounds,Gold Medal Flour,Noodles / Cooking needs / Processed food (cold),Baking needs / Wheat flour,Plain flour / All purpose flour
P000003313,Cha Cha Dessert 440g,Nissin Retort Pouch,Noodles / Cooking needs / Processed food (cold),Condiments & sauces / Cooking needs,Reconstituted Dessert
P000000985,Rice Flour 600g,Erawan Brand,Noodles / Cooking needs / Processed food (cold),Condiments & sauces / Cooking needs,Rice flour / Glutinous rice flour
P000001010,Glutinous Rice Flour 600g,Erawan Brand,Noodles / Cooking needs / Processed food (cold),Condiments & sauces / Cooking needs,Rice flour / Glutinous rice flour
P000001094,Golden Slab Sugar 400g,Taikoo,Noodles / Cooking needs / Processed food (cold),Condiments & sauces / Cooking needs,Sugar / Sweeteners
P000001665,Golden Granulated Sugar 350g,Taikoo,Noodles / Cooking needs / Processed food (cold),Condiments & sauces / Cooking needs,Sugar / Sweeteners
P000001664,Golden Coffee Sugar Crystals 380g,Taikoo,Noodles / Cooking needs / Processed food (cold),Condiments & sauces / Cooking needs,Sugar / Sweeteners
P000001294,Yellow Rock Sugar 454g,Pearl River Bridge,Noodles / Cooking needs / Processed food (cold),Condiments & sauces / Cooking needs,Sugar / Sweeteners
P000003687,White Granulated Sugar 400g,Meadows,Noodles / Cooking needs / Processed food (cold),Condiments & sauces / Cooking needs,Sugar / Sweeteners
P000004307,LIGHT BROWN SUGAR 1 KG,Meadows,Noodles / Cooking needs / Processed food (cold),Condiments & sauces / Cooking needs,Sugar / Sweeteners
P000004312,GRANULATED SUGAR 800 GM,Meadows,Noodles / Cooking needs / Processed food (cold),Condiments & sauces / Cooking needs,Sugar / Sweeteners
P000000814,Granulated Sugar 400g,Taikoo,Noodles / Cooking needs / Processed food (cold),Condiments & sauces / Cooking needs,Sugar / Sweeteners
P000001881,Pure Water Chestnut Flour 500g,Pan Tang,Noodles / Cooking needs / Processed food (cold),Condiments & sauces / Cooking needs,Water chestnut flour
P000001886,Pure Gelatine 50g,Robertsons,Noodles / Cooking needs / Processed food (cold),Condiments & sauces / Cooking needs,Gelatine
P000003910,Corn Starch 420 GM,Meadows,Noodles / Cooking needs / Processed food (cold),Condiments & sauces / Cooking needs,Corn starch
P000003909,Corn Starch 227 GM,Meadows,Noodles / Cooking needs / Processed food (cold),Condiments & sauces / Cooking needs,Corn starch
P000000243,Corn Starch 420g,Knorr Kingsford's,Noodles / Cooking needs / Processed food (cold),Condiments & sauces / Cooking needs,Corn starch
P000001621,Corn Starch 227g,Knorr Kingsford's,Noodles / Cooking needs / Processed food (cold),Condiments & sauces / Cooking needs,Corn starch
P000002740,Sugar Sachet 375g 50pcs,Taikoo,Noodles / Cooking needs / Processed food (cold),Condiments & sauces / Cooking needs,Sugar / Sweeteners
P000001093,Rock Sugar 350g,Taikoo,Noodles / Cooking needs / Processed food (cold),Condiments & sauces / Cooking needs,Sugar / Sweeteners
P000003226,Smokehouse Almonds Can 150g,Blue Diamond,Candies / Biscuits / Snacks,Snacks,Nuts
P000000311,Cup Noodles - Kimchi Ramyun 70g,Nong Shim,Noodles / Cooking needs / Processed food (cold),Instant noodles,Cups / Bowls / Trays
P000004054,Extra Light Olive Oil 1 LT,Meadows,Rice / Oil / Canned food / Fruits / Vegetables / Meat,Edible oil / Cooking oil,Extra light olive oil
P000001257,Extra Light (Tasting) Olive Oil 1L,Filippo Berio,Rice / Oil / Canned food / Fruits / Vegetables / Meat,Edible oil / Cooking oil,Extra light olive oil
P000002250,Extra Light Olive Oil 1L,Bertolli,Rice / Oil / Canned food / Fruits / Vegetables / Meat,Edible oil / Cooking oil,Extra light olive oil
P000004056,Olive Oil 1 LT,Meadows,Rice / Oil / Canned food / Fruits / Vegetables / Meat,Edible oil / Cooking oil,Olive oil
P000000854,Pure Olive Oil 1L,Colavita,Rice / Oil / Canned food / Fruits / Vegetables / Meat,Edible oil / Cooking oil,Olive oil
P000002962,Olive Oil 500mL,Colavita,Rice / Oil / Canned food / Fruits / Vegetables / Meat,Edible oil / Cooking oil,Olive oil
P000000847,Classico Olive Oil 1L,Bertolli,Rice / Oil / Canned food / Fruits / Vegetables / Meat,Edible oil / Cooking oil,Olive oil
P000000856,Classico Olive Oil 250mL,Bertolli,Rice / Oil / Canned food / Fruits / Vegetables / Meat,Edible oil / Cooking oil,Olive oil
P000000853,Olive Oil 1L,Filippo Berio,Rice / Oil / Canned food / Fruits / Vegetables / Meat,Edible oil / Cooking oil,Olive oil
P000000384,Pomace Olive Oil 1L x 2,Bontaste,Rice / Oil / Canned food / Fruits / Vegetables / Meat,Edible oil / Cooking oil,Blended pomace olive oil
P000001039,Pomace Olive Oil 2L,Bontaste,Rice / Oil / Canned food / Fruits / Vegetables / Meat,Edible oil / Cooking oil,Blended pomace olive oil
P000002238,Rice Bran Oil 1L,Olitalia,Rice / Oil / Canned food / Fruits / Vegetables / Meat,Edible oil / Cooking oil,Rice bran oil
P000001253,Extra Virgin Olive Oil & Sunflower Seed Oil 900mL x 3,Knife,Rice / Oil / Canned food / Fruits / Vegetables / Meat,Edible oil / Cooking oil,Sunflower oil blends
P000000765,Extra Virgin Olive Oil & Sunflower Seed Oil 3L,Bontaste,Rice / Oil / Canned food / Fruits / Vegetables / Meat,Edible oil / Cooking oil,Sunflower oil blends
P000002235,Peanut Aroma Nutritious Oil with Extra Virgin Olive Oil 900mL x 3,Lion & Globe,Rice / Oil / Canned food / Fruits / Vegetables / Meat,Edible oil / Cooking oil,Peanut oil blends
P000000540,Health+ High Oleic Formula Peanut Oil 900mL x 3,Knife,Rice / Oil / Canned food / Fruits / Vegetables / Meat,Edible oil / Cooking oil,Peanut oil blends
P000001066,Grapeseed Oil with Canola Oil 900mL x 2,Lion & Globe,Rice / Oil / Canned food / Fruits / Vegetables / Meat,Edible oil / Cooking oil,Canola oil blends
P000001113,Extra Virgin Olive Oil with Canola Oil 3L,Lion & Globe,Rice / Oil / Canned food / Fruits / Vegetables / Meat,Edible oil / Cooking oil,Canola oil blends
P000000094,Extra Virgin Olive Oil with Canola Oil 900mL x 3,Lion & Globe,Rice / Oil / Canned food / Fruits / Vegetables / Meat,Edible oil / Cooking oil,Canola oil blends
P000002249,Extra Virgin Olive Oil with Canola Oil 750mL,Lion & Globe,Rice / Oil / Canned food / Fruits / Vegetables / Meat,Edible oil / Cooking oil,Canola oil blends
P000003528,Extra Virgin Avocado Oil with Canola Oil 900mL x 3,Lion & Globe,Rice / Oil / Canned food / Fruits / Vegetables / Meat,Edible oil / Cooking oil,Canola oil blends
P000000871,Extra Virgin Olive Oil & Canola Oil 900mL x 3,Knife,Rice / Oil / Canned food / Fruits / Vegetables / Meat,Edible oil / Cooking oil,Canola oil blends
P000004833,Rice Bran Oil 100% 1L,Rizi,Rice / Oil / Canned food / Fruits / Vegetables / Meat,Edible oil / Cooking oil,Rice bran oil
P000004053,Extra Virgin Olive Oil 1 LT,Meadows,Rice / Oil / Canned food / Fruits / Vegetables / Meat,Edible oil / Cooking oil,Extra virgin olive oil
P000000789,Extra Virgin Olive Oil 1L,Filippo Berio,Rice / Oil / Canned food / Fruits / Vegetables / Meat,Edible oil / Cooking oil,Extra virgin olive oil
P000002252,Extra Virgin Olive Oil 1L,Colavita,Rice / Oil / Canned food / Fruits / Vegetables / Meat,Edible oil / Cooking oil,Extra virgin olive oil
P000001067,Canola Oil 5L,Lion & Globe,Rice / Oil / Canned food / Fruits / Vegetables / Meat,Edible oil / Cooking oil,Canola oil
P000001051,Canola Oil 2L,Lion & Globe,Rice / Oil / Canned food / Fruits / Vegetables / Meat,Edible oil / Cooking oil,Canola oil
P000000097,Canola Oil 900mL x 3,Lion & Globe,Rice / Oil / Canned food / Fruits / Vegetables / Meat,Edible oil / Cooking oil,Canola oil
P000003293,Pure Canola Oil 5L,Knife,Rice / Oil / Canned food / Fruits / Vegetables / Meat,Edible oil / Cooking oil,Canola oil
P000001050,Pure Canola Oil 3L,Knife,Rice / Oil / Canned food / Fruits / Vegetables / Meat,Edible oil / Cooking oil,Canola oil
P000000018,Pure Canola Oil 900mL x 3,Knife,Rice / Oil / Canned food / Fruits / Vegetables / Meat,Edible oil / Cooking oil,Canola oil
P000002254,Pure Canola Oil 750mL,Knife,Rice / Oil / Canned food / Fruits / Vegetables / Meat,Edible oil / Cooking oil,Canola oil
P000004050,Pure Corn Oil 700 ML,Yu Pin King,Rice / Oil / Canned food / Fruits / Vegetables / Meat,Edible oil / Cooking oil,Corn oil
P000003774,Pure Corn Oil 3 X 900 ML,Yu Pin King,Rice / Oil / Canned food / Fruits / Vegetables / Meat,Edible oil / Cooking oil,Corn oil
P000003777,Pure Corn Oil 1.8 LT,Yu Pin King,Rice / Oil / Canned food / Fruits / Vegetables / Meat,Edible oil / Cooking oil,Corn oil
P000001497,Canola Oil 900mL,Mazola,Rice / Oil / Canned food / Fruits / Vegetables / Meat,Edible oil / Cooking oil,Canola oil
P000000861,Canola Oil 900mL x 3,Mazola,Rice / Oil / Canned food / Fruits / Vegetables / Meat,Edible oil / Cooking oil,Canola oil
P000001841,Extra Virgin Olive Oil 500mL,Colavita,Rice / Oil / Canned food / Fruits / Vegetables / Meat,Edible oil / Cooking oil,Extra virgin olive oil
P000000790,Extra Virgin Olive Oil 1L,Bertolli,Rice / Oil / Canned food / Fruits / Vegetables / Meat,Edible oil / Cooking oil,Extra virgin olive oil
P000004052,Grape Seed Oil 1 LT,Meadows,Rice / Oil / Canned food / Fruits / Vegetables / Meat,Edible oil / Cooking oil,Grapeseed oil
P000001491,Grapeseed Oil 750mL,Filippo Berio,Rice / Oil / Canned food / Fruits / Vegetables / Meat,Edible oil / Cooking oil,Grapeseed oil
P000001354,Grapeseed Oil 1L,Bontaste,Rice / Oil / Canned food / Fruits / Vegetables / Meat,Edible oil / Cooking oil,Grapeseed oil
P000000766,Sunflower Seed Oil 3L,Bontaste,Rice / Oil / Canned food / Fruits / Vegetables / Meat,Edible oil / Cooking oil,Sunflower oil
P000003780,Pure Canola Oil 700 ML,Yu Pin King,Rice / Oil / Canned food / Fruits / Vegetables / Meat,Edible oil / Cooking oil,Canola oil
P000003776,Pure Canola Oil 1.8 LT,Yu Pin King,Rice / Oil / Canned food / Fruits / Vegetables / Meat,Edible oil / Cooking oil,Canola oil
P000003773,Canola Oil\3 900 ML,Yu Pin King,Rice / Oil / Canned food / Fruits / Vegetables / Meat,Edible oil / Cooking oil,Canola oil
P000000862,Canola Oil 900mL x 3,Tripod Brand,Rice / Oil / Canned food / Fruits / Vegetables / Meat,Edible oil / Cooking oil,Canola oil
P000000873,Canola Oil 3.5L,Mazola,Rice / Oil / Canned food / Fruits / Vegetables / Meat,Edible oil / Cooking oil,Canola oil
P000001252,Extra Virgin Olive Oil with Sunflower Seed Oil 900mL x 3,Lion & Globe,Rice / Oil / Canned food / Fruits / Vegetables / Meat,Edible oil / Cooking oil,Sunflower oil blends
P000000917,Sliced Pork in Szechuan Style 198g,Ma Ling,Rice / Oil / Canned food / Fruits / Vegetables / Meat,Canned food,Canned sliced pork
P000001625,Shredded Pork & Preserved Vegetable 240g,Ma Ling,Rice / Oil / Canned food / Fruits / Vegetables / Meat,Canned food,Canned shredded pork
P000004115,Bockwurst Sausages in Brine 6's 180g,Meica,Rice / Oil / Canned food / Fruits / Vegetables / Meat,Canned food,Canned sausages
P000001816,Spiced Pork Cube 142g,Gulong,Rice / Oil / Canned food / Fruits / Vegetables / Meat,Canned food,Canned pork cubes
P000001165,Pork Luncheon Meat 340g,Tulip,Rice / Oil / Canned food / Fruits / Vegetables / Meat,Canned food,Canned ham / luncheon meat
P000000815,Spiced Pork Cubes 142g,Narcissus,Rice / Oil / Canned food / Fruits / Vegetables / Meat,Canned food,Canned pork cubes
P000001239,10 Hot Dog Skinless Sausages (Pork Sausages) 200g,Tulip,Rice / Oil / Canned food / Fruits / Vegetables / Meat,Canned food,Canned sausages
P000001240,Cocktail Skinless Sausages (Pork Sausages) 225g,Tulip,Rice / Oil / Canned food / Fruits / Vegetables / Meat,Canned food,Canned sausages
P000003399,Sardines in Oil with Chillies 140g,Connetable,Rice / Oil / Canned food / Fruits / Vegetables / Meat,Canned food,Canned sardines
P000000672,Sardine in Oil 125g,Red Marubean,Rice / Oil / Canned food / Fruits / Vegetables / Meat,Canned food,Canned sardines
P000003398,Sardines in Teriyaki Sauce 125g,Porthos,Rice / Oil / Canned food / Fruits / Vegetables / Meat,Canned food,Canned sardines
P000000673,Sardines in Olive Oil 125g,Porthos,Rice / Oil / Canned food / Fruits / Vegetables / Meat,Canned food,Canned sardines
P000001850,Sardines in Sunflower Oil 120g,John West,Rice / Oil / Canned food / Fruits / Vegetables / Meat,Canned food,Canned sardines
P000000750,Sardines in Tomato Sauce 425g,Del Monte,Rice / Oil / Canned food / Fruits / Vegetables / Meat,Canned food,Canned sardines
P000000045,Sardines in Tomato Sauce 215g,Del Monte,Rice / Oil / Canned food / Fruits / Vegetables / Meat,Canned food,Canned sardines
P000003394,Sardines in Teriyaki Sauce 215g,Del Monte,Rice / Oil / Canned food / Fruits / Vegetables / Meat,Canned food,Canned sardines
P000001238,Pork Luncheon Meat 200g,Tulip,Rice / Oil / Canned food / Fruits / Vegetables / Meat,Canned food,Canned ham / luncheon meat
P000000386,Chopped Pork and Ham 340g,Heaven Temple,Rice / Oil / Canned food / Fruits / Vegetables / Meat,Canned food,Canned ham / luncheon meat
P000000489,Chopped Pork and Ham 198g,Heaven Temple,Rice / Oil / Canned food / Fruits / Vegetables / Meat,Canned food,Canned ham / luncheon meat
P000000746,Chopped Pork and Ham 397g,Greatwall,Rice / Oil / Canned food / Fruits / Vegetables / Meat,Canned food,Canned ham / luncheon meat
P000000385,Chopped Pork and Ham 340g,Greatwall,Rice / Oil / Canned food / Fruits / Vegetables / Meat,Canned food,Canned ham / luncheon meat
p000000669,Chopped Pork and Ham 198g,Greatwall,Rice / Oil / Canned food / Fruits / Vegetables / Meat,Canned food,Canned ham / luncheon meat
P000000096,Extra Virgin Olive Oil with Sunflower Seed Oil 3L,Lion & Globe,Rice / Oil / Canned food / Fruits / Vegetables / Meat,Edible oil / Cooking oil,Sunflower oil blends
P000000003,Chopped Ham 340g,Tulip,Rice / Oil / Canned food / Fruits / Vegetables / Meat,Canned food,Canned ham / luncheon meat
P000000668,Chopped Ham 200g,Tulip,Rice / Oil / Canned food / Fruits / Vegetables / Meat,Canned food,Canned ham / luncheon meat
P000003502,Less Sodium Ham Luncheon Meat 340g,Royal Taste,Rice / Oil / Canned food / Fruits / Vegetables / Meat,Canned food,Canned ham / luncheon meat
P000000078,Premium Ham Luncheon Meat 397g,Ma Ling,Rice / Oil / Canned food / Fruits / Vegetables / Meat,Canned food,Canned ham / luncheon meat
P000003501,Premium Ham Luncheon Meat 340g,Ma Ling,Rice / Oil / Canned food / Fruits / Vegetables / Meat,Canned food,Canned ham / luncheon meat
p000000670,Pork Luncheon Meat 397g,Ma Ling,Rice / Oil / Canned food / Fruits / Vegetables / Meat,Canned food,Canned ham / luncheon meat
P000000747,Pork Luncheon Meat 198g,Ma Ling,Rice / Oil / Canned food / Fruits / Vegetables / Meat,Canned food,Canned ham / luncheon meat
P000000748,Pork Luncheon Meat 170g x 3,Ma Ling,Rice / Oil / Canned food / Fruits / Vegetables / Meat,Canned food,Canned ham / luncheon meat
P000002521,Less Sodium (than Spam Classic) Luncheon Meat (12oz) 340g,Hormel Spam,Rice / Oil / Canned food / Fruits / Vegetables / Meat,Canned food,Canned ham / luncheon meat
P000000893,Luncheon Meat (12oz) 340g,Hormel,Rice / Oil / Canned food / Fruits / Vegetables / Meat,Canned food,Canned ham / luncheon meat
P000000488,Chopped Pork and Ham 397g,Heaven Temple,Rice / Oil / Canned food / Fruits / Vegetables / Meat,Canned food,Canned ham / luncheon meat
P000001254,Corn Oil 900mL x 3,Mazola,Rice / Oil / Canned food / Fruits / Vegetables / Meat,Edible oil / Cooking oil,Corn oil
P000003000,Superior Thai Hom Mali Rice 8kg,Chewy,Rice / Oil / Canned food / Fruits / Vegetables / Meat,Rice,White rice
P000002953,Golden Premium Thai Hom Mali Rice 8kg,Chewy,Rice / Oil / Canned food / Fruits / Vegetables / Meat,Rice,White rice
P000000537,Japonica Species Pearl Rice 5kg,Cherry Blossom Castle Brand,Rice / Oil / Canned food / Fruits / Vegetables / Meat,Rice,White rice
P000002731,Thai Organic Fragrant Rice 2kg,Cheer,Rice / Oil / Canned food / Fruits / Vegetables / Meat,Rice,White rice
P000002656,Seaweed (Orginal Flavour) 50pcs 37.5g,Four Seas,Candies / Biscuits / Snacks,Snacks,Seaweeds
P000002657,Seaweed (Orginal Flavour) 100pcs 75g,Four Seas,Candies / Biscuits / Snacks,Snacks,Seaweeds
P000002506,Premium American Pearl Rice 3kg,Chewy Kumai,Rice / Oil / Canned food / Fruits / Vegetables / Meat,Rice,White rice
P000000600,BSCM Thai Hom Mali Rice 5kg,Golden Phoenix (KFY),Rice / Oil / Canned food / Fruits / Vegetables / Meat,Rice,White rice
P000001064,BSCM Thai Hom Mali Rice 2kg,Golden Phoenix (KFY),Rice / Oil / Canned food / Fruits / Vegetables / Meat,Rice,White rice
P000002921,BSCM Premium Thai Hom Mali Rice (New Crop) 5kg,Golden Phoenix (KFY),Rice / Oil / Canned food / Fruits / Vegetables / Meat,Rice,White rice
P000000995,BSCM Thai Hom Mali Rice (Khao Hom Mali) 10kg,Golden Phoenix (CTH),Rice / Oil / Canned food / Fruits / Vegetables / Meat,Rice,White rice
P000000602,BSCM Thai Hom Mali Rice (Khao Hom Mali) 5kg,Golden Phoenix (CTH),Rice / Oil / Canned food / Fruits / Vegetables / Meat,Rice,White rice
P000000154,Premium Jasmine Rice 8kg,Golden Elephant Brand,Rice / Oil / Canned food / Fruits / Vegetables / Meat,Rice,White rice
P000000153,Premium Jasmine Rice 5kg,Golden Elephant Brand,Rice / Oil / Canned food / Fruits / Vegetables / Meat,Rice,White rice
P000002284,Pearl Rice 5kg,Golden Elephant Brand,Rice / Oil / Canned food / Fruits / Vegetables / Meat,Rice,White rice
P000000170,Australian Calrose Rice 5kg,Double Ram,Rice / Oil / Canned food / Fruits / Vegetables / Meat,Rice,White rice
P000002992,Tokushima Rice 2kg,Chewy Kumai,Rice / Oil / Canned food / Fruits / Vegetables / Meat,Rice,White rice
P000002655,Seaweed (Orginal Flavour) 24pcs 18g,Four Seas,Candies / Biscuits / Snacks,Snacks,Seaweeds
P000003312,Roasted & Salted Peanuts 320g,Sze Hing Loong Ladybird,Candies / Biscuits / Snacks,Snacks,Nuts
P000004212,CHESTNUTS 100 GM,Meadows,Candies / Biscuits / Snacks,Snacks,Nuts
P000003673,Baked Whole Almonds 100g,Meadows,Candies / Biscuits / Snacks,Snacks,Nuts
P000003703,BBQ Flavour Peanuts 180g,Koh-Kae,Candies / Biscuits / Snacks,Snacks,Nuts
P000003705,Raw Walnuts 454g,Heritage,Candies / Biscuits / Snacks,Snacks,Nuts
P000002845,Natural Toasted Almonds (Unsalted) 500g,Heritage,Candies / Biscuits / Snacks,Snacks,Nuts
P000003706,Roasted Unsalted Walnuts 120g,Cheer,Candies / Biscuits / Snacks,Snacks,Nuts
P000003709,Pepper Salted Peanuts 200g,Champ Luck,Candies / Biscuits / Snacks,Snacks,Nuts
P000000851,Mixed Nuts 280g,Butterfly Brand,Candies / Biscuits / Snacks,Snacks,Nuts
P000003704,Dry Roasted Pistachios 200g,Butterfly Brand,Candies / Biscuits / Snacks,Snacks,Nuts
P000000217,BSCM Thai Hom Mali Rice 8kg,Golden Phoenix (KFY),Rice / Oil / Canned food / Fruits / Vegetables / Meat,Rice,White rice
P000004224,COATED GREEN PEAS 80 GM,Meadows,Candies / Biscuits / Snacks,Snacks,Nuts
P000003488,Dry Roasted Peanuts 453g,Planters,Candies / Biscuits / Snacks,Snacks,Nuts
P000003672,Roasted Peanuts 100g,Meadows,Candies / Biscuits / Snacks,Snacks,Nuts
P000004218,ROASTED WALNUTS 100 GM,Meadows,Candies / Biscuits / Snacks,Snacks,Nuts
P000004238,ROASTED PISTACHIOS 100 GM,Meadows,Candies / Biscuits / Snacks,Snacks,Nuts
P000004222,ROASTED CASHEWS NUTS 40 GM,Meadows,Candies / Biscuits / Snacks,Snacks,Nuts
P000004215,ROASTED CASHEWS NUTS 370 GM,Meadows,Candies / Biscuits / Snacks,Snacks,Nuts
P000004216,PARTY MIX 80 GM,Meadows,Candies / Biscuits / Snacks,Snacks,Nuts
P000003912,Menglembu Groundnuts 320 GM,Meadows,Candies / Biscuits / Snacks,Snacks,Nuts
P000004236,JUJUBE WALNUTS 100 GM,Meadows,Candies / Biscuits / Snacks,Snacks,Nuts
P000004248,HONEY ROASTED ALMOND 100 GM,Meadows,Candies / Biscuits / Snacks,Snacks,Nuts
P000000546,Corn Oil 3.5L,Mazola,Rice / Oil / Canned food / Fruits / Vegetables / Meat,Edible oil / Cooking oil,Corn oil
P000001060,BSCM Thai Hom Mali Rice 15kg,Golden Phoenix (KFY),Rice / Oil / Canned food / Fruits / Vegetables / Meat,Rice,White rice
P000002891,Low GI Rice 2kg,Kangaroo Brand,Rice / Oil / Canned food / Fruits / Vegetables / Meat,Rice,White rice
P000000095,Extra Virgin Peanut Oil 900mL x 3,Lion & Globe,Rice / Oil / Canned food / Fruits / Vegetables / Meat,Edible oil / Cooking oil,Peanut oil
P000003527,Black Peanut Oil 900mL x 3,Lion & Globe,Rice / Oil / Canned food / Fruits / Vegetables / Meat,Edible oil / Cooking oil,Peanut oil
P000002242,Supreme Peanut Oil 900mL x 3,Knife,Rice / Oil / Canned food / Fruits / Vegetables / Meat,Edible oil / Cooking oil,Peanut oil
P000000890,Peanut Oil 2L,Lion & Globe,Rice / Oil / Canned food / Fruits / Vegetables / Meat,Edible oil / Cooking oil,Peanut oil
P000002241,Supreme Peanut Oil 5L,Knife,Rice / Oil / Canned food / Fruits / Vegetables / Meat,Edible oil / Cooking oil,Peanut oil
P000002255,Pure Peanut Oil 750mL,Knife,Rice / Oil / Canned food / Fruits / Vegetables / Meat,Edible oil / Cooking oil,Peanut oil
P000001233,Pure Peanut Oil 5L,Knife,Rice / Oil / Canned food / Fruits / Vegetables / Meat,Edible oil / Cooking oil,Peanut oil
P000000889,Pure Peanut Oil 3L,Knife,Rice / Oil / Canned food / Fruits / Vegetables / Meat,Edible oil / Cooking oil,Peanut oil
P000000541,Pure Peanut Oil 900mL x 3,Knife,Rice / Oil / Canned food / Fruits / Vegetables / Meat,Edible oil / Cooking oil,Peanut oil
P000001234,Peanut Oil 5L,Lion & Globe,Rice / Oil / Canned food / Fruits / Vegetables / Meat,Edible oil / Cooking oil,Peanut oil
P000000542,Peanut Oil 900mL x 3,Lion & Globe,Rice / Oil / Canned food / Fruits / Vegetables / Meat,Edible oil / Cooking oil,Peanut oil
P000003294,Peanut Oil 900mL x 4,Lion & Globe,Rice / Oil / Canned food / Fruits / Vegetables / Meat,Edible oil / Cooking oil,Peanut oil
P000000241,Corn Oil 900mL,Mazola,Rice / Oil / Canned food / Fruits / Vegetables / Meat,Edible oil / Cooking oil,Corn oil
P000001232,Pure Corn Oil 5L,Lion & Globe,Rice / Oil / Canned food / Fruits / Vegetables / Meat,Edible oil / Cooking oil,Corn oil
P000001045,Pure Corn Oil 2L,Lion & Globe,Rice / Oil / Canned food / Fruits / Vegetables / Meat,Edible oil / Cooking oil,Corn oil
P000000864,Corn Oil 900mL x 3,Lion & Globe,Rice / Oil / Canned food / Fruits / Vegetables / Meat,Edible oil / Cooking oil,Corn oil
P000002247,Corn Oil 600mL,Lion & Globe,Rice / Oil / Canned food / Fruits / Vegetables / Meat,Edible oil / Cooking oil,Corn oil
P000001255,Pure Corn Oil 5L,Knife,Rice / Oil / Canned food / Fruits / Vegetables / Meat,Edible oil / Cooking oil,Corn oil
P000001044,Pure Corn Oil 3L,Knife,Rice / Oil / Canned food / Fruits / Vegetables / Meat,Edible oil / Cooking oil,Corn oil
P000000017,Pure Corn Oil 900mL x 3,Knife,Rice / Oil / Canned food / Fruits / Vegetables / Meat,Edible oil / Cooking oil,Corn oil
P000001073,Peanut Oil 5L,Unicorn,Rice / Oil / Canned food / Fruits / Vegetables / Meat,Edible oil / Cooking oil,Peanut oil
P000001076,Pure Peanut Oil 5L,Tripod Brand,Rice / Oil / Canned food / Fruits / Vegetables / Meat,Edible oil / Cooking oil,Peanut oil
P000000768,Pure Peanut Oil 900mL x 3,Tripod Brand,Rice / Oil / Canned food / Fruits / Vegetables / Meat,Edible oil / Cooking oil,Peanut oil
P000003767,Glutinous Rice 2 KG,Yu Pin King,Rice / Oil / Canned food / Fruits / Vegetables / Meat,Rice,Glutinous rice
P000003766,Pure Red Rice 2 KG,Yu Pin King,Rice / Oil / Canned food / Fruits / Vegetables / Meat,Rice,Red / Brown / Mixed rice
P000003764,Thai Home Mali Rice 8 KG,Yu Pin King,Rice / Oil / Canned food / Fruits / Vegetables / Meat,Rice,White rice
P000003770,Thai Home Mali Rice 5 KG,Yu Pin King,Rice / Oil / Canned food / Fruits / Vegetables / Meat,Rice,White rice
P000002056,Fragrant Rice 8kg,Treasure,Rice / Oil / Canned food / Fruits / Vegetables / Meat,Rice,White rice
P000002070,Pearl Round Rice 5kg,Tinnmi Sushi,Rice / Oil / Canned food / Fruits / Vegetables / Meat,Rice,White rice
P000002285,Pearl Round Rice 1.5kg,Tinnmi Sushi,Rice / Oil / Canned food / Fruits / Vegetables / Meat,Rice,White rice
P000002379,Thai Hom Mali Rice (Thai Jasmine Rice) 8kg,Silver Spoon,Rice / Oil / Canned food / Fruits / Vegetables / Meat,Rice,White rice
P000002378,Thai Hom Mali Rice (Thai Jasmine Rice) 5kg,Silver Spoon,Rice / Oil / Canned food / Fruits / Vegetables / Meat,Rice,White rice
P000002067,Thai Jasmine Rice (Thai Hom Mali Rice) 8kg,Royal Umbrella,Rice / Oil / Canned food / Fruits / Vegetables / Meat,Rice,White rice
P000002863,Premium Grade Rice - Medium Grain Specially Selected 10 pounds (4.54kg),Nishiki Brand,Rice / Oil / Canned food / Fruits / Vegetables / Meat,Rice,White rice
P000002055,Premium Fragrant Rice 8kg,Lucky Brand,Rice / Oil / Canned food / Fruits / Vegetables / Meat,Rice,White rice
P000000145,See Mew Rice 8kg,Kangaroo Brand,Rice / Oil / Canned food / Fruits / Vegetables / Meat,Rice,White rice
P000000732,See Mew Rice 5kg,Kangaroo Brand,Rice / Oil / Canned food / Fruits / Vegetables / Meat,Rice,White rice
P000000157,Premium Jasmine Rice 8kg,Kam Heung,Rice / Oil / Canned food / Fruits / Vegetables / Meat,Rice,White rice
P000003771,Thai Jasmine Fragrant Rice 2 KG,Yu Pin King,Rice / Oil / Canned food / Fruits / Vegetables / Meat,Rice,White rice
P000003765,Healthy Mixed Rice 5 KG,Yu Pin King,Rice / Oil / Canned food / Fruits / Vegetables / Meat,Rice,Red / Brown / Mixed rice
P000004391,HEALTHY MIXED RICE 2 KG,Yu Pin King,Rice / Oil / Canned food / Fruits / Vegetables / Meat,Rice,Red / Brown / Mixed rice
P000003768,Brown Rice,Yu Pin King,Rice / Oil / Canned food / Fruits / Vegetables / Meat,Rice,Red / Brown / Mixed rice
P000002074,Brown Rice 2kg,San Hao Rice,Rice / Oil / Canned food / Fruits / Vegetables / Meat,Rice,Red / Brown / Mixed rice
P000002073,5 Cereal Rice 1.8kg,San Hao Rice,Rice / Oil / Canned food / Fruits / Vegetables / Meat,Rice,Red / Brown / Mixed rice
P000002078,Organic Red Cargo Rice 1kg,Golden Phoenix (KFY),Rice / Oil / Canned food / Fruits / Vegetables / Meat,Rice,Red / Brown / Mixed rice
P000002053,Organic Brown Jasmine Rice 1kg,Golden Phoenix (KFY),Rice / Oil / Canned food / Fruits / Vegetables / Meat,Rice,Red / Brown / Mixed rice
P000001062,BSCM Red Rice 1.5kg,Golden Phoenix (KFY),Rice / Oil / Canned food / Fruits / Vegetables / Meat,Rice,Red / Brown / Mixed rice
P000001063,BSCM Brown Jasmine Rice 1.5kg,Golden Phoenix (KFY),Rice / Oil / Canned food / Fruits / Vegetables / Meat,Rice,Red / Brown / Mixed rice
P000002732,Healthy Mixed Thai Fragrant Rice 5kg,Cheer,Rice / Oil / Canned food / Fruits / Vegetables / Meat,Rice,Red / Brown / Mixed rice
P000003763,Thai Jasmine Fragrant Rice 8 KG,Yu Pin King,Rice / Oil / Canned food / Fruits / Vegetables / Meat,Rice,White rice
P000003769,Thai Jasmine Fragrant Rice 5 KG,Yu Pin King,Rice / Oil / Canned food / Fruits / Vegetables / Meat,Rice,White rice
P000001909,Sardine in Oil with Chili 125g,Red Marubean,Rice / Oil / Canned food / Fruits / Vegetables / Meat,Canned food,Canned sardines
P000002803,Pack (1 pc) (54288),Frozen Yellow Coraker,Rice / Oil / Canned food / Fruits / Vegetables / Meat,Frozen seafood,Frozen Yellow Coraker
P000002794,Pack (2 pcs) (947184),Frozen Norwegian Salmon Steak (Norge),Rice / Oil / Canned food / Fruits / Vegetables / Meat,Frozen seafood,Frozen Salmon
P000002787,Pack (2 pcs) (53617),Frozen Norwegian Salmon Steak (Norge),Rice / Oil / Canned food / Fruits / Vegetables / Meat,Frozen seafood,Frozen Salmon
P000002416,400g (63642),Frozen Greenland Halibut Steaks,Rice / Oil / Canned food / Fruits / Vegetables / Meat,Frozen seafood,Frozen Halibut
P000002312,Pack (3pcs) (46532),Frozen Pacific Saury,Rice / Oil / Canned food / Fruits / Vegetables / Meat,Frozen seafood,Frozen pacific saury
P000004421,FROZEN JUMBO TIGER PRAWNS 300 GM,Meadows,Rice / Oil / Canned food / Fruits / Vegetables / Meat,Frozen seafood,Others
P000004076,Can Grain Fed Beef Short Ribs 454 GM,Meadows,Rice / Oil / Canned food / Fruits / Vegetables / Meat,Frozen meat / poultry,Frozen Beef
P000002004,Mid Joint Chicken Wings 908g (2 pounds) (10980),Brazil Chicken Wings,Rice / Oil / Canned food / Fruits / Vegetables / Meat,Frozen meat / poultry,Frozen chicken wings
P000004083,USA Frozen Grain FED Pork Chop 454 GM,Meadows,Rice / Oil / Canned food / Fruits / Vegetables / Meat,Frozen meat / poultry,Frozen pork chops / steaks
P000003500,Boneless Pork Chop 400g,Danish Crown,Rice / Oil / Canned food / Fruits / Vegetables / Meat,Frozen meat / poultry,Frozen pork chops / steaks
P000004075,USA Grain Bed Beef Rib Fingers 454 GM,Meadows,Rice / Oil / Canned food / Fruits / Vegetables / Meat,Frozen meat / poultry,Frozen Beef
P000004400,FROZEN IMITATION ABALONE SLICE 300 GM,Yu Pin King,Rice / Oil / Canned food / Fruits / Vegetables / Meat,Frozen seafood,Others
P000000391,Instant Noodle - Pickled & Veg 103g x 5,Doll,Noodles / Cooking needs / Processed food (cold),Instant noodles,Packs
P000000300,Instant Noodle - Chicken 103g x 5,Doll,Noodles / Cooking needs / Processed food (cold),Instant noodles,Packs
P000003737,Instant Rice Vermicelli - Original Flavour 65g x 5,Chewy,Noodles / Cooking needs / Processed food (cold),Instant noodles,Packs
P000003001,Instant Rice Vermicelli - Original Flavour 65g,Chewy,Noodles / Cooking needs / Processed food (cold),Instant noodles,Packs
P000002461,500g (314636),Sweet Corn (Kernels),Rice / Oil / Canned food / Fruits / Vegetables / Meat,Frozen vegetables,Frozen corn kernels
P000004417,FROZEN SWEET CORN 500 GM,Meadows,Rice / Oil / Canned food / Fruits / Vegetables / Meat,Frozen vegetables,Frozen corn kernels
P000004418,FROZEN GARDEN PEAS 500 GM,Meadows,Rice / Oil / Canned food / Fruits / Vegetables / Meat,Frozen vegetables,Frozen peas
P000002405,800g (379683),Mixed Vegetables,Rice / Oil / Canned food / Fruits / Vegetables / Meat,Frozen vegetables,Frozen mixed vegetables
P000002622,500g (131022),Mixed Vegetables,Rice / Oil / Canned food / Fruits / Vegetables / Meat,Frozen vegetables,Frozen mixed vegetables
P000004410,MIXED VEGETABLES 500 GM,Meadows,Rice / Oil / Canned food / Fruits / Vegetables / Meat,Frozen vegetables,Frozen mixed vegetables
P000002562,Chilled Yellow Chicken (Whole Chicken) 1pc (072751) (0000021072758),China Chilled Chicken,Rice / Oil / Canned food / Fruits / Vegetables / Meat,Chilled / Fresh meat,Chilled whole chicken
P000002041,Chilled Royal Chicken (Whole Chicken) 1pc (938852),China Chilled Chicken,Rice / Oil / Canned food / Fruits / Vegetables / Meat,Chilled / Fresh meat,Chilled whole chicken
P000002367,Plastic Tray Pack 125g (926840),Blueberries,Rice / Oil / Canned food / Fruits / Vegetables / Meat,Fresh fruits,Blueberries
P000004357,SHITAKE MUSHROOMS 425 GM,Meadows,Rice / Oil / Canned food / Fruits / Vegetables / Meat,Fresh vegetables,Others
P000004368,MUSHROOMS PIECE WITH STEMS 425 GM,Meadows,Rice / Oil / Canned food / Fruits / Vegetables / Meat,Fresh vegetables,Others
P000004367,MUSHROOMS PIECE WITH STEMS 184 GM,Meadows,Rice / Oil / Canned food / Fruits / Vegetables / Meat,Fresh vegetables,Others
P000004347,KOREAN KING OYSTER MUSHROOM 300 GM,Meadows,Rice / Oil / Canned food / Fruits / Vegetables / Meat,Fresh vegetables,Others
P000004364,CANNED STRAW MUSHROOMS (BROKE) 425 GM,Meadows,Rice / Oil / Canned food / Fruits / Vegetables / Meat,Fresh vegetables,Others
P000004348,NEW ZEALAND ONION 1 KG,Meadows,Rice / Oil / Canned food / Fruits / Vegetables / Meat,Fresh vegetables,Onions
P000002407,Pack (340g / 12oz) (55505),Peeled Baby Carrots,Rice / Oil / Canned food / Fruits / Vegetables / Meat,Fresh vegetables,Carrots
P000004363,AUSTRALIAN CARROT 1 KG,Meadows,Rice / Oil / Canned food / Fruits / Vegetables / Meat,Fresh vegetables,Carrots
P000001828,Pack 1kg (05279),Carrots,Rice / Oil / Canned food / Fruits / Vegetables / Meat,Fresh vegetables,Carrots
P000004366,WHOLE MUSHROOMS 184 GM,Meadows,Rice / Oil / Canned food / Fruits / Vegetables / Meat,Fresh vegetables,Others
P000001827,Pack 2 pounds (55510),Baking Potatoes (US),Rice / Oil / Canned food / Fruits / Vegetables / Meat,Fresh vegetables,Potatoes
P000002366,Plastic Tray Pack 125g (75568),Blueberries,Rice / Oil / Canned food / Fruits / Vegetables / Meat,Fresh fruits,Blueberries
P000004352,PHILIPPINES HONEY PINEAPPLE 1 EA,Meadows,Rice / Oil / Canned food / Fruits / Vegetables / Meat,Fresh fruits,Pineapples
P000002281,(each pc) (73806},Golden Pineapple,Rice / Oil / Canned food / Fruits / Vegetables / Meat,Fresh fruits,Pineapples
P000001763,(each pc) (75504),Lemon,Rice / Oil / Canned food / Fruits / Vegetables / Meat,Fresh fruits,Lemons
P000001761,(each pc) (73763),Red Grapefruit,Rice / Oil / Canned food / Fruits / Vegetables / Meat,Fresh fruits,Grapefruits
P000001751,Plastic Mesh Pack Orange (8pcs) (70005),Sunkist,Rice / Oil / Canned food / Fruits / Vegetables / Meat,Fresh fruits,Oranges
P000002189,"(Size ""80s"") (each pc) (984377)",Holland Conference Pear,Rice / Oil / Canned food / Fruits / Vegetables / Meat,Fresh fruits,Pears
P000001631,Philippine Bananas (per pound) (75536),Del Monte,Rice / Oil / Canned food / Fruits / Vegetables / Meat,Fresh fruits,Bananas
P000001779,(each pc) (73753),Red Delicious Apple,Rice / Oil / Canned food / Fruits / Vegetables / Meat,Fresh fruits,Apples
P000001788,(each pc) (37157),China Fuji Apple,Rice / Oil / Canned food / Fruits / Vegetables / Meat,Fresh fruits,Apples
P000002997,Pack 3 pcs (529909),Garlics,Rice / Oil / Canned food / Fruits / Vegetables / Meat,Fresh vegetables,Garlics
P000002996,Pack 3 pcs (49718),Garlics,Rice / Oil / Canned food / Fruits / Vegetables / Meat,Fresh vegetables,Garlics
P000001830,(per pack) (67262),Potatoes,Rice / Oil / Canned food / Fruits / Vegetables / Meat,Fresh vegetables,Potatoes
P000004354,USA BAKING POTATO 1 KG,Meadows,Rice / Oil / Canned food / Fruits / Vegetables / Meat,Fresh vegetables,Potatoes
P000004365,WHOLE MUSHROOMS 425 GM,Meadows,Rice / Oil / Canned food / Fruits / Vegetables / Meat,Fresh vegetables,Others
P000002286,Pack (2pcs) (53340),Long Bitter Cucumber,Rice / Oil / Canned food / Fruits / Vegetables / Meat,Fresh vegetables,Bitter cucumber
P000000390,Instant Noodle - Sesame Oil Flavour 100g x 5,Doll,Noodles / Cooking needs / Processed food (cold),Instant noodles,Packs
P000003738,Mifun - Spicy Flavour 70g x 4,Doll,Noodles / Cooking needs / Processed food (cold),Instant noodles,Packs
P000000298,Bowl Noodle - Tonkotsu 122g,Doll,Noodles / Cooking needs / Processed food (cold),Instant noodles,Cups / Bowls / Trays
P000003234,Bowl Mifun - Pickled Vegetable and Pork Flavour 77g,Doll,Noodles / Cooking needs / Processed food (cold),Instant noodles,Cups / Bowls / Trays
P000002353,Singapore Laksa La Mian (Premium Noodle in Aromatic Coconut Soup) 185g,Prima Taste,Noodles / Cooking needs / Processed food (cold),Instant noodles,Packs
P000000389,Shin Ramen 120g,Nong Shim,Noodles / Cooking needs / Processed food (cold),Instant noodles,Packs
P000000148,Kimchi Ramyun 120g x 5,Nong Shim,Noodles / Cooking needs / Processed food (cold),Instant noodles,Packs
P000000310,Korean Clay Pot Ramyun 120g x 5,Nong Shim,Noodles / Cooking needs / Processed food (cold),Instant noodles,Packs
P000000186,Fried Noodle - Chilli Sauce 120g,Doll,Noodles / Cooking needs / Processed food (cold),Instant noodles,Cups / Bowls / Trays
P000000394,Cup Noodle - Shin Ramen 65g,Nong Shim,Noodles / Cooking needs / Processed food (cold),Instant noodles,Cups / Bowls / Trays
P000000309,Bowl Noodle - Shin Ramen 114g,Nong Shim,Noodles / Cooking needs / Processed food (cold),Instant noodles,Cups / Bowls / Trays
P000000304,Demae Ramen Bowl Noodle - Sesame Oil Flavour 99g,Nissin,Noodles / Cooking needs / Processed food (cold),Instant noodles,Cups / Bowls / Trays
P000000069,Cup Noodle - Seafood Flavour 72g,Nissin,Noodles / Cooking needs / Processed food (cold),Instant noodles,Cups / Bowls / Trays
P000002159,Cup Noodle - Prawn Flavour 74g,Nissin,Noodles / Cooking needs / Processed food (cold),Instant noodles,Cups / Bowls / Trays
P000000660,Cup Noodle - Beef Flavour 75g,Nissin,Noodles / Cooking needs / Processed food (cold),Instant noodles,Cups / Bowls / Trays
P000000307,Bowl Noodle - Beef Flavor 187g,Imperial Big Meal,Noodles / Cooking needs / Processed food (cold),Instant noodles,Cups / Bowls / Trays
P000003472,Instant Macaroni - Seafood with Abalone Flavour 90g,Nissin,Noodles / Cooking needs / Processed food (cold),Instant noodles,Packs
P000002959,Demae Ramen Straight Noodle - Hokkaido Miso Tonkotsu Flavour 181g,Nissin,Noodles / Cooking needs / Processed food (cold),Instant noodles,Packs
P000000658,Quick Serve Macaroni - Beef Broth 80g,Knorr,Noodles / Cooking needs / Processed food (cold),Instant noodles,Packs
P000000939,Mi Goreng Instant Noodles 85g x 5,Indomie,Noodles / Cooking needs / Processed food (cold),Instant noodles,Packs
P000000393,Fried Noodles - Original Flavour (5 in 1) 80g x 5,Indomie,Noodles / Cooking needs / Processed food (cold),Instant noodles,Packs
P000000396,Superior Soup Instant Rice Noodle 65g x 5,Fuku,Noodles / Cooking needs / Processed food (cold),Instant noodles,Packs
P000000114,Superior Soup Instant Noodle 90g x 5,Fuku,Noodles / Cooking needs / Processed food (cold),Instant noodles,Packs
P000000827,Superior Soup Instant Noodle 90g,Fuku,Noodles / Cooking needs / Processed food (cold),Instant noodles,Packs
P000000039,Instant Noodle - Seaweed Flavor 90g x 5,Four Seas,Noodles / Cooking needs / Processed food (cold),Instant noodles,Packs
P000000826,Mifun - Pickled Vegetable 70g,Doll,Noodles / Cooking needs / Processed food (cold),Instant noodles,Packs
P000000058,Quick Serve Macaroni - Chicken Broth 80g,Knorr,Noodles / Cooking needs / Processed food (cold),Instant noodles,Packs
P000001128,Demae Ramen Instant Noodle - Sesame Oil Flavour 100g x 5,Nissin,Noodles / Cooking needs / Processed food (cold),Instant noodles,Packs
P000000302,Demae Ramen Instant Noodle - Kyushu Tonkotsu Flavour 100g x 5,Nissin,Noodles / Cooking needs / Processed food (cold),Instant noodles,Packs
P000000015,Demae Ramen Instant Noodle - Sesame Oil Flavour 100g,Nissin,Noodles / Cooking needs / Processed food (cold),Instant noodles,Packs
P000001590,Demae Ramen Instant Noodle - Kyushu Tonkotsu Flavour 100g,Nissin,Noodles / Cooking needs / Processed food (cold),Instant noodles,Packs
P000000014,Demae Ramen Instant Noodle - Five Spice Beef Flavour 100g,Nissin,Noodles / Cooking needs / Processed food (cold),Instant noodles,Packs
P000001872,Demae Ramen Instant Noodle - Black Garlic Oil Tonkotsu Flavour 100g,Nissin,Noodles / Cooking needs / Processed food (cold),Instant noodles,Packs
P000000388,Instant Noodle 80g x 5,Mamee,Noodles / Cooking needs / Processed food (cold),Instant noodles,Packs
P000001848,Pack 1 pound (55421),Tomatoes,Rice / Oil / Canned food / Fruits / Vegetables / Meat,Fresh vegetables,Tomatoes
P000001682,Pineapple Slices in Heavy Syrup 234g,Dole,Rice / Oil / Canned food / Fruits / Vegetables / Meat,Canned food,Canned pineapples
P000000749,Sliced Pineapple 836g,Del Monte,Rice / Oil / Canned food / Fruits / Vegetables / Meat,Canned food,Canned pineapples
P000004317,PINEAPPLE CHUNKS IN SYRUP 227 GM,Meadows,Rice / Oil / Canned food / Fruits / Vegetables / Meat,Canned food,Canned pineapples
P000000233,Sliced Pineapple 567g,Del Monte,Rice / Oil / Canned food / Fruits / Vegetables / Meat,Canned food,Canned pineapples
P000000818,Mackerel Fillets in Oil with Chilli 120g,Red Marubean,Rice / Oil / Canned food / Fruits / Vegetables / Meat,Canned food,Canned fish fillets
P000003825,Tuna Flake in Water 185 GM,Meadows,Rice / Oil / Canned food / Fruits / Vegetables / Meat,Canned food,Canned tuna
P000002660,Sliced Pineapple 234g,Del Monte,Rice / Oil / Canned food / Fruits / Vegetables / Meat,Canned food,Canned pineapples
P000003694,Pineapples Slices in Light Syrup 836g,Meadows,Rice / Oil / Canned food / Fruits / Vegetables / Meat,Canned food,Canned pineapples
P000003520,Cream Style Corn 425g,Mazola,Rice / Oil / Canned food / Fruits / Vegetables / Meat,Canned food,Canned corn (cream style)
P000003473,Cream Style Corn 425g,Del Monte Fresh Cut,Rice / Oil / Canned food / Fruits / Vegetables / Meat,Canned food,Canned corn (cream style)
P000003521,Whole Kernel Corn 410g,S&W,Rice / Oil / Canned food / Fruits / Vegetables / Meat,Canned food,Canned corn (whole kernel)
P000003519,Crisp Golden Whole Kernel Corn 410g,Mazola,Rice / Oil / Canned food / Fruits / Vegetables / Meat,Canned food,Canned corn (whole kernel)
P000001622,Pineapple Slices in Heavy Syrup 836g,S&W,Rice / Oil / Canned food / Fruits / Vegetables / Meat,Canned food,Canned pineapples
P000003834,Sliced Pineapple in Syrup 565 GM,Meadows,Rice / Oil / Canned food / Fruits / Vegetables / Meat,Canned food,Canned pineapples
P000003835,Sliced Pineapple in Syrup 227 GM,Meadows,Rice / Oil / Canned food / Fruits / Vegetables / Meat,Canned food,Canned pineapples
P000003821,Tuna Chunks in Olive Oil 95 GM,Meadows,Rice / Oil / Canned food / Fruits / Vegetables / Meat,Canned food,Canned tuna
P000003829,Tuna Chunks in Olive Oil 185 GM,Meadows,Rice / Oil / Canned food / Fruits / Vegetables / Meat,Canned food,Canned tuna
P000001295,Fried Dace with Salted Black Beans 150g,Pearl River Bridge,Rice / Oil / Canned food / Fruits / Vegetables / Meat,Canned food,Canned dace
P000001317,Fried Dace 227g,Pearl River Bridge,Rice / Oil / Canned food / Fruits / Vegetables / Meat,Canned food,Canned dace
P000003396,Fried Dace with Salted Black Beans 184g,Greatwall,Rice / Oil / Canned food / Fruits / Vegetables / Meat,Canned food,Canned dace
P000001171,Fried Dace with Salted Black Beans 227g,Ganzhu Brand,Rice / Oil / Canned food / Fruits / Vegetables / Meat,Canned food,Canned dace
P000000674,Fried Dace with Salted Black Beans 184g,Eagle Coin,Rice / Oil / Canned food / Fruits / Vegetables / Meat,Canned food,Canned dace
P000003402,Sardines in Tomato Sauce 155g,Smiling Fish,Rice / Oil / Canned food / Fruits / Vegetables / Meat,Canned food,Canned sardines
P000003393,Sardines in Olive Oil & Chilli 120g,Royal Taste,Rice / Oil / Canned food / Fruits / Vegetables / Meat,Canned food,Canned sardines
P000000671,Sardines in Tomato Sauce 110g,Red Marubean,Rice / Oil / Canned food / Fruits / Vegetables / Meat,Canned food,Canned sardines
P000003391,Fried Dace with Salted Black Beans 227g,Sky Dragon,Rice / Oil / Canned food / Fruits / Vegetables / Meat,Canned food,Canned dace
P000003826,Tuna Chunks in Brine 185 GM,Meadows,Rice / Oil / Canned food / Fruits / Vegetables / Meat,Canned food,Canned tuna
P000003824,Tuna Chunk in Water 95 GM,Meadows,Rice / Oil / Canned food / Fruits / Vegetables / Meat,Canned food,Canned tuna
P000003827,Tuna Chuck in Water 185 GM,Meadows,Rice / Oil / Canned food / Fruits / Vegetables / Meat,Canned food,Canned tuna
P000001570,Tuna in Sunflower Oil 185g,B&F,Rice / Oil / Canned food / Fruits / Vegetables / Meat,Canned food,Canned tuna
P000003406,Tuna in Spring Water 185g,B&F,Rice / Oil / Canned food / Fruits / Vegetables / Meat,Canned food,Canned tuna
P000003405,Tuna Flakes in Water Light 150g,Ayam Brand,Rice / Oil / Canned food / Fruits / Vegetables / Meat,Canned food,Canned tuna
P000003404,Tuna Flakes in Extra Virgin Olive Oil Omega 3 150g,Ayam Brand,Rice / Oil / Canned food / Fruits / Vegetables / Meat,Canned food,Canned tuna
P000001933,Tuna Chunks in Mineral Water 150g,Ayam Brand,Rice / Oil / Canned food / Fruits / Vegetables / Meat,Canned food,Canned tuna
P000000102,Fried Dace with Salted Black Beans 227g,Pearl River Bridge,Rice / Oil / Canned food / Fruits / Vegetables / Meat,Canned food,Canned dace
P000004346,DUTCH MIX CHERRY TOMATO 230 GM,Meadows,Rice / Oil / Canned food / Fruits / Vegetables / Meat,Fresh vegetables,Tomatoes
P00001863,Whole Unpeeled Straw Mushrooms 425g,Eman's Brand,Rice / Oil / Canned food / Fruits / Vegetables / Meat,Canned food,Canned mushrooms
P000004409,TOPSHELL IN ABALONE SAUCE 425 GM,Yu Pin King,Rice / Oil / Canned food / Fruits / Vegetables / Meat,Canned food,Canned Topshell
P000001902,Golden Corn Condensed Soup 310g,Campbell's,Rice / Oil / Canned food / Fruits / Vegetables / Meat,Canned food,Canned soups
P000004414,TOPSHELL IN OYSTER SAUCE 425 GM,Yu Pin King,Rice / Oil / Canned food / Fruits / Vegetables / Meat,Canned food,Canned Topshell
P000000959,Creamy Chicken Mushroom Condensed Soup 300g,Campbell's,Rice / Oil / Canned food / Fruits / Vegetables / Meat,Canned food,Canned soups
P000000232,Cream of Chicken Condensed Soup 300g,Campbell's,Rice / Oil / Canned food / Fruits / Vegetables / Meat,Canned food,Canned soups
P000000160,Creamy Chicken Mushroom Condensed Soup 410g,Campbell's,Rice / Oil / Canned food / Fruits / Vegetables / Meat,Canned food,Canned soups
P000000251,Golden Sweet Corn - Cream Style 380g,Del Monte Fresh Cut,Rice / Oil / Canned food / Fruits / Vegetables / Meat,Aseptically packaged food,Fruits / Vegetables
P000001846,Pack (3pcs) 430g (40697),Bell Pepper (G/Y/R),Rice / Oil / Canned food / Fruits / Vegetables / Meat,Fresh vegetables,Bell pepper / Capsicum
P000001856,Pack 150g (55415),Sweet Bean,Rice / Oil / Canned food / Fruits / Vegetables / Meat,Fresh vegetables,Sweet bean / Sugar snap
P000002435,Pack 150g (55396),Baby Corn,Rice / Oil / Canned food / Fruits / Vegetables / Meat,Fresh vegetables,Baby Corn
P000001796,Pack (3pcs) (56050),Corn (on the Cob),Rice / Oil / Canned food / Fruits / Vegetables / Meat,Fresh vegetables,Corn
P000001805,Pack (1pc) (919324),Celery,Rice / Oil / Canned food / Fruits / Vegetables / Meat,Fresh vegetables,Celery
P000001821,(each pc) (45554),Broccoli,Rice / Oil / Canned food / Fruits / Vegetables / Meat,Fresh vegetables,Broccoli
P000001822,(each pc) (979815),Broccoli (Kunming),Rice / Oil / Canned food / Fruits / Vegetables / Meat,Fresh vegetables,Broccoli
P000001823,(each pc) (938860),Cauliflower,Rice / Oil / Canned food / Fruits / Vegetables / Meat,Fresh vegetables,Cauliflower
P000001812,Pack 450g (55353),Baby Cabbage,Rice / Oil / Canned food / Fruits / Vegetables / Meat,Fresh vegetables,Baby cabbage
P000001819,(each pc) (35220),Green Cabbage,Rice / Oil / Canned food / Fruits / Vegetables / Meat,Fresh vegetables,Green cabbage
P000000656,Whole Kernel Corn 380g,Del Monte Fresh Cut,Rice / Oil / Canned food / Fruits / Vegetables / Meat,Aseptically packaged food,Fruits / Vegetables
P000000675,Borsch Condensed Soup 305g,Campbell's,Rice / Oil / Canned food / Fruits / Vegetables / Meat,Canned food,Canned soups
P000001636,Premium Kidney Beans 439g,S&W,Rice / Oil / Canned food / Fruits / Vegetables / Meat,Canned food,Canned kidney beans
P000002211,Fiesta Fruit Cocktail (in Heavy Syrup) 850g,S&W,Rice / Oil / Canned food / Fruits / Vegetables / Meat,Canned food,Canned fruit mix
P000003692,Tropical Fruit Cocktail in Syrup 850g,Meadows,Rice / Oil / Canned food / Fruits / Vegetables / Meat,Canned food,Canned fruit mix
P000002212,Fiesta Tropical Fruit Mix 850g,Del Monte,Rice / Oil / Canned food / Fruits / Vegetables / Meat,Canned food,Canned fruit mix
P000000751,Peach Halves 825g,Del Monte,Rice / Oil / Canned food / Fruits / Vegetables / Meat,Canned food,Canned peaches
P000003691,Whole Mushrooms 425g,Meadows,Rice / Oil / Canned food / Fruits / Vegetables / Meat,Canned food,Canned mushrooms
P000004336,STRAW MUSHROOMS 425 GM,Meadows,Rice / Oil / Canned food / Fruits / Vegetables / Meat,Canned food,Canned mushrooms
P000000676,Cream Style Corn 425g,S&W,Rice / Oil / Canned food / Fruits / Vegetables / Meat,Canned food,Canned corn (cream style)
P000001214,Baked Beans in Tomato Sauce 230g,Ayam Brand,Rice / Oil / Canned food / Fruits / Vegetables / Meat,Canned food,Canned baked beans
P000000161,ABC Vegetable Condensed Soup 300g,Campbell's,Rice / Oil / Canned food / Fruits / Vegetables / Meat,Canned food,Canned soups
P000000254,Baked Beans in Tomato Sauce 420g,Smedley's Brand,Rice / Oil / Canned food / Fruits / Vegetables / Meat,Canned food,Canned baked beans
P000001174,Baked Beans in Tomato Sauce 220g,Smedley's Brand,Rice / Oil / Canned food / Fruits / Vegetables / Meat,Canned food,Canned baked beans
P000003693,Baked Beans in Tomato Sauce 390g,Meadows,Rice / Oil / Canned food / Fruits / Vegetables / Meat,Canned food,Canned baked beans
P000001175,Baked Beans in Tomato Sauce 415g,Heinz,Rice / Oil / Canned food / Fruits / Vegetables / Meat,Canned food,Canned baked beans
P000001178,Baked Beans in Tomato Sauce 200g,Heinz,Rice / Oil / Canned food / Fruits / Vegetables / Meat,Canned food,Canned baked beans
P000001213,Baked Beans in Tomato Sauce 425g,Ayam Brand,Rice / Oil / Canned food / Fruits / Vegetables / Meat,Canned food,Canned baked beans
P000004392,GUANGDONG RICE WINE 560 ML,Yu Pin King,Beer / Wines / Spirits,Rice wines,Chinese
