month,category_level,category1,category2,category3,retailer,total_sku_count,promo_sku_count,promo_sku_pct,avg_promo_days,month_days,promotion_frequency,avg_discount_pct,median_discount_pct,promo_index_matched_sku_count,promo_price_index
2024-01,category1,Bakery / Cereals / Spreads,ALL,ALL,AEON,2,0,0.0,0.0,31,0.0,,,,
2024-01,category1,Bakery / Cereals / Spreads,ALL,ALL,DCHFOOD,5,0,0.0,0.0,31,0.0,,,5.0,103.01552371510596
2024-01,category1,Bakery / Cereals / Spreads,ALL,ALL,JASONS,84,17,0.20238095238095238,3.8452380952380953,31,0.1240399385560676,0.2512336139213824,0.26605504587155965,84.0,101.81725239509683
2024-01,category1,Bakery / Cereals / Spreads,ALL,ALL,PARKNSHOP,82,15,0.18292682926829268,3.182926829268293,31,0.1026750590086546,0.22781742138884756,0.2222222222222222,65.0,97.82167859406533
2024-01,category1,Bakery / Cereals / Spreads,ALL,ALL,WELLCOME,87,17,0.19540229885057472,3.1494252873563218,31,0.10159436410826844,0.22047506024531735,0.25,85.0,99.72545610991706
2024-01,category1,Beer / Wines / Spirits,ALL,ALL,AEON,4,0,0.0,0.0,31,0.0,,,,
2024-01,category1,Beer / Wines / Spirits,ALL,ALL,DCHFOOD,7,0,0.0,0.0,31,0.0,,,6.0,105.89728296908373
2024-01,category1,Beer / Wines / Spirits,ALL,ALL,JASONS,30,20,0.6666666666666666,13.766666666666667,31,0.44408602150537635,0.21314756762239223,0.19615384615384618,30.0,97.74726307962847
2024-01,category1,Beer / Wines / Spirits,ALL,ALL,PARKNSHOP,48,31,0.6458333333333334,9.583333333333334,31,0.30913978494623656,0.24549131230976637,0.2,41.0,104.15643847237446
2024-01,category1,Beer / Wines / Spirits,ALL,ALL,WELLCOME,42,21,0.5,10.166666666666666,31,0.3279569892473118,0.23312386146348807,0.1794871794871795,41.0,96.91818536190209
2024-01,category1,Candies / Biscuits / Snacks,ALL,ALL,DCHFOOD,8,1,0.125,0.375,31,0.012096774193548387,,,6.0,110.4087112783626
2024-01,category1,Candies / Biscuits / Snacks,ALL,ALL,JASONS,141,107,0.7588652482269503,17.21276595744681,31,0.5552505147563487,0.2522541497364606,0.25,138.0,100.21876772886668
2024-01,category1,Candies / Biscuits / Snacks,ALL,ALL,MANNINGS,16,3,0.1875,4.0625,31,0.1310483870967742,0.1565576652601969,0.1145833333333333,16.0,103.85550633431417
2024-01,category1,Candies / Biscuits / Snacks,ALL,ALL,PARKNSHOP,170,102,0.6,14.141176470588235,31,0.45616698292220115,0.25743060256712746,0.24885844748858446,139.0,100.36181725173323
2024-01,category1,Candies / Biscuits / Snacks,ALL,ALL,WATSONS,3,0,0.0,0.0,31,0.0,,,3.0,97.6038689210784
2024-01,category1,Candies / Biscuits / Snacks,ALL,ALL,WELLCOME,151,112,0.7417218543046358,16.66887417218543,31,0.5377056184575945,0.2534517663274357,0.25,148.0,98.83695465313467
2024-01,category1,Dairy / Soy products / Eggs,ALL,ALL,AEON,1,0,0.0,0.0,31,0.0,,,1.0,98.00570621631748
2024-01,category1,Dairy / Soy products / Eggs,ALL,ALL,DCHFOOD,11,2,0.18181818181818182,0.5454545454545454,31,0.01759530791788856,,,11.0,104.00238539967242
2024-01,category1,Dairy / Soy products / Eggs,ALL,ALL,JASONS,161,119,0.7391304347826086,13.956521739130435,31,0.45021037868162694,0.2870804864202554,0.27551025778732546,161.0,100.14548933009517
2024-01,category1,Dairy / Soy products / Eggs,ALL,ALL,PARKNSHOP,163,124,0.7607361963190185,15.83435582822086,31,0.5107856718780922,0.23136966865389627,0.25,140.0,100.33324738230147
2024-01,category1,Dairy / Soy products / Eggs,ALL,ALL,WATSONS,8,5,0.625,5.0,31,0.16129032258064516,0.09486486486486487,0.08108108108108109,8.0,97.25166846189236
2024-01,category1,Dairy / Soy products / Eggs,ALL,ALL,WELLCOME,165,121,0.7333333333333333,13.836363636363636,31,0.4463343108504399,0.2761899922061474,0.25806451612903225,164.0,99.43580876049035
2024-01,category1,Drinks,ALL,ALL,AEON,3,0,0.0,0.0,31,0.0,,,2.0,106.13501241937593
2024-01,category1,Drinks,ALL,ALL,DCHFOOD,11,4,0.36363636363636365,1.0909090909090908,31,0.03519061583577712,,,10.0,106.9120926842609
2024-01,category1,Drinks,ALL,ALL,JASONS,122,81,0.6639344262295082,10.352459016393443,31,0.3339502908514014,0.23763426804205265,0.23684210526315788,122.0,100.92844715782793
2024-01,category1,Drinks,ALL,ALL,PARKNSHOP,150,120,0.8,10.84,31,0.3496774193548387,0.1791743629134231,0.16666666666666666,115.0,99.91625824852369
2024-01,category1,Drinks,ALL,ALL,WATSONS,6,4,0.6666666666666666,5.333333333333333,31,0.17204301075268816,0.16807692307692307,0.12,6.0,108.09811827587606
2024-01,category1,Drinks,ALL,ALL,WELLCOME,129,87,0.6744186046511628,10.968992248062015,31,0.35383845961490373,0.22705400923183017,0.2222222222222222,125.0,98.38659884820093
2024-01,category1,Household / Pet food and care,ALL,ALL,AEON,8,0,0.0,0.0,31,0.0,,,8.0,103.95313058488279
2024-01,category1,Household / Pet food and care,ALL,ALL,JASONS,129,79,0.6124031007751938,13.589147286821705,31,0.43835958989747437,0.20009237947983022,0.2,128.0,100.62311797750871
2024-01,category1,Household / Pet food and care,ALL,ALL,MANNINGS,1,0,0.0,0.0,31,0.0,,,1.0,106.56198899301953
2024-01,category1,Household / Pet food and care,ALL,ALL,PARKNSHOP,174,161,0.9252873563218391,16.114942528735632,31,0.5198368557656655,0.1273411778491355,0.09999999999999991,131.0,99.83879257930394
2024-01,category1,Household / Pet food and care,ALL,ALL,WATSONS,42,9,0.21428571428571427,3.4285714285714284,31,0.11059907834101382,0.18058980146906137,0.15110356536502545,41.0,104.54992804335095
2024-01,category1,Household / Pet food and care,ALL,ALL,WELLCOME,140,80,0.5714285714285714,12.978571428571428,31,0.41866359447004603,0.19935132246753542,0.2,138.0,98.12043045904962
2024-01,category1,Milk powder / Baby care,ALL,ALL,AEON,15,0,0.0,0.0,31,0.0,,,7.0,104.3949597169388
2024-01,category1,Milk powder / Baby care,ALL,ALL,JASONS,59,17,0.288135593220339,3.76271186440678,31,0.12137780207763806,0.10968743307974288,0.11029411764705882,59.0,102.06881490957416
2024-01,category1,Milk powder / Baby care,ALL,ALL,MANNINGS,100,28,0.28,5.71,31,0.18419354838709678,0.21709667667365232,0.23083153347732183,99.0,99.96347639467072
2024-01,category1,Milk powder / Baby care,ALL,ALL,PARKNSHOP,97,63,0.6494845360824743,12.381443298969073,31,0.39940139674093783,0.1325824798797379,0.15,95.0,98.89016890300063
2024-01,category1,Milk powder / Baby care,ALL,ALL,WATSONS,120,97,0.8083333333333333,8.375,31,0.2701612903225806,0.06757528980786942,0.0,115.0,99.34097463030291
2024-01,category1,Milk powder / Baby care,ALL,ALL,WELLCOME,76,19,0.25,3.3421052631578947,31,0.10780984719864177,0.16314397447183787,0.15377616014558695,74.0,100.59836226880607
2024-01,category1,Noodles / Cooking needs / Processed food (cold),ALL,ALL,AEON,5,0,0.0,0.0,31,0.0,,,,
2024-01,category1,Noodles / Cooking needs / Processed food (cold),ALL,ALL,DCHFOOD,44,14,0.3181818181818182,0.9545454545454546,31,0.030791788856304986,,,33.0,103.32919143970113
2024-01,category1,Noodles / Cooking needs / Processed food (cold),ALL,ALL,JASONS,172,91,0.5290697674418605,10.319767441860465,31,0.33289572393098277,0.2876215414521152,0.2958375,171.0,100.8487619219459
2024-01,category1,Noodles / Cooking needs / Processed food (cold),ALL,ALL,PARKNSHOP,244,137,0.5614754098360656,10.975409836065573,31,0.3540454785827604,0.28535406518485884,0.264516129032258,190.0,100.22953834046702
2024-01,category1,Noodles / Cooking needs / Processed food (cold),ALL,ALL,WELLCOME,199,110,0.5527638190954773,10.72361809045226,31,0.34592316420813746,0.28467875031339795,0.2857142857142857,197.0,98.52010488339032
2024-01,category1,Personal care,ALL,ALL,AEON,4,0,0.0,0.0,31,0.0,,,3.0,104.57194514626589
2024-01,category1,Personal care,ALL,ALL,JASONS,145,82,0.5655172413793104,7.406896551724138,31,0.2389321468298109,0.23263524308406242,0.25,141.0,101.88788219294247
2024-01,category1,Personal care,ALL,ALL,MANNINGS,170,98,0.5764705882352941,10.441176470588236,31,0.3368121442125237,0.35793719972932253,0.3333342618384401,157.0,95.05865471388559
2024-01,category1,Personal care,ALL,ALL,PARKNSHOP,233,134,0.575107296137339,8.446351931330472,31,0.27246296552678945,0.184347955589779,0.1736227045075125,203.0,103.01376659215553
2024-01,category1,Personal care,ALL,ALL,WATSONS,296,206,0.6959459459459459,9.486486486486486,31,0.3060156931124673,0.18446482030277297,0.24999999999999994,250.0,99.70281470833531
2024-01,category1,Personal care,ALL,ALL,WELLCOME,180,86,0.4777777777777778,6.166666666666667,31,0.19892473118279572,0.2514873416925334,0.25,175.0,100.78845922668233
2024-01,category1,Rice / Oil / Canned food / Fruits / Vegetables / Meat,ALL,ALL,AEON,7,0,0.0,0.0,31,0.0,,,,
2024-01,category1,Rice / Oil / Canned food / Fruits / Vegetables / Meat,ALL,ALL,DCHFOOD,31,3,0.0967741935483871,0.2903225806451613,31,0.009365244536940688,,,27.0,111.6207446837065
2024-01,category1,Rice / Oil / Canned food / Fruits / Vegetables / Meat,ALL,ALL,JASONS,105,82,0.780952380952381,10.523809523809524,31,0.33947772657450076,0.1372609774838412,0.06912878787878787,101.0,101.23311899702362
2024-01,category1,Rice / Oil / Canned food / Fruits / Vegetables / Meat,ALL,ALL,PARKNSHOP,174,67,0.3850574712643678,8.057471264367816,31,0.25991842788283276,0.24423419400586494,0.21430122032531668,83.0,95.93939292318527
2024-01,category1,Rice / Oil / Canned food / Fruits / Vegetables / Meat,ALL,ALL,WELLCOME,108,47,0.4351851851851852,8.842592592592593,31,0.28524492234169657,0.2569205661875109,0.2214285714285714,107.0,99.72772905553803
2024-02,category1,Bakery / Cereals / Spreads,ALL,ALL,DCHFOOD,2,0,0.0,0.0,29,0.0,,,2.0,100.34182071852109
2024-02,category1,Bakery / Cereals / Spreads,ALL,ALL,JASONS,83,24,0.2891566265060241,3.5301204819277108,29,0.12172829248026588,0.18975849033403924,0.1780821917808219,76.0,100.49630397342808
2024-02,category1,Bakery / Cereals / Spreads,ALL,ALL,PARKNSHOP,81,17,0.20987654320987653,2.740740740740741,29,0.09450830140485314,0.21430088086038562,0.17945205479452056,57.0,99.91371287657942
2024-02,category1,Bakery / Cereals / Spreads,ALL,ALL,WELLCOME,72,23,0.3194444444444444,3.9444444444444446,29,0.1360153256704981,0.1766950452321657,0.1780821917808219,72.0,99.53363278233407
2024-02,category1,Beer / Wines / Spirits,ALL,ALL,JASONS,39,24,0.6153846153846154,10.692307692307692,29,0.36870026525198935,0.22154992644424887,0.18515336145393946,39.0,98.50361369864945
2024-02,category1,Beer / Wines / Spirits,ALL,ALL,PARKNSHOP,46,22,0.4782608695652174,7.260869565217392,29,0.25037481259370314,0.2516571315992626,0.2438320134938106,39.0,101.6301370876042
2024-02,category1,Beer / Wines / Spirits,ALL,ALL,WELLCOME,42,22,0.5238095238095238,10.119047619047619,29,0.3489326765188834,0.22508536666588713,0.18515336145393946,42.0,99.85835973343151
2024-02,category1,Candies / Biscuits / Snacks,ALL,ALL,DCHFOOD,6,0,0.0,0.0,29,0.0,,,5.0,96.45598648565851
2024-02,category1,Candies / Biscuits / Snacks,ALL,ALL,JASONS,166,119,0.7168674698795181,15.367469879518072,29,0.5299127544661404,0.2729440050051523,0.25449871465295626,162.0,99.45620328819544
2024-02,category1,Candies / Biscuits / Snacks,ALL,ALL,MANNINGS,16,3,0.1875,4.4375,29,0.15301724137931033,0.13546061884669477,0.1145833333333333,16.0,103.69079678412834
2024-02,category1,Candies / Biscuits / Snacks,ALL,ALL,PARKNSHOP,172,105,0.6104651162790697,12.656976744186046,29,0.43644747393744987,0.2550609866762299,0.25,138.0,101.46789488965074
2024-02,category1,Candies / Biscuits / Snacks,ALL,ALL,WATSONS,3,0,0.0,0.0,29,0.0,,,3.0,97.48694868151073
2024-02,category1,Candies / Biscuits / Snacks,ALL,ALL,WELLCOME,149,109,0.7315436241610739,16.114093959731544,29,0.5556584124045361,0.26957123578207776,0.25,149.0,99.03502143096988
2024-02,category1,Dairy / Soy products / Eggs,ALL,ALL,AEON,1,0,0.0,0.0,29,0.0,,,1.0,107.56870400961105
2024-02,category1,Dairy / Soy products / Eggs,ALL,ALL,DCHFOOD,8,0,0.0,0.0,29,0.0,,,8.0,96.79417615882703
2024-02,category1,Dairy / Soy products / Eggs,ALL,ALL,JASONS,166,126,0.7590361445783133,13.25301204819277,29,0.45700041545492315,0.2728422736686751,0.26538046411225036,166.0,99.44060647463385
2024-02,category1,Dairy / Soy products / Eggs,ALL,ALL,PARKNSHOP,181,126,0.6961325966850829,11.850828729281767,29,0.4086492665269575,0.2504887822398925,0.24031395483051826,153.0,101.74790135060752
2024-02,category1,Dairy / Soy products / Eggs,ALL,ALL,WATSONS,6,0,0.0,0.0,29,0.0,,,6.0,102.57776593618864
2024-02,category1,Dairy / Soy products / Eggs,ALL,ALL,WELLCOME,166,124,0.7469879518072289,13.313253012048193,29,0.4590776900706274,0.2708824936233988,0.26538046411225036,166.0,98.99178972285335
2024-02,category1,Drinks,ALL,ALL,AEON,2,0,0.0,0.0,29,0.0,,,2.0,117.08812627716752
2024-02,category1,Drinks,ALL,ALL,DCHFOOD,8,0,0.0,0.0,29,0.0,,,8.0,105.26866918243746
2024-02,category1,Drinks,ALL,ALL,JASONS,144,94,0.6527777777777778,10.909722222222221,29,0.3761973180076628,0.24927377784745952,0.25,144.0,100.70772554498532
2024-02,category1,Drinks,ALL,ALL,PARKNSHOP,159,122,0.7672955974842768,13.20125786163522,29,0.45521578833224896,0.19036135996201556,0.16666666666666666,130.0,98.87709565839938
2024-02,category1,Drinks,ALL,ALL,WATSONS,9,1,0.1111111111111111,3.2222222222222223,29,0.11111111111111112,0.31999999999999995,0.32,9.0,104.88321635674187
2024-02,category1,Drinks,ALL,ALL,WELLCOME,143,93,0.6503496503496503,11.286713286713287,29,0.38919700988666506,0.2442089075613898,0.25,143.0,99.79117429008856
2024-02,category1,Household / Pet food and care,ALL,ALL,AEON,8,0,0.0,0.0,29,0.0,,,8.0,106.4884939395605
2024-02,category1,Household / Pet food and care,ALL,ALL,JASONS,141,79,0.5602836879432624,11.326241134751774,29,0.3905600391293715,0.19946940720919443,0.2,140.0,99.45347651261088
2024-02,category1,Household / Pet food and care,ALL,ALL,MANNINGS,1,0,0.0,0.0,29,0.0,,,1.0,103.65190365190364
2024-02,category1,Household / Pet food and care,ALL,ALL,PARKNSHOP,175,132,0.7542857142857143,11.594285714285714,29,0.3998029556650246,0.17153174406876753,0.13584905660377364,132.0,100.15040472534554
2024-02,category1,Household / Pet food and care,ALL,ALL,WATSONS,41,9,0.21951219512195122,2.341463414634146,29,0.08074011774600504,0.18381794301033136,0.19444444444444445,40.0,104.29716133054549
2024-02,category1,Household / Pet food and care,ALL,ALL,WELLCOME,140,79,0.5642857142857143,11.521428571428572,29,0.3972906403940887,0.19529283192643063,0.2,139.0,99.01710819671045
2024-02,category1,Milk powder / Baby care,ALL,ALL,AEON,10,0,0.0,0.0,29,0.0,,,7.0,102.33957321201717
2024-02,category1,Milk powder / Baby care,ALL,ALL,JASONS,70,15,0.21428571428571427,2.7,29,0.09310344827586207,0.2085215034388154,0.15704387990762128,68.0,100.95417238771167
2024-02,category1,Milk powder / Baby care,ALL,ALL,MANNINGS,100,24,0.24,4.02,29,0.1386206896551724,0.22549569175144493,0.25,98.0,100.1772031059048
2024-02,category1,Milk powder / Baby care,ALL,ALL,PARKNSHOP,97,38,0.3917525773195876,3.9690721649484537,29,0.13686455741201564,0.18140005055898256,0.16228070175438597,94.0,100.53360207168829
2024-02,category1,Milk powder / Baby care,ALL,ALL,WATSONS,120,33,0.275,4.866666666666666,29,0.16781609195402297,0.30830556804771414,0.25,113.0,98.49713017586717
2024-02,category1,Milk powder / Baby care,ALL,ALL,WELLCOME,69,16,0.2318840579710145,2.9565217391304346,29,0.10194902548725636,0.20610624119960175,0.15704387990762128,69.0,100.49705140705785
2024-02,category1,Noodles / Cooking needs / Processed food (cold),ALL,ALL,DCHFOOD,17,0,0.0,0.0,29,0.0,,,16.0,101.45258290854923
2024-02,category1,Noodles / Cooking needs / Processed food (cold),ALL,ALL,JASONS,201,117,0.582089552238806,11.109452736318408,29,0.3830845771144279,0.3019212022330646,0.3,200.0,99.65897970598914
2024-02,category1,Noodles / Cooking needs / Processed food (cold),ALL,ALL,PARKNSHOP,260,214,0.823076923076923,11.615384615384615,29,0.4005305039787798,0.20635552308128755,0.1939964157706093,188.0,101.51071202148907
2024-02,category1,Noodles / Cooking needs / Processed food (cold),ALL,ALL,WELLCOME,199,118,0.592964824120603,11.864321608040202,29,0.4091145382082828,0.29916285268855564,0.3,199.0,98.85443986093321
2024-02,category1,Personal care,ALL,ALL,AEON,4,0,0.0,0.0,29,0.0,,,3.0,102.22994808845255
2024-02,category1,Personal care,ALL,ALL,JASONS,177,72,0.4067796610169492,5.271186440677966,29,0.18176504967855056,0.2842863332101568,0.25,174.0,101.49698941650949
2024-02,category1,Personal care,ALL,ALL,MANNINGS,171,101,0.5906432748538012,9.771929824561404,29,0.3369630973986691,0.3574313163949454,0.45799457994579945,156.0,94.36844510837939
2024-02,category1,Personal care,ALL,ALL,PARKNSHOP,233,102,0.43776824034334766,5.987124463519313,29,0.20645256770756254,0.27881514802127877,0.2506281407035176,202.0,102.64303428329681
2024-02,category1,Personal care,ALL,ALL,WATSONS,289,143,0.49480968858131485,6.664359861591696,29,0.22980551246867917,0.27094601124170087,0.25,244.0,100.50219405892231
2024-02,category1,Personal care,ALL,ALL,WELLCOME,173,73,0.42196531791907516,5.595375722543353,29,0.1929439904325294,0.28199440502822803,0.25,173.0,100.61587509631089
2024-02,category1,Rice / Oil / Canned food / Fruits / Vegetables / Meat,ALL,ALL,DCHFOOD,31,0,0.0,0.0,29,0.0,,,26.0,101.44382535837555
2024-02,category1,Rice / Oil / Canned food / Fruits / Vegetables / Meat,ALL,ALL,JASONS,112,44,0.39285714285714285,7.357142857142857,29,0.25369458128078815,0.2618033255845834,0.2546277777777778,101.0,100.42490166730964
2024-02,category1,Rice / Oil / Canned food / Fruits / Vegetables / Meat,ALL,ALL,PARKNSHOP,195,68,0.3487179487179487,7.948717948717949,29,0.27409372236958446,0.23021747909470958,0.19818386449021896,82.0,99.0947022789897
2024-02,category1,Rice / Oil / Canned food / Fruits / Vegetables / Meat,ALL,ALL,WELLCOME,100,43,0.43,8.12,29,0.27999999999999997,0.2628989448040196,0.25,100.0,100.01938738335154
2024-03,category1,Bakery / Cereals / Spreads,ALL,ALL,DCHFOOD,2,0,0.0,0.0,31,0.0,,,2.0,101.57522188200865
2024-03,category1,Bakery / Cereals / Spreads,ALL,ALL,JASONS,95,20,0.21052631578947367,2.473684210526316,31,0.07979626485568761,0.19648303007598567,0.1862633181126332,95.0,99.99958991389933
2024-03,category1,Bakery / Cereals / Spreads,ALL,ALL,PARKNSHOP,79,19,0.24050632911392406,3.3544303797468356,31,0.10820743160473663,0.21563704510917903,0.17945205479452056,54.0,100.06694850540919
2024-03,category1,Bakery / Cereals / Spreads,ALL,ALL,WELLCOME,93,20,0.21505376344086022,2.5161290322580645,31,0.08116545265348594,0.19495185075197186,0.1862633181126332,93.0,99.89852260657905
2024-03,category1,Beer / Wines / Spirits,ALL,ALL,JASONS,40,21,0.525,9.9,31,0.31935483870967746,0.2142387403496918,0.18918918918918914,40.0,98.79833802451095
2024-03,category1,Beer / Wines / Spirits,ALL,ALL,PARKNSHOP,45,41,0.9111111111111111,10.8,31,0.34838709677419355,0.16609705894058419,0.1355599214145383,38.0,103.26959042505095
2024-03,category1,Beer / Wines / Spirits,ALL,ALL,WELLCOME,43,22,0.5116279069767442,9.279069767441861,31,0.29932483120780196,0.22857245911296353,0.19459459459459458,43.0,98.18997353270291
2024-03,category1,Candies / Biscuits / Snacks,ALL,ALL,DCHFOOD,7,0,0.0,0.0,31,0.0,,,6.0,95.89330235404519
2024-03,category1,Candies / Biscuits / Snacks,ALL,ALL,JASONS,211,149,0.7061611374407583,16.777251184834125,31,0.5412016511236815,0.269474218258438,0.25,210.0,99.0032086784457
2024-03,category1,Candies / Biscuits / Snacks,ALL,ALL,MANNINGS,16,4,0.25,5.625,31,0.1814516129032258,0.14231748693242646,0.12818718905472634,16.0,103.55531800140207
2024-03,category1,Candies / Biscuits / Snacks,ALL,ALL,PARKNSHOP,168,112,0.6666666666666666,14.44047619047619,31,0.46582181259600614,0.2696331713709665,0.25,136.0,102.80823326419582
2024-03,category1,Candies / Biscuits / Snacks,ALL,ALL,WATSONS,3,0,0.0,0.0,31,0.0,,,3.0,99.60581122560258
2024-03,category1,Candies / Biscuits / Snacks,ALL,ALL,WELLCOME,199,139,0.6984924623115578,16.7035175879397,31,0.5388231479980549,0.26749698907329167,0.25,197.0,98.85624033633012
2024-03,category1,Dairy / Soy products / Eggs,ALL,ALL,AEON,1,0,0.0,0.0,31,0.0,,,1.0,101.48096450082618
2024-03,category1,Dairy / Soy products / Eggs,ALL,ALL,DCHFOOD,7,0,0.0,0.0,31,0.0,,,7.0,98.44847022110656
2024-03,category1,Dairy / Soy products / Eggs,ALL,ALL,JASONS,195,145,0.7435897435897436,13.005128205128205,31,0.419520264681555,0.26774882227706753,0.2692307692307692,194.0,99.56105770666882
2024-03,category1,Dairy / Soy products / Eggs,ALL,ALL,PARKNSHOP,182,141,0.7747252747252747,14.126373626373626,31,0.45568947181850405,0.2393615541178224,0.23948220064724915,152.0,101.25907130002348
2024-03,category1,Dairy / Soy products / Eggs,ALL,ALL,WATSONS,6,2,0.3333333333333333,4.666666666666667,31,0.15053763440860216,0.05405405405405406,0.05405405405405406,6.0,97.67961087632565
2024-03,category1,Dairy / Soy products / Eggs,ALL,ALL,WELLCOME,194,143,0.7371134020618557,12.938144329896907,31,0.41735949451280346,0.26731571064370085,0.28205128205128205,194.0,99.57668308773128
2024-03,category1,Drinks,ALL,ALL,AEON,3,0,0.0,0.0,31,0.0,,,3.0,110.38360674482335
2024-03,category1,Drinks,ALL,ALL,DCHFOOD,8,0,0.0,0.0,31,0.0,,,8.0,102.0341133529862
2024-03,category1,Drinks,ALL,ALL,JASONS,173,122,0.7052023121387283,11.531791907514451,31,0.37199328733917586,0.21322292816489602,0.2,173.0,99.47484502863779
2024-03,category1,Drinks,ALL,ALL,PARKNSHOP,161,110,0.6832298136645962,9.937888198757763,31,0.32057703866960524,0.19631326243774394,0.18786764705882353,131.0,100.73010293610687
2024-03,category1,Drinks,ALL,ALL,WATSONS,9,2,0.2222222222222222,4.777777777777778,31,0.15412186379928314,0.21555555555555556,0.21555555555555556,9.0,104.51028262360981
2024-03,category1,Drinks,ALL,ALL,WELLCOME,172,120,0.6976744186046512,11.534883720930232,31,0.37209302325581395,0.21088129467108,0.2,172.0,99.55001435412245
2024-03,category1,Household / Pet food and care,ALL,ALL,AEON,8,0,0.0,0.0,31,0.0,,,8.0,104.35062993930366
2024-03,category1,Household / Pet food and care,ALL,ALL,JASONS,180,87,0.48333333333333334,9.416666666666666,31,0.30376344086021506,0.17289800757783605,0.1590909090909091,178.0,99.08956249222555
2024-03,category1,Household / Pet food and care,ALL,ALL,MANNINGS,1,0,0.0,0.0,31,0.0,,,1.0,100.2629114111588
2024-03,category1,Household / Pet food and care,ALL,ALL,PARKNSHOP,176,82,0.4659090909090909,9.210227272727273,31,0.2971041055718475,0.19701027592669185,0.17199248120300747,132.0,101.33120043871968
2024-03,category1,Household / Pet food and care,ALL,ALL,WATSONS,42,9,0.21428571428571427,4.261904761904762,31,0.13748079877112135,0.14845586190577723,0.1431028277634961,42.0,102.75698981160038
2024-03,category1,Household / Pet food and care,ALL,ALL,WELLCOME,180,86,0.4777777777777778,9.366666666666667,31,0.30215053763440863,0.1719528262477747,0.1590909090909091,178.0,99.08195952945921
2024-03,category1,Milk powder / Baby care,ALL,ALL,AEON,10,5,0.5,11.2,31,0.36129032258064514,0.22041373052727914,0.20034482758620686,7.0,93.76385063445913
2024-03,category1,Milk powder / Baby care,ALL,ALL,JASONS,68,22,0.3235294117647059,3.735294117647059,31,0.1204933586337761,0.1840467084474731,0.1998742911153119,68.0,100.10047936858454
2024-03,category1,Milk powder / Baby care,ALL,ALL,MANNINGS,100,33,0.33,5.56,31,0.17935483870967742,0.20943425074115146,0.2,98.0,100.42247852901112
2024-03,category1,Milk powder / Baby care,ALL,ALL,PARKNSHOP,97,42,0.4329896907216495,7.257731958762887,31,0.23412038576654473,0.20145742918894655,0.16066098081023455,94.0,100.25489480170191
2024-03,category1,Milk powder / Baby care,ALL,ALL,WATSONS,121,37,0.30578512396694213,4.7190082644628095,31,0.1522260730471874,0.27802179890282214,0.25,113.0,99.62106651613927
2024-03,category1,Milk powder / Baby care,ALL,ALL,WELLCOME,68,22,0.3235294117647059,3.735294117647059,31,0.1204933586337761,0.1833966179479896,0.1998742911153119,68.0,99.89670370010653
2024-03,category1,Noodles / Cooking needs / Processed food (cold),ALL,ALL,DCHFOOD,18,0,0.0,0.0,31,0.0,,,17.0,103.34006838532225
2024-03,category1,Noodles / Cooking needs / Processed food (cold),ALL,ALL,JASONS,264,146,0.553030303030303,11.075757575757576,31,0.3572825024437928,0.2860105363962305,0.3,263.0,99.77081473479736
2024-03,category1,Noodles / Cooking needs / Processed food (cold),ALL,ALL,PARKNSHOP,259,152,0.5868725868725869,11.386100386100386,31,0.3672935608419479,0.2703692840616374,0.25,185.0,100.4903387340333
2024-03,category1,Noodles / Cooking needs / Processed food (cold),ALL,ALL,WELLCOME,262,145,0.5534351145038168,11.068702290076336,31,0.3570549125831076,0.2849385974373899,0.3,262.0,99.73008396514426
2024-03,category1,Personal care,ALL,ALL,AEON,4,0,0.0,0.0,31,0.0,,,3.0,105.63838178656408
2024-03,category1,Personal care,ALL,ALL,JASONS,175,86,0.49142857142857144,5.857142857142857,31,0.1889400921658986,0.24013679749787,0.25,175.0,100.21029336399477
2024-03,category1,Personal care,ALL,ALL,MANNINGS,169,103,0.6094674556213018,9.538461538461538,31,0.3076923076923077,0.32728366608938303,0.3333337078651685,156.0,96.23201457556087
2024-03,category1,Personal care,ALL,ALL,PARKNSHOP,237,98,0.41350210970464135,5.641350210970464,31,0.18197903906356336,0.27170862367814336,0.2533381678037885,205.0,103.23899557383285
2024-03,category1,Personal care,ALL,ALL,WATSONS,292,152,0.5205479452054794,6.284246575342466,31,0.20271763146266017,0.26165686020597717,0.25,244.0,99.98650993254957
2024-03,category1,Personal care,ALL,ALL,WELLCOME,177,87,0.4915254237288136,5.796610169491525,31,0.18698742482230726,0.2385371245424236,0.25,177.0,99.71456311571824
2024-03,category1,Rice / Oil / Canned food / Fruits / Vegetables / Meat,ALL,ALL,DCHFOOD,33,0,0.0,0.0,31,0.0,,,28.0,101.02180159554928
2024-03,category1,Rice / Oil / Canned food / Fruits / Vegetables / Meat,ALL,ALL,JASONS,165,52,0.3151515151515151,5.36969696969697,31,0.1732160312805474,0.26817378214366533,0.2546277777777778,160.0,100.19516097640215
2024-03,category1,Rice / Oil / Canned food / Fruits / Vegetables / Meat,ALL,ALL,PARKNSHOP,196,110,0.5612244897959183,9.10204081632653,31,0.293614219881501,0.2099395906626841,0.16701534170153418,82.0,98.89412963613282
2024-03,category1,Rice / Oil / Canned food / Fruits / Vegetables / Meat,ALL,ALL,WELLCOME,160,51,0.31875,5.525,31,0.17822580645161293,0.2666490014207083,0.2592555555555556,160.0,100.24776255768857
2024-01,category2,Bakery / Cereals / Spreads,Breads,ALL,JASONS,25,1,0.04,1.24,31,0.04,0.23295454545454553,0.23295454545454553,25.0,101.10462163534788
2024-01,category2,Bakery / Cereals / Spreads,Breads,ALL,PARKNSHOP,14,2,0.14285714285714285,4.428571428571429,31,0.14285714285714288,0.31818181818181823,0.31818181818181823,14.0,100.32922814290939
2024-01,category2,Bakery / Cereals / Spreads,Breads,ALL,WELLCOME,26,2,0.07692307692307693,1.3076923076923077,31,0.04218362282878412,0.23529411764705882,0.23529411764705882,25.0,98.69217255514346
2024-01,category2,Bakery / Cereals / Spreads,Breakfast cereals,ALL,DCHFOOD,2,0,0.0,0.0,31,0.0,,,2.0,118.79047863054046
2024-01,category2,Bakery / Cereals / Spreads,Breakfast cereals,ALL,JASONS,18,8,0.4444444444444444,7.611111111111111,31,0.24551971326164873,0.219071460929242,0.24050632911392406,18.0,100.97275734964795
2024-01,category2,Bakery / Cereals / Spreads,Breakfast cereals,ALL,PARKNSHOP,21,9,0.42857142857142855,4.809523809523809,31,0.1551459293394777,0.19867134416587118,0.16527196652719664,20.0,98.26694110791237
2024-01,category2,Bakery / Cereals / Spreads,Breakfast cereals,ALL,WELLCOME,22,8,0.36363636363636365,6.2727272727272725,31,0.20234604105571846,0.17098892605832042,0.1780821917808219,21.0,99.24483217386715
2024-01,category2,Bakery / Cereals / Spreads,Cakes,ALL,DCHFOOD,2,0,0.0,0.0,31,0.0,,,2.0,87.75510204081634
2024-01,category2,Bakery / Cereals / Spreads,Cakes,ALL,JASONS,9,8,0.8888888888888888,17.22222222222222,31,0.5555555555555556,0.2856806504718773,0.2857142857142857,9.0,105.13607339633863
2024-01,category2,Bakery / Cereals / Spreads,Cakes,ALL,PARKNSHOP,4,2,0.5,15.0,31,0.4838709677419355,0.33067802271209085,0.39879759519038077,4.0,96.10285034893813
2024-01,category2,Bakery / Cereals / Spreads,Cakes,ALL,WELLCOME,8,7,0.875,12.75,31,0.4112903225806452,0.27279662577281627,0.2619047619047619,8.0,99.95888453217422
2024-01,category2,Bakery / Cereals / Spreads,Honey / Syrup,ALL,AEON,1,0,0.0,0.0,31,0.0,,,,
2024-01,category2,Bakery / Cereals / Spreads,Honey / Syrup,ALL,DCHFOOD,1,0,0.0,0.0,31,0.0,,,1.0,98.98084323592843
2024-01,category2,Bakery / Cereals / Spreads,Honey / Syrup,ALL,JASONS,20,0,0.0,0.0,31,0.0,,,20.0,102.45937385035897
2024-01,category2,Bakery / Cereals / Spreads,Honey / Syrup,ALL,PARKNSHOP,26,0,0.0,0.0,31,0.0,,,15.0,95.7639395561904
2024-01,category2,Bakery / Cereals / Spreads,Honey / Syrup,ALL,WELLCOME,19,0,0.0,0.0,31,0.0,,,19.0,100.66106905403294
2024-01,category2,Bakery / Cereals / Spreads,Spreads,ALL,AEON,1,0,0.0,0.0,31,0.0,,,,
2024-01,category2,Bakery / Cereals / Spreads,Spreads,ALL,JASONS,12,0,0.0,0.0,31,0.0,,,12.0,100.00959384760549
2024-01,category2,Bakery / Cereals / Spreads,Spreads,ALL,PARKNSHOP,17,2,0.11764705882352941,2.235294117647059,31,0.07210626185958255,0.16574977077602734,0.14987080103359174,12.0,101.90862803314155
2024-01,category2,Bakery / Cereals / Spreads,Spreads,ALL,WELLCOME,12,0,0.0,0.0,31,0.0,,,12.0,98.08177811925293
2024-01,category2,Beer / Wines / Spirits,Beer,ALL,AEON,4,0,0.0,0.0,31,0.0,,,,
2024-01,category2,Beer / Wines / Spirits,Beer,ALL,DCHFOOD,6,0,0.0,0.0,31,0.0,,,5.0,106.57180074332429
2024-01,category2,Beer / Wines / Spirits,Beer,ALL,JASONS,22,14,0.6363636363636364,10.818181818181818,31,0.3489736070381232,0.18025753446650133,0.19230769230769232,22.0,99.00831711107662
2024-01,category2,Beer / Wines / Spirits,Beer,ALL,PARKNSHOP,34,22,0.6470588235294118,9.764705882352942,31,0.31499051233396586,0.19747599410896563,0.19055876685934486,29.0,101.56791752838517
2024-01,category2,Beer / Wines / Spirits,Beer,ALL,WELLCOME,30,15,0.5,8.966666666666667,31,0.289247311827957,0.16420342906383165,0.16,29.0,98.20813028853402
2024-01,category2,Beer / Wines / Spirits,Red wines,ALL,JASONS,5,5,1.0,28.8,31,0.9290322580645162,0.31786917398336517,0.29464285714285715,5.0,93.21054049885656
2024-01,category2,Beer / Wines / Spirits,Red wines,ALL,PARKNSHOP,7,6,0.8571428571428571,16.142857142857142,31,0.5207373271889401,0.4195603298754164,0.4793577981651376,6.0,111.1502133875075
2024-01,category2,Beer / Wines / Spirits,Red wines,ALL,WELLCOME,6,5,0.8333333333333334,21.166666666666668,31,0.6827956989247312,0.40079564524086936,0.42857142857142855,6.0,94.33501853438968
2024-01,category2,Beer / Wines / Spirits,Rice wines,ALL,DCHFOOD,1,0,0.0,0.0,31,0.0,,,1.0,92.5024489488358
2024-01,category2,Beer / Wines / Spirits,Rice wines,ALL,JASONS,1,0,0.0,0.0,31,0.0,,,1.0,102.18324982104508
2024-01,category2,Beer / Wines / Spirits,Rice wines,ALL,PARKNSHOP,4,2,0.5,2.5,31,0.08064516129032258,0.1448406178113704,0.1448406178113704,3.0,103.91552604342316
2024-01,category2,Beer / Wines / Spirits,Rice wines,ALL,WELLCOME,2,0,0.0,0.0,31,0.0,,,2.0,96.06710671067107
2024-01,category2,Beer / Wines / Spirits,Shandy,ALL,PARKNSHOP,1,0,0.0,0.0,31,0.0,,,1.0,102.45063879210221
2024-01,category2,Beer / Wines / Spirits,Shandy,ALL,WELLCOME,1,0,0.0,0.0,31,0.0,,,1.0,97.5493612078978
2024-01,category2,Beer / Wines / Spirits,Shaoxing wines,ALL,JASONS,1,0,0.0,0.0,31,0.0,,,1.0,104.12627324612906
2024-01,category2,Beer / Wines / Spirits,Shaoxing wines,ALL,PARKNSHOP,1,0,0.0,0.0,31,0.0,,,1.0,96.82678390999206
2024-01,category2,Beer / Wines / Spirits,Shaoxing wines,ALL,WELLCOME,1,0,0.0,0.0,31,0.0,,,1.0,99.04694284387887
2024-01,category2,Beer / Wines / Spirits,White wines,ALL,JASONS,1,1,1.0,31.0,31,1.0,0.15000000000000005,0.15000000000000005,1.0,93.49628982976866
2024-01,category2,Beer / Wines / Spirits,White wines,ALL,PARKNSHOP,1,1,1.0,5.0,31,0.16129032258064516,0.45871559633027525,0.45871559633027525,1.0,122.19201003974062
2024-01,category2,Beer / Wines / Spirits,White wines,ALL,WELLCOME,2,1,0.5,15.5,31,0.5,0.42857142857142855,0.42857142857142855,2.0,90.03786583133804
2024-01,category2,Candies / Biscuits / Snacks,Biscuits,ALL,DCHFOOD,4,0,0.0,0.0,31,0.0,,,3.0,119.08158404522216
2024-01,category2,Candies / Biscuits / Snacks,Biscuits,ALL,JASONS,46,33,0.717391304347826,16.065217391304348,31,0.5182328190743338,0.2546440798682734,0.2607655502392344,46.0,101.63807784244003
2024-01,category2,Candies / Biscuits / Snacks,Biscuits,ALL,MANNINGS,5,1,0.2,0.6,31,0.01935483870967742,0.24050632911392408,0.24050632911392408,5.0,109.62008559662631
2024-01,category2,Candies / Biscuits / Snacks,Biscuits,ALL,PARKNSHOP,62,35,0.5645161290322581,11.53225806451613,31,0.37200832466181066,0.29487856545434166,0.25,49.0,97.44990461683292
2024-01,category2,Candies / Biscuits / Snacks,Biscuits,ALL,WELLCOME,44,29,0.6590909090909091,13.613636363636363,31,0.43914956011730205,0.2458087297416155,0.24999999999999997,44.0,99.36722421329914
2024-01,category2,Candies / Biscuits / Snacks,Candies / Confectioneries,ALL,JASONS,47,40,0.851063829787234,18.340425531914892,31,0.5916266300617707,0.21958491936486987,0.2128623188405797,46.0,98.99181483119679
2024-01,category2,Candies / Biscuits / Snacks,Candies / Confectioneries,ALL,MANNINGS,10,2,0.2,6.2,31,0.2,0.1145833333333333,0.1145833333333333,10.0,102.96564230776713
2024-01,category2,Candies / Biscuits / Snacks,Candies / Confectioneries,ALL,PARKNSHOP,58,33,0.5689655172413793,12.827586206896552,31,0.41379310344827586,0.1863791636427832,0.18699186991869915,46.0,102.89521059429386
2024-01,category2,Candies / Biscuits / Snacks,Candies / Confectioneries,ALL,WATSONS,2,0,0.0,0.0,31,0.0,,,2.0,96.68397515622831
2024-01,category2,Candies / Biscuits / Snacks,Candies / Confectioneries,ALL,WELLCOME,48,37,0.7708333333333334,16.6875,31,0.5383064516129032,0.23764830516539479,0.25,48.0,98.02088768143538
2024-01,category2,Candies / Biscuits / Snacks,Dried fruits,ALL,JASONS,5,0,0.0,0.0,31,0.0,,,5.0,100.10326066716549
2024-01,category2,Candies / Biscuits / Snacks,Dried fruits,ALL,PARKNSHOP,6,1,0.16666666666666666,2.8333333333333335,31,0.0913978494623656,0.2239482841075875,0.18699186991869915,4.0,102.84897456769046
2024-01,category2,Candies / Biscuits / Snacks,Dried fruits,ALL,WELLCOME,5,0,0.0,0.0,31,0.0,,,5.0,97.4675744577122
2024-01,category2,Candies / Biscuits / Snacks,Snack bars / Energy bars,ALL,JASONS,5,3,0.6,5.8,31,0.1870967741935484,0.2824074074074074,0.25,4.0,100.07293823017282
2024-01,category2,Candies / Biscuits / Snacks,Snack bars / Energy bars,ALL,PARKNSHOP,4,2,0.5,9.5,31,0.3064516129032258,0.25509802108061264,0.267601146862058,2.0,105.86355099682171
2024-01,category2,Candies / Biscuits / Snacks,Snack bars / Energy bars,ALL,WELLCOME,4,3,0.75,7.75,31,0.25,0.2698412698412698,0.25,4.0,97.18913768461171
2024-01,category2,Candies / Biscuits / Snacks,Snacks,ALL,DCHFOOD,4,1,0.25,0.75,31,0.024193548387096774,,,3.0,101.14020050171892
2024-01,category2,Candies / Biscuits / Snacks,Snacks,ALL,JASONS,38,31,0.8157894736842105,20.973684210526315,31,0.6765704584040747,0.2889458190106853,0.2606060606060607,37.0,100.21225302359882
2024-01,category2,Candies / Biscuits / Snacks,Snacks,ALL,MANNINGS,1,0,0.0,0.0,31,0.0,,,1.0,91.82052458784905
2024-01,category2,Candies / Biscuits / Snacks,Snacks,ALL,PARKNSHOP,40,31,0.775,22.25,31,0.717741935483871,0.29201661111175425,0.27135678391959794,38.0,100.08640052524609
2024-01,category2,Candies / Biscuits / Snacks,Snacks,ALL,WATSONS,1,0,0.0,0.0,31,0.0,,,1.0,98.49260422918064
2024-01,category2,Candies / Biscuits / Snacks,Snacks,ALL,WELLCOME,50,43,0.86,21.72,31,0.7006451612903225,0.27106124570982637,0.25250000000000006,47.0,99.94205564917625
2024-01,category2,Dairy / Soy products / Eggs,Bean curd products,ALL,JASONS,12,11,0.9166666666666666,24.25,31,0.782258064516129,0.25804024681677257,0.2204354838709677,12.0,101.1938994530503
2024-01,category2,Dairy / Soy products / Eggs,Bean curd products,ALL,PARKNSHOP,11,10,0.9090909090909091,23.90909090909091,31,0.7712609970674487,0.15756613991016827,0.16318227909222596,10.0,100.82438552100726
2024-01,category2,Dairy / Soy products / Eggs,Bean curd products,ALL,WELLCOME,12,11,0.9166666666666666,24.25,31,0.782258064516129,0.24657927987686826,0.21428571428571427,12.0,98.06680066580779
2024-01,category2,Dairy / Soy products / Eggs,Butter / Margarine,ALL,JASONS,10,2,0.2,2.4,31,0.07741935483870968,0.2543859649122807,0.2543859649122807,10.0,101.36266307920803
2024-01,category2,Dairy / Soy products / Eggs,Butter / Margarine,ALL,PARKNSHOP,10,2,0.2,3.7,31,0.11935483870967742,0.25252828908827424,0.25395430579964845,8.0,97.56170570758866
2024-01,category2,Dairy / Soy products / Eggs,Butter / Margarine,ALL,WELLCOME,11,2,0.18181818181818182,2.1818181818181817,31,0.07038123167155425,0.2543859649122807,0.2543859649122807,11.0,100.5200407750378
2024-01,category2,Dairy / Soy products / Eggs,Cheese / Yoghurt products,ALL,JASONS,36,22,0.6111111111111112,11.777777777777779,31,0.3799283154121864,0.3191531118897488,0.3157894736842105,36.0,100.20081120292758
2024-01,category2,Dairy / Soy products / Eggs,Cheese / Yoghurt products,ALL,PARKNSHOP,30,19,0.6333333333333333,13.766666666666667,31,0.44408602150537635,0.30944436389783514,0.25974025974025977,27.0,100.42588304128553
2024-01,category2,Dairy / Soy products / Eggs,Cheese / Yoghurt products,ALL,WELLCOME,38,24,0.631578947368421,12.868421052631579,31,0.4151103565365025,0.31634043305816334,0.30952380952380953,38.0,99.52064570769531
2024-01,category2,Dairy / Soy products / Eggs,Cream,ALL,JASONS,3,2,0.6666666666666666,16.666666666666668,31,0.5376344086021506,0.2584509024138186,0.24592391304347827,3.0,101.75383300208274
2024-01,category2,Dairy / Soy products / Eggs,Cream,ALL,PARKNSHOP,3,3,1.0,22.333333333333332,31,0.7204301075268816,0.2659213007761752,0.25903614457831325,3.0,98.28210759276243
2024-01,category2,Dairy / Soy products / Eggs,Cream,ALL,WELLCOME,2,2,1.0,25.0,31,0.8064516129032258,0.2699640603085554,0.26154891304347827,2.0,99.95182641705557
2024-01,category2,Dairy / Soy products / Eggs,Eggs,ALL,JASONS,6,4,0.6666666666666666,10.833333333333334,31,0.34946236559139787,0.2482100131574125,0.2528900581997927,6.0,97.54772185000866
2024-01,category2,Dairy / Soy products / Eggs,Eggs,ALL,PARKNSHOP,9,6,0.6666666666666666,13.444444444444445,31,0.4336917562724014,0.31878313893543336,0.29950706192298693,5.0,103.35236892955216
2024-01,category2,Dairy / Soy products / Eggs,Eggs,ALL,WELLCOME,5,4,0.8,13.2,31,0.4258064516129032,0.2347310698349656,0.2506538796861377,5.0,99.61141285713532
2024-01,category2,Dairy / Soy products / Eggs,Frozen confections,ALL,JASONS,14,13,0.9285714285714286,12.071428571428571,31,0.38940092165898615,0.3524083903429356,0.3164383561643836,14.0,97.30984424068836
2024-01,category2,Dairy / Soy products / Eggs,Frozen confections,ALL,PARKNSHOP,14,11,0.7857142857142857,6.142857142857143,31,0.19815668202764977,0.30143486578575657,0.3107769423558897,14.0,105.1317430828564
2024-01,category2,Dairy / Soy products / Eggs,Frozen confections,ALL,WELLCOME,14,13,0.9285714285714286,12.142857142857142,31,0.39170506912442393,0.3292637930852618,0.2932584269662922,14.0,97.55841267645523
2024-01,category2,Dairy / Soy products / Eggs,Milk / Milk drinks,ALL,AEON,1,0,0.0,0.0,31,0.0,,,1.0,98.00570621631748
2024-01,category2,Dairy / Soy products / Eggs,Milk / Milk drinks,ALL,DCHFOOD,11,2,0.18181818181818182,0.5454545454545454,31,0.01759530791788856,,,11.0,104.00238539967242
2024-01,category2,Dairy / Soy products / Eggs,Milk / Milk drinks,ALL,JASONS,59,46,0.7796610169491526,15.559322033898304,31,0.5019136139967195,0.29506714712064896,0.29339477726574503,59.0,101.32780571716278
2024-01,category2,Dairy / Soy products / Eggs,Milk / Milk drinks,ALL,PARKNSHOP,61,52,0.8524590163934426,19.098360655737704,31,0.6160761501850872,0.2065217333474686,0.25,52.0,97.6686661845721
2024-01,category2,Dairy / Soy products / Eggs,Milk / Milk drinks,ALL,WATSONS,1,0,0.0,0.0,31,0.0,,,1.0,96.93655354591158
2024-01,category2,Dairy / Soy products / Eggs,Milk / Milk drinks,ALL,WELLCOME,59,44,0.7457627118644068,13.661016949152541,31,0.4406779661016949,0.2857475135460254,0.2741168478260869,59.0,100.0412550949991
2024-01,category2,Dairy / Soy products / Eggs,Soy drinks / Instant Soy Milk,ALL,JASONS,21,19,0.9047619047619048,14.571428571428571,31,0.4700460829493088,0.2173607935874504,0.2222222222222222,21.0,100.55215706552856
2024-01,category2,Dairy / Soy products / Eggs,Soy drinks / Instant Soy Milk,ALL,PARKNSHOP,25,21,0.84,17.16,31,0.5535483870967742,0.18877626800443928,0.18899521531100477,21.0,101.44735294360312
2024-01,category2,Dairy / Soy products / Eggs,Soy drinks / Instant Soy Milk,ALL,WATSONS,7,5,0.7142857142857143,5.714285714285714,31,0.18433179723502305,0.09486486486486487,0.08108108108108109,7.0,97.274754852847
2024-01,category2,Dairy / Soy products / Eggs,Soy drinks / Instant Soy Milk,ALL,WELLCOME,24,21,0.875,16.125,31,0.5201612903225806,0.2035001118565384,0.19047619047619047,23.0,99.24580930266316
2024-01,category2,Drinks,Bottled water / Sports drinks /  Energy drinks,ALL,DCHFOOD,2,0,0.0,0.0,31,0.0,,,2.0,94.27714577713738
2024-01,category2,Drinks,Bottled water / Sports drinks /  Energy drinks,ALL,JASONS,37,25,0.6756756756756757,12.108108108108109,31,0.39058413251961643,0.23708899015614182,0.23333333333333334,37.0,100.32842309113494
2024-01,category2,Drinks,Bottled water / Sports drinks /  Energy drinks,ALL,PARKNSHOP,41,27,0.6585365853658537,11.463414634146341,31,0.36978756884343034,0.17670617831133162,0.1666666666666667,29.0,101.6464195831696
2024-01,category2,Drinks,Bottled water / Sports drinks /  Energy drinks,ALL,WATSONS,5,3,0.6,1.2,31,0.03870967741935484,0.11999999999999998,0.11999999999999994,5.0,109.54677614089479
2024-01,category2,Drinks,Bottled water / Sports drinks /  Energy drinks,ALL,WELLCOME,37,25,0.6756756756756757,12.135135135135135,31,0.39145597210113336,0.2112395744595306,0.20588235294117646,37.0,97.81383269083275
2024-01,category2,Drinks,Carbonated drinks,ALL,DCHFOOD,1,0,0.0,0.0,31,0.0,,,1.0,108.09155269698792
2024-01,category2,Drinks,Carbonated drinks,ALL,JASONS,19,10,0.5263157894736842,8.263157894736842,31,0.266553480475382,0.2221003763924776,0.24342105263157895,19.0,100.39354004442347
2024-01,category2,Drinks,Carbonated drinks,ALL,PARKNSHOP,20,18,0.9,13.65,31,0.4403225806451613,0.14147042679798913,0.10000000000000002,17.0,99.29224465353285
2024-01,category2,Drinks,Carbonated drinks,ALL,WELLCOME,19,10,0.5263157894736842,8.263157894736842,31,0.266553480475382,0.21836554912823852,0.24342105263157895,19.0,99.60692885238443
2024-01,category2,Drinks,Cereal drinks / Malted drinks / Chocolate drinks,ALL,JASONS,3,0,0.0,0.0,31,0.0,,,3.0,102.51382648034699
2024-01,category2,Drinks,Cereal drinks / Malted drinks / Chocolate drinks,ALL,PARKNSHOP,5,1,0.2,1.4,31,0.04516129032258064,0.12400000000000004,0.12400000000000005,3.0,99.58326743191054
2024-01,category2,Drinks,Cereal drinks / Malted drinks / Chocolate drinks,ALL,WELLCOME,3,0,0.0,0.0,31,0.0,,,3.0,97.90290608774244
2024-01,category2,Drinks,Coffee / Tea bags / Milk tea / Yuan yang,ALL,DCHFOOD,1,0,0.0,0.0,31,0.0,,,1.0,104.45355991796075
2024-01,category2,Drinks,Coffee / Tea bags / Milk tea / Yuan yang,ALL,JASONS,25,17,0.68,7.64,31,0.2464516129032258,0.24973624725605237,0.25,25.0,101.38625410674351
2024-01,category2,Drinks,Coffee / Tea bags / Milk tea / Yuan yang,ALL,PARKNSHOP,41,40,0.975609756097561,7.024390243902439,31,0.22659323367427223,0.16457902561545917,0.10000000000000005,27.0,100.19371326435478
2024-01,category2,Drinks,Coffee / Tea bags / Milk tea / Yuan yang,ALL,WELLCOME,25,18,0.72,8.32,31,0.26838709677419353,0.2312894519856461,0.25,24.0,97.9956483504161
2024-01,category2,Drinks,Fruit Juices / Cordials,ALL,AEON,1,0,0.0,0.0,31,0.0,,,,
2024-01,category2,Drinks,Fruit Juices / Cordials,ALL,JASONS,19,11,0.5789473684210527,6.473684210526316,31,0.20882852292020374,0.21295592432013824,0.22972972972972974,19.0,101.94050211104506
2024-01,category2,Drinks,Fruit Juices / Cordials,ALL,PARKNSHOP,20,11,0.55,8.0,31,0.25806451612903225,0.21915432971273766,0.19722222222222227,17.0,98.28190741974043
2024-01,category2,Drinks,Fruit Juices / Cordials,ALL,WATSONS,1,1,1.0,26.0,31,0.8387096774193549,0.31230769230769234,0.32,1.0,98.23115232697923
2024-01,category2,Drinks,Fruit Juices / Cordials,ALL,WELLCOME,20,11,0.55,6.15,31,0.19838709677419356,0.1960265474900994,0.20833333333333334,19.0,99.58912437132656
2024-01,category2,Drinks,Oriental drinks,ALL,AEON,2,0,0.0,0.0,31,0.0,,,2.0,106.13501241937593
2024-01,category2,Drinks,Oriental drinks,ALL,DCHFOOD,7,4,0.5714285714285714,1.7142857142857142,31,0.05529953917050691,,,6.0,121.2354838807992
2024-01,category2,Drinks,Oriental drinks,ALL,JASONS,19,18,0.9473684210526315,18.105263157894736,31,0.5840407470288624,0.2506731012613073,0.24501239316239318,19.0,98.74393844250223
2024-01,category2,Drinks,Oriental drinks,ALL,PARKNSHOP,23,23,1.0,18.608695652173914,31,0.6002805049088359,0.22024045223402308,0.20625000000000004,22.0,99.38721199641132
2024-01,category2,Drinks,Oriental drinks,ALL,WELLCOME,25,23,0.92,19.12,31,0.6167741935483871,0.2595457300985153,0.25,23.0,97.0142136786175
2024-01,category2,Household / Pet food and care,Batteries,ALL,JASONS,6,2,0.3333333333333333,4.0,31,0.12903225806451613,0.25,0.25,6.0,96.54099534447705
2024-01,category2,Household / Pet food and care,Batteries,ALL,PARKNSHOP,11,0,0.0,0.0,31,0.0,,,10.0,105.02604261680912
2024-01,category2,Household / Pet food and care,Batteries,ALL,WATSONS,3,0,0.0,0.0,31,0.0,,,3.0,109.97643119151925
2024-01,category2,Household / Pet food and care,Batteries,ALL,WELLCOME,10,2,0.2,2.4,31,0.07741935483870968,0.25,0.25,10.0,94.26023039239678
2024-01,category2,Household / Pet food and care,Dehumidfiers / Mold prevention,ALL,JASONS,5,1,0.2,2.8,31,0.09032258064516129,0.15625,0.15625,5.0,102.94894113300835
2024-01,category2,Household / Pet food and care,Dehumidfiers / Mold prevention,ALL,PARKNSHOP,6,6,1.0,8.833333333333334,31,0.2849462365591398,0.04537037037037039,0.0,3.0,98.77515886341997
2024-01,category2,Household / Pet food and care,Dehumidfiers / Mold prevention,ALL,WATSONS,1,0,0.0,0.0,31,0.0,,,1.0,92.99373239734628
2024-01,category2,Household / Pet food and care,Dehumidfiers / Mold prevention,ALL,WELLCOME,5,1,0.2,2.8,31,0.09032258064516129,0.13333333333333333,0.13333333333333333,5.0,99.15681205417066
2024-01,category2,Household / Pet food and care,Electrical products,ALL,PARKNSHOP,2,0,0.0,0.0,31,0.0,,,,
2024-01,category2,Household / Pet food and care,Household cleaning,ALL,AEON,2,0,0.0,0.0,31,0.0,,,2.0,94.77171478426753
2024-01,category2,Household / Pet food and care,Household cleaning,ALL,JASONS,46,26,0.5652173913043478,10.956521739130435,31,0.3534361851332399,0.1894784035099872,0.1747750865051903,45.0,100.07846269316552
2024-01,category2,Household / Pet food and care,Household cleaning,ALL,PARKNSHOP,56,56,1.0,14.839285714285714,31,0.47868663594470046,0.09098693464132555,0.057692307692307626,47.0,101.67065893034825
2024-01,category2,Household / Pet food and care,Household cleaning,ALL,WATSONS,16,2,0.125,2.8125,31,0.0907258064516129,0.24375802528141985,0.23731648856486567,16.0,103.32052423432403
2024-01,category2,Household / Pet food and care,Household cleaning,ALL,WELLCOME,50,27,0.54,11.0,31,0.3548387096774194,0.18021394726855974,0.16216216216216217,49.0,97.3624058196714
2024-01,category2,Household / Pet food and care,Insecticides,ALL,JASONS,6,0,0.0,0.0,31,0.0,,,6.0,102.46967974721824
2024-01,category2,Household / Pet food and care,Insecticides,ALL,PARKNSHOP,8,8,1.0,8.75,31,0.28225806451612906,0.04583333333333332,0.0,6.0,98.00963052569008
2024-01,category2,Household / Pet food and care,Insecticides,ALL,WELLCOME,6,0,0.0,0.0,31,0.0,,,6.0,99.52068972709164
2024-01,category2,Household / Pet food and care,Laundry needs,ALL,JASONS,21,8,0.38095238095238093,8.857142857142858,31,0.28571428571428575,0.16082842490265556,0.14751552795031056,21.0,101.45157138701803
2024-01,category2,Household / Pet food and care,Laundry needs,ALL,PARKNSHOP,24,24,1.0,13.625,31,0.43951612903225806,0.06351258565452698,0.0,21.0,99.10708653515009
2024-01,category2,Household / Pet food and care,Laundry needs,ALL,WATSONS,5,0,0.0,0.0,31,0.0,,,4.0,100.98075292385964
2024-01,category2,Household / Pet food and care,Laundry needs,ALL,WELLCOME,21,8,0.38095238095238093,8.80952380952381,31,0.28417818740399386,0.15862804364638894,0.14476284584980237,20.0,99.16743501306391
2024-01,category2,Household / Pet food and care,Paper,ALL,JASONS,25,23,0.92,25.24,31,0.8141935483870967,0.24429086672418296,0.25925925925925924,25.0,100.26258176213642
2024-01,category2,Household / Pet food and care,Paper,ALL,MANNINGS,1,0,0.0,0.0,31,0.0,,,1.0,106.56198899301953
2024-01,category2,Household / Pet food and care,Paper,ALL,PARKNSHOP,37,37,1.0,26.027027027027028,31,0.8395815170008719,0.21392302885569658,0.22005571030640667,21.0,97.58196753853207
2024-01,category2,Household / Pet food and care,Paper,ALL,WATSONS,12,7,0.5833333333333334,8.25,31,0.2661290322580645,0.16254173752267323,0.14285714285714285,12.0,105.6509456198832
2024-01,category2,Household / Pet food and care,Paper,ALL,WELLCOME,26,24,0.9230769230769231,24.692307692307693,31,0.7965260545905708,0.22773729056731296,0.23076923076923078,26.0,98.95150050764647
2024-01,category2,Household / Pet food and care,Pet care,ALL,JASONS,1,1,1.0,31.0,31,1.0,0.1137154792295196,0.14388489208633093,1.0,100.0996015936255
2024-01,category2,Household / Pet food and care,Pet care,ALL,PARKNSHOP,1,1,1.0,31.0,31,1.0,0.12141769347916387,0.14878397711015745,1.0,99.80079681274901
2024-01,category2,Household / Pet food and care,Pet care,ALL,WELLCOME,1,1,1.0,31.0,31,1.0,0.1137154792295196,0.14388489208633093,1.0,100.0996015936255
2024-01,category2,Household / Pet food and care,Pet food,ALL,AEON,6,0,0.0,0.0,31,0.0,,,6.0,108.90024011330688
2024-01,category2,Household / Pet food and care,Pet food,ALL,JASONS,11,11,1.0,24.09090909090909,31,0.7771260997067448,0.14487510228085443,0.08791208791208792,11.0,103.48476887579177
2024-01,category2,Household / Pet food and care,Pet food,ALL,PARKNSHOP,16,16,1.0,23.8125,31,0.7681451612903226,0.2497950377775678,0.1626421967900471,13.0,95.31437678918466
2024-01,category2,Household / Pet food and care,Pet food,ALL,WELLCOME,13,10,0.7692307692307693,21.0,31,0.6774193548387096,0.19561160168047476,0.1765358503063421,13.0,99.49161819791101
2024-01,category2,Household / Pet food and care,Wraps / Food bags / Foil,ALL,JASONS,8,7,0.875,12.25,31,0.3951612903225806,0.23027864992150707,0.21428571428571427,8.0,97.85388008199808
2024-01,category2,Household / Pet food and care,Wraps / Food bags / Foil,ALL,PARKNSHOP,13,13,1.0,11.384615384615385,31,0.36724565756823824,0.09309076797061769,0.15,9.0,99.52347594189587
2024-01,category2,Household / Pet food and care,Wraps / Food bags / Foil,ALL,WATSONS,5,0,0.0,0.0,31,0.0,,,5.0,111.03204596930692
2024-01,category2,Household / Pet food and care,Wraps / Food bags / Foil,ALL,WELLCOME,8,7,0.875,12.25,31,0.3951612903225806,0.2349207241424998,0.22058823529411764,8.0,96.81351352573125
2024-01,category2,Milk powder / Baby care,Adult milk powder,ALL,JASONS,16,4,0.25,5.0,31,0.16129032258064516,0.19923035345157888,0.1856822047962825,16.0,101.28912458097723
2024-01,category2,Milk powder / Baby care,Adult milk powder,ALL,MANNINGS,14,3,0.21428571428571427,4.357142857142857,31,0.14055299539170504,0.18956898228742167,0.2,14.0,97.76478803127907
2024-01,category2,Milk powder / Baby care,Adult milk powder,ALL,PARKNSHOP,17,3,0.17647058823529413,3.3529411764705883,31,0.10815939278937382,0.16279326801783414,0.15704387990762128,17.0,100.92686539900117
2024-01,category2,Milk powder / Baby care,Adult milk powder,ALL,WATSONS,19,0,0.0,0.0,31,0.0,,,18.0,101.4402611870034
2024-01,category2,Milk powder / Baby care,Adult milk powder,ALL,WELLCOME,16,4,0.25,5.0,31,0.16129032258064516,0.19831467920045776,0.18435347343113245,16.0,98.1793763903641
2024-01,category2,Milk powder / Baby care,Baby foods / Infant foods,ALL,JASONS,6,0,0.0,0.0,31,0.0,,,6.0,119.00470920445478
2024-01,category2,Milk powder / Baby care,Baby foods / Infant foods,ALL,MANNINGS,9,9,1.0,30.88888888888889,31,0.996415770609319,0.25,0.25,9.0,88.02862677165419
2024-01,category2,Milk powder / Baby care,Baby foods / Infant foods,ALL,PARKNSHOP,17,13,0.7647058823529411,21.11764705882353,31,0.6812144212523719,0.28378590583782903,0.25474254742547425,15.0,100.78218437324114
2024-01,category2,Milk powder / Baby care,Baby foods / Infant foods,ALL,WATSONS,14,14,1.0,29.714285714285715,31,0.9585253456221199,0.22200862510373076,0.25,13.0,95.84250985139404
2024-01,category2,Milk powder / Baby care,Baby foods / Infant foods,ALL,WELLCOME,4,0,0.0,0.0,31,0.0,,,4.0,114.0133604381097
2024-01,category2,Milk powder / Baby care,Baby products,ALL,AEON,11,0,0.0,0.0,31,0.0,,,7.0,104.3949597169388
2024-01,category2,Milk powder / Baby care,Baby products,ALL,JASONS,10,6,0.6,9.3,31,0.30000000000000004,0.14715034881188033,0.1374944437091571,10.0,102.19637907184416
2024-01,category2,Milk powder / Baby care,Baby products,ALL,MANNINGS,13,4,0.3076923076923077,5.846153846153846,31,0.18858560794044663,0.35,0.375,12.0,99.36010387655226
2024-01,category2,Milk powder / Baby care,Baby products,ALL,PARKNSHOP,16,11,0.6875,12.8125,31,0.41330645161290325,0.18049127320254926,0.15789473684210525,16.0,96.91089326073147
2024-01,category2,Milk powder / Baby care,Baby products,ALL,WATSONS,23,23,1.0,11.608695652173912,31,0.37447405329593264,0.10300545900160661,0.10000000000000007,21.0,101.27958343326992
2024-01,category2,Milk powder / Baby care,Baby products,ALL,WELLCOME,13,9,0.6923076923076923,9.461538461538462,31,0.3052109181141439,0.21630051016953872,0.2,13.0,97.94683206939432
2024-01,category2,Milk powder / Baby care,Infant formula / Growing-up formula,ALL,AEON,4,0,0.0,0.0,31,0.0,,,,
2024-01,category2,Milk powder / Baby care,Infant formula / Growing-up formula,ALL,JASONS,25,7,0.28,1.96,31,0.0632258064516129,0.026408979382575897,0.0,25.0,101.95006564056435
2024-01,category2,Milk powder / Baby care,Infant formula / Growing-up formula,ALL,MANNINGS,62,12,0.1935483870967742,2.5161290322580645,31,0.08116545265348594,0.155,0.14999999999999997,62.0,100.47868527322463
2024-01,category2,Milk powder / Baby care,Infant formula / Growing-up formula,ALL,PARKNSHOP,47,36,0.7659574468085106,12.340425531914894,31,0.3980782429649966,0.06082487909028243,0.04,47.0,98.69219762119724
2024-01,category2,Milk powder / Baby care,Infant formula / Growing-up formula,ALL,WATSONS,61,60,0.9836065573770492,5.278688524590164,31,0.17028027498677947,0.01795928004790253,0.0,60.0,98.85245149860206
2024-01,category2,Milk powder / Baby care,Infant formula / Growing-up formula,ALL,WELLCOME,41,6,0.14634146341463414,1.2439024390243902,31,0.04012588512981904,0.059962034439539985,0.059574468085106386,39.0,101.26553866585604
2024-01,category2,Milk powder / Baby care,Pregnant women's milk powder,ALL,JASONS,2,0,0.0,0.0,31,0.0,,,2.0,100.0
2024-01,category2,Milk powder / Baby care,Pregnant women's milk powder,ALL,MANNINGS,2,0,0.0,0.0,31,0.0,,,2.0,100.0
2024-01,category2,Milk powder / Baby care,Pregnant women's milk powder,ALL,WATSONS,3,0,0.0,0.0,31,0.0,,,3.0,100.0
2024-01,category2,Milk powder / Baby care,Pregnant women's milk powder,ALL,WELLCOME,2,0,0.0,0.0,31,0.0,,,2.0,100.0
2024-01,category2,Noodles / Cooking needs / Processed food (cold),Baking needs / Wheat flour,ALL,AEON,1,0,0.0,0.0,31,0.0,,,,
2024-01,category2,Noodles / Cooking needs / Processed food (cold),Baking needs / Wheat flour,ALL,JASONS,11,0,0.0,0.0,31,0.0,,,11.0,99.62925980900312
2024-01,category2,Noodles / Cooking needs / Processed food (cold),Baking needs / Wheat flour,ALL,PARKNSHOP,11,3,0.2727272727272727,5.0,31,0.16129032258064516,0.34909650134563625,0.30968858131487886,9.0,98.31048012334843
2024-01,category2,Noodles / Cooking needs / Processed food (cold),Baking needs / Wheat flour,ALL,WELLCOME,13,0,0.0,0.0,31,0.0,,,13.0,101.51982955848887
2024-01,category2,Noodles / Cooking needs / Processed food (cold),Condiments & sauces / Cooking needs,ALL,AEON,2,0,0.0,0.0,31,0.0,,,,
2024-01,category2,Noodles / Cooking needs / Processed food (cold),Condiments & sauces / Cooking needs,ALL,DCHFOOD,17,1,0.058823529411764705,0.17647058823529413,31,0.005692599620493359,,,15.0,103.92393788651783
2024-01,category2,Noodles / Cooking needs / Processed food (cold),Condiments & sauces / Cooking needs,ALL,JASONS,96,34,0.3541666666666667,6.15625,31,0.19858870967741934,0.25150262047745114,0.2,96.0,101.505733778482
2024-01,category2,Noodles / Cooking needs / Processed food (cold),Condiments & sauces / Cooking needs,ALL,PARKNSHOP,127,53,0.41732283464566927,8.181102362204724,31,0.2639065278130556,0.32771915397572055,0.3412698412698413,99.0,99.76562732013967
2024-01,category2,Noodles / Cooking needs / Processed food (cold),Condiments & sauces / Cooking needs,ALL,WELLCOME,103,39,0.3786407766990291,6.242718446601942,31,0.20137801440651426,0.24641836147231844,0.2,103.0,98.15236039592014
2024-01,category2,Noodles / Cooking needs / Processed food (cold),Frozen / Chilled processed food,ALL,DCHFOOD,15,8,0.5333333333333333,1.6,31,0.05161290322580645,,,7.0,91.46318839715639
2024-01,category2,Noodles / Cooking needs / Processed food (cold),Frozen / Chilled processed food,ALL,JASONS,31,26,0.8387096774193549,16.29032258064516,31,0.5254942767950052,0.3325056288979159,0.3377857016414547,30.0,101.22641801277139
2024-01,category2,Noodles / Cooking needs / Processed food (cold),Frozen / Chilled processed food,ALL,PARKNSHOP,47,42,0.8936170212765957,15.191489361702128,31,0.4900480439258751,0.24476771731172478,0.2570796296296296,40.0,100.80998311693523
2024-01,category2,Noodles / Cooking needs / Processed food (cold),Frozen / Chilled processed food,ALL,WELLCOME,40,34,0.85,16.125,31,0.5201612903225806,0.3390469419715027,0.3799283154121863,40.0,99.4737725336913
2024-01,category2,Noodles / Cooking needs / Processed food (cold),Instant noodles,ALL,AEON,1,0,0.0,0.0,31,0.0,,,,
2024-01,category2,Noodles / Cooking needs / Processed food (cold),Instant noodles,ALL,DCHFOOD,7,5,0.7142857142857143,2.142857142857143,31,0.06912442396313363,,,7.0,124.8625110241147
2024-01,category2,Noodles / Cooking needs / Processed food (cold),Instant noodles,ALL,JASONS,19,18,0.9473684210526315,25.68421052631579,31,0.8285229202037352,0.29971330765912296,0.362,19.0,96.72825757937166
2024-01,category2,Noodles / Cooking needs / Processed food (cold),Instant noodles,ALL,PARKNSHOP,34,27,0.7941176470588235,20.323529411764707,31,0.6555977229601518,0.2833655194969189,0.2592592592592592,26.0,100.06169211192875
2024-01,category2,Noodles / Cooking needs / Processed food (cold),Instant noodles,ALL,WELLCOME,27,24,0.8888888888888888,23.77777777777778,31,0.7670250896057348,0.26717817217407774,0.2653557575757576,25.0,95.16711020166694
2024-01,category2,Noodles / Cooking needs / Processed food (cold),Non-instant Italian pasta,ALL,DCHFOOD,4,0,0.0,0.0,31,0.0,,,4.0,99.69106201802256
2024-01,category2,Noodles / Cooking needs / Processed food (cold),Non-instant Italian pasta,ALL,JASONS,11,10,0.9090909090909091,12.090909090909092,31,0.3900293255131965,0.24202845315192367,0.242003367003367,11.0,98.90966189493115
2024-01,category2,Noodles / Cooking needs / Processed food (cold),Non-instant Italian pasta,ALL,PARKNSHOP,15,6,0.4,2.533333333333333,31,0.08172043010752687,0.1934791523735635,0.22093023255813954,10.0,104.42079885754157
2024-01,category2,Noodles / Cooking needs / Processed food (cold),Non-instant Italian pasta,ALL,WELLCOME,10,9,0.9,10.4,31,0.33548387096774196,0.2428127428127428,0.34615384615384615,10.0,96.80250949969094
2024-01,category2,Noodles / Cooking needs / Processed food (cold),Non-instant oriental noodles,ALL,AEON,1,0,0.0,0.0,31,0.0,,,,
2024-01,category2,Noodles / Cooking needs / Processed food (cold),Non-instant oriental noodles,ALL,JASONS,4,3,0.75,14.5,31,0.46774193548387094,0.38740025172662745,0.3434343434343435,4.0,101.40811199589103
2024-01,category2,Noodles / Cooking needs / Processed food (cold),Non-instant oriental noodles,ALL,PARKNSHOP,9,5,0.5555555555555556,14.333333333333334,31,0.4623655913978495,0.29876196999976723,0.28899082568807344,6.0,100.41351247022845
2024-01,category2,Noodles / Cooking needs / Processed food (cold),Non-instant oriental noodles,ALL,WELLCOME,6,4,0.6666666666666666,16.666666666666668,31,0.5376344086021506,0.3947898981324278,0.37664473684210525,6.0,98.82639060183472
2024-01,category2,Noodles / Cooking needs / Processed food (cold),Udon noodles,ALL,DCHFOOD,1,0,0.0,0.0,31,0.0,,,,
2024-01,category2,Noodles / Cooking needs / Processed food (cold),Udon noodles,ALL,PARKNSHOP,1,1,1.0,12.0,31,0.3870967741935484,0.09130434782608703,0.09130434782608701,,
2024-01,category2,Personal care,Adult diapers / diaper pants,ALL,JASONS,3,2,0.6666666666666666,17.333333333333332,31,0.5591397849462365,0.24999999999999997,0.25,3.0,100.03434359706269
2024-01,category2,Personal care,Adult diapers / diaper pants,ALL,MANNINGS,10,6,0.6,9.6,31,0.3096774193548387,0.2075581688011925,0.1714351905478976,10.0,97.77476980725072
2024-01,category2,Personal care,Adult diapers / diaper pants,ALL,PARKNSHOP,11,5,0.45454545454545453,6.545454545454546,31,0.21114369501466276,0.10112452756663667,0.0,11.0,102.46291898065998
2024-01,category2,Personal care,Adult diapers / diaper pants,ALL,WATSONS,13,5,0.38461538461538464,3.1538461538461537,31,0.10173697270471464,0.16052631578947368,0.24999999999999994,13.0,100.95796087643339
2024-01,category2,Personal care,Adult diapers / diaper pants,ALL,WELLCOME,7,2,0.2857142857142857,7.428571428571429,31,0.23963133640552997,0.24999999999999997,0.25,7.0,97.8895223314624
2024-01,category2,Personal care,Antiperspirants / Deodorants,ALL,JASONS,10,4,0.4,0.4,31,0.012903225806451613,0.0,0.0,10.0,101.84401640518664
2024-01,category2,Personal care,Antiperspirants / Deodorants,ALL,MANNINGS,10,0,0.0,0.0,31,0.0,,,10.0,98.32578621030848
2024-01,category2,Personal care,Antiperspirants / Deodorants,ALL,PARKNSHOP,12,0,0.0,0.0,31,0.0,,,12.0,103.32833918638669
2024-01,category2,Personal care,Antiperspirants / Deodorants,ALL,WATSONS,12,0,0.0,0.0,31,0.0,,,12.0,98.24509127836824
2024-01,category2,Personal care,Antiperspirants / Deodorants,ALL,WELLCOME,9,3,0.3333333333333333,0.3333333333333333,31,0.01075268817204301,0.0,0.0,9.0,97.59602442270334
2024-01,category2,Personal care,Bathing lotions / Liquid soap / Soap,ALL,JASONS,13,9,0.6923076923076923,8.692307692307692,31,0.2803970223325062,0.24562349503616313,0.25,13.0,102.94906119222674
2024-01,category2,Personal care,Bathing lotions / Liquid soap / Soap,ALL,MANNINGS,6,1,0.16666666666666666,3.1666666666666665,31,0.1021505376344086,0.5,0.5,6.0,99.32796021432348
2024-01,category2,Personal care,Bathing lotions / Liquid soap / Soap,ALL,PARKNSHOP,21,10,0.47619047619047616,6.714285714285714,31,0.21658986175115208,0.22039395285069419,0.1845650715563506,17.0,101.10551905405238
2024-01,category2,Personal care,Bathing lotions / Liquid soap / Soap,ALL,WATSONS,15,10,0.6666666666666666,7.4,31,0.23870967741935484,0.2176470588235294,0.24999999999999994,13.0,97.40670554441436
2024-01,category2,Personal care,Bathing lotions / Liquid soap / Soap,ALL,WELLCOME,16,11,0.6875,8.125,31,0.2620967741935484,0.23531448670744862,0.25,15.0,99.81442882713483
2024-01,category2,Personal care,Contraceptives,ALL,JASONS,4,0,0.0,0.0,31,0.0,,,4.0,97.24621895632265
2024-01,category2,Personal care,Contraceptives,ALL,MANNINGS,10,6,0.6,7.2,31,0.23225806451612904,0.5,0.5,10.0,96.29838580583001
2024-01,category2,Personal care,Contraceptives,ALL,PARKNSHOP,10,10,1.0,6.0,31,0.1935483870967742,0.0,0.0,10.0,106.8052571804044
2024-01,category2,Personal care,Contraceptives,ALL,WATSONS,18,11,0.6111111111111112,7.166666666666667,31,0.23118279569892475,0.25000000000000006,0.25000000000000006,17.0,98.51060512886548
2024-01,category2,Personal care,Contraceptives,ALL,WELLCOME,15,0,0.0,0.0,31,0.0,,,15.0,100.30320239471257
2024-01,category2,Personal care,Drugs / Herbs,ALL,JASONS,18,2,0.1111111111111111,1.1666666666666667,31,0.03763440860215054,0.12327586206896554,0.12327586206896554,17.0,101.96212050292559
2024-01,category2,Personal care,Drugs / Herbs,ALL,MANNINGS,26,9,0.34615384615384615,7.153846153846154,31,0.23076923076923078,0.18746857285797267,0.2,26.0,97.4212851708543
2024-01,category2,Personal care,Drugs / Herbs,ALL,PARKNSHOP,25,6,0.24,5.12,31,0.16516129032258065,0.09804753226008282,0.11190350877192978,22.0,101.33506718977026
2024-01,category2,Personal care,Drugs / Herbs,ALL,WATSONS,36,9,0.25,4.166666666666667,31,0.13440860215053765,0.11382792721450273,0.15000000000000005,31.0,99.28277843780052
2024-01,category2,Personal care,Drugs / Herbs,ALL,WELLCOME,22,1,0.045454545454545456,0.6363636363636364,31,0.020527859237536656,0.14655172413793102,0.14655172413793102,22.0,101.46552951096317
2024-01,category2,Personal care,Feminine care,ALL,JASONS,17,16,0.9411764705882353,13.588235294117647,31,0.4383301707779886,0.28231464746930107,0.25,16.0,103.05282983540994
2024-01,category2,Personal care,Feminine care,ALL,MANNINGS,22,21,0.9545454545454546,14.136363636363637,31,0.4560117302052786,0.4171832922912267,0.3333342618384401,21.0,95.1946184227557
2024-01,category2,Personal care,Feminine care,ALL,PARKNSHOP,38,37,0.9736842105263158,17.81578947368421,31,0.5747028862478777,0.17820362000120354,0.263722891566265,36.0,99.2738481134975
2024-01,category2,Personal care,Feminine care,ALL,WATSONS,37,37,1.0,12.027027027027026,31,0.38796861377506536,0.13428189485659517,0.24999999999999994,35.0,102.50094473944971
2024-01,category2,Personal care,Feminine care,ALL,WELLCOME,19,18,0.9473684210526315,13.473684210526315,31,0.43463497453310695,0.30575762952669105,0.25,19.0,99.91675374738819
2024-01,category2,Personal care,First aid,ALL,JASONS,1,0,0.0,0.0,31,0.0,,,1.0,125.72381317170989
2024-01,category2,Personal care,First aid,ALL,MANNINGS,1,0,0.0,0.0,31,0.0,,,1.0,86.95897077709932
2024-01,category2,Personal care,First aid,ALL,PARKNSHOP,3,0,0.0,0.0,31,0.0,,,3.0,98.59135359553592
2024-01,category2,Personal care,First aid,ALL,WATSONS,4,2,0.5,1.0,31,0.03225806451612903,0.11999999999999991,0.11999999999999991,2.0,79.80269577840687
2024-01,category2,Personal care,First aid,ALL,WELLCOME,4,1,0.25,0.25,31,0.008064516129032258,0.0,0.0,3.0,112.99322771495824
2024-01,category2,Personal care,Hair care,ALL,JASONS,19,14,0.7368421052631579,12.31578947368421,31,0.3972835314091681,0.27924418829671455,0.25,18.0,106.68884506260741
2024-01,category2,Personal care,Hair care,ALL,MANNINGS,17,17,1.0,25.705882352941178,31,0.8292220113851992,0.3745065752522245,0.5,15.0,84.76311043182156
2024-01,category2,Personal care,Hair care,ALL,PARKNSHOP,31,25,0.8064516129032258,11.483870967741936,31,0.37044745057232054,0.25692060599802047,0.2527821939586645,27.0,104.16438107102198
2024-01,category2,Personal care,Hair care,ALL,WATSONS,29,29,1.0,23.17241379310345,31,0.7474972191323693,0.18476597053656887,0.25,27.0,96.28778612647501
2024-01,category2,Personal care,Hair care,ALL,WELLCOME,22,16,0.7272727272727273,11.954545454545455,31,0.38563049853372433,0.27317315548014076,0.25,21.0,103.84620652350671
2024-01,category2,Personal care,Hand sanitation,ALL,JASONS,3,3,1.0,19.666666666666668,31,0.6344086021505376,0.30804308905380334,0.3125,3.0,103.45512087575945
2024-01,category2,Personal care,Hand sanitation,ALL,MANNINGS,2,1,0.5,12.0,31,0.3870967741935484,0.3333318777292576,0.3333318777292576,2.0,92.93103213011543
2024-01,category2,Personal care,Hand sanitation,ALL,PARKNSHOP,2,2,1.0,15.5,31,0.5,0.32532751091703055,0.32532751091703055,1.0,107.9264330627081
2024-01,category2,Personal care,Hand sanitation,ALL,WATSONS,4,4,1.0,9.25,31,0.29838709677419356,0.2634848484848485,0.22749999999999995,3.0,100.30582414624507
2024-01,category2,Personal care,Hand sanitation,ALL,WELLCOME,3,3,1.0,19.666666666666668,31,0.6344086021505376,0.303344420072681,0.32608695652173914,3.0,97.51438216064355
2024-01,category2,Personal care,Health protection products,ALL,PARKNSHOP,2,2,1.0,31.0,31,1.0,0.3413974829653269,0.33333294786096257,1.0,97.29221701669331
2024-01,category2,Personal care,Health protection products,ALL,WATSONS,1,1,1.0,30.0,31,0.967741935483871,0.49958298582151794,0.49958298582151794,1.0,102.7077829833067
2024-01,category2,Personal care,Health supplements / Dietary supplements,ALL,AEON,1,0,0.0,0.0,31,0.0,,,1.0,104.76309852093257
2024-01,category2,Personal care,Health supplements / Dietary supplements,ALL,JASONS,7,7,1.0,9.714285714285714,31,0.31336405529953915,0.20105473426977044,0.10000000000000009,7.0,98.73501177538294
2024-01,category2,Personal care,Health supplements / Dietary supplements,ALL,MANNINGS,19,14,0.7368421052631579,11.368421052631579,31,0.366723259762309,0.34013580866979265,0.5,13.0,92.7961444486054
2024-01,category2,Personal care,Health supplements / Dietary supplements,ALL,PARKNSHOP,10,4,0.4,6.1,31,0.19677419354838707,0.19282248352452208,0.20023866348448685,10.0,103.9327899321556
2024-01,category2,Personal care,Health supplements / Dietary supplements,ALL,WATSONS,25,16,0.64,8.56,31,0.2761290322580645,0.2505003089637191,0.2,18.0,100.33479780312827
2024-01,category2,Personal care,Health supplements / Dietary supplements,ALL,WELLCOME,11,6,0.5454545454545454,4.2727272727272725,31,0.1378299120234604,0.2827246730148575,0.2737691001697793,11.0,103.4770171742589
2024-01,category2,Personal care,Medical equipment,ALL,MANNINGS,1,0,0.0,0.0,31,0.0,,,1.0,96.94656488549617
2024-01,category2,Personal care,Medical equipment,ALL,PARKNSHOP,2,0,0.0,0.0,31,0.0,,,2.0,101.41359406290493
2024-01,category2,Personal care,Medical equipment,ALL,WATSONS,3,1,0.3333333333333333,10.0,31,0.3225806451612903,0.6,0.6,2.0,101.41359406290493
2024-01,category2,Personal care,Men's care,ALL,JASONS,16,7,0.4375,3.0625,31,0.09879032258064516,0.19703907203907203,0.25,15.0,100.11832214704368
2024-01,category2,Personal care,Men's care,ALL,MANNINGS,3,0,0.0,0.0,31,0.0,,,2.0,93.35016370674913
2024-01,category2,Personal care,Men's care,ALL,PARKNSHOP,3,0,0.0,0.0,31,0.0,,,3.0,123.79072516324491
2024-01,category2,Personal care,Men's care,ALL,WATSONS,11,11,1.0,4.454545454545454,31,0.14369501466275658,0.030303030303030307,0.0,10.0,97.77165392814949
2024-01,category2,Personal care,Men's care,ALL,WELLCOME,16,6,0.375,1.9375,31,0.0625,0.20019600591715978,0.25,15.0,98.6901051999497
2024-01,category2,Personal care,Oral care,ALL,AEON,1,0,0.0,0.0,31,0.0,,,1.0,110.00597365781594
2024-01,category2,Personal care,Oral care,ALL,JASONS,16,8,0.5,7.4375,31,0.2399193548387097,0.28058465727603726,0.2686781609195402,16.0,100.72913457630423
2024-01,category2,Personal care,Oral care,ALL,MANNINGS,16,4,0.25,3.5625,31,0.11491935483870967,0.4012020114095177,0.439209726443769,14.0,98.18517393821983
2024-01,category2,Personal care,Oral care,ALL,PARKNSHOP,34,14,0.4117647058823529,4.705882352941177,31,0.15180265654648956,0.29523335730469263,0.2666651376146789,23.0,100.26216014851043
2024-01,category2,Personal care,Oral care,ALL,WATSONS,27,13,0.48148148148148145,5.7407407407407405,31,0.18518518518518517,0.34140861423032154,0.3333333333333333,25.0,100.88373821382429
2024-01,category2,Personal care,Oral care,ALL,WELLCOME,19,10,0.5263157894736842,7.631578947368421,31,0.24617996604414263,0.2752358701497979,0.26785714285714285,18.0,98.8201314823757
2024-01,category2,Personal care,Skin care,ALL,AEON,1,0,0.0,0.0,31,0.0,,,1.0,100.72559862651305
2024-01,category2,Personal care,Skin care,ALL,JASONS,16,8,0.5,6.875,31,0.2217741935483871,0.13900132352941175,0.1730397058823529,16.0,102.99217790124129
2024-01,category2,Personal care,Skin care,ALL,MANNINGS,27,19,0.7037037037037037,13.222222222222221,31,0.4265232974910394,0.3588303811998261,0.3333345323741007,26.0,93.98155833548539
2024-01,category2,Personal care,Skin care,ALL,PARKNSHOP,28,18,0.6428571428571429,7.714285714285714,31,0.2488479262672811,0.11945681527812346,0.1,24.0,103.68438047787801
2024-01,category2,Personal care,Skin care,ALL,WATSONS,58,56,0.9655172413793104,12.724137931034482,31,0.4104560622914349,0.1740425638124214,0.24999999999999994,40.0,101.657837279506
2024-01,category2,Personal care,Skin care,ALL,WELLCOME,15,8,0.5333333333333333,6.733333333333333,31,0.2172043010752688,0.18232205664589896,0.22631762917933126,15.0,101.17986305662086
2024-01,category2,Personal care,Wet wipes,ALL,AEON,1,0,0.0,0.0,31,0.0,,,,
2024-01,category2,Personal care,Wet wipes,ALL,JASONS,1,1,1.0,7.0,31,0.22580645161290322,0.5,0.5,1.0,98.07932152656524
2024-01,category2,Personal care,Wet wipes,ALL,PARKNSHOP,1,1,1.0,4.0,31,0.12903225806451613,0.0,0.0,1.0,105.16338238962335
2024-01,category2,Personal care,Wet wipes,ALL,WATSONS,2,0,0.0,0.0,31,0.0,,,1.0,105.16338238962335
2024-01,category2,Personal care,Wet wipes,ALL,WELLCOME,1,1,1.0,8.0,31,0.25806451612903225,0.5,0.5,1.0,91.59391369418809
2024-01,category2,Personal care,Women's hair removers,ALL,JASONS,1,1,1.0,7.0,31,0.22580645161290322,0.125,0.125,1.0,100.69637883008356
2024-01,category2,Personal care,Women's hair removers,ALL,WATSONS,1,1,1.0,3.0,31,0.0967741935483871,0.0,0.0,,
2024-01,category2,Personal care,Women's hair removers,ALL,WELLCOME,1,0,0.0,0.0,31,0.0,,,1.0,99.30362116991643
2024-01,category2,Rice / Oil / Canned food / Fruits / Vegetables / Meat,Aseptically packaged food,ALL,DCHFOOD,2,0,0.0,0.0,31,0.0,,,2.0,105.49457597709713
2024-01,category2,Rice / Oil / Canned food / Fruits / Vegetables / Meat,Aseptically packaged food,ALL,JASONS,2,2,1.0,27.5,31,0.8870967741935484,0.3041792334764408,0.288895668090299,2.0,97.60420070042225
2024-01,category2,Rice / Oil / Canned food / Fruits / Vegetables / Meat,Aseptically packaged food,ALL,PARKNSHOP,2,2,1.0,29.0,31,0.9354838709677419,0.3344076947226295,0.3322147651006712,2.0,99.18044931573496
2024-01,category2,Rice / Oil / Canned food / Fruits / Vegetables / Meat,Aseptically packaged food,ALL,WELLCOME,2,2,1.0,27.0,31,0.8709677419354839,0.3047907558417917,0.288895668090299,2.0,97.7207740067457
2024-01,category2,Rice / Oil / Canned food / Fruits / Vegetables / Meat,Canned food,ALL,AEON,1,0,0.0,0.0,31,0.0,,,,
2024-01,category2,Rice / Oil / Canned food / Fruits / Vegetables / Meat,Canned food,ALL,DCHFOOD,19,3,0.15789473684210525,0.47368421052631576,31,0.01528013582342954,,,17.0,112.3290481556784
2024-01,category2,Rice / Oil / Canned food / Fruits / Vegetables / Meat,Canned food,ALL,JASONS,46,30,0.6521739130434783,12.956521739130435,31,0.41795231416549794,0.2823136463243974,0.2345666666666667,45.0,102.64533313912017
2024-01,category2,Rice / Oil / Canned food / Fruits / Vegetables / Meat,Canned food,ALL,PARKNSHOP,64,49,0.765625,16.765625,31,0.5408266129032258,0.2596976001766245,0.21430122032531668,53.0,94.36384996427991
2024-01,category2,Rice / Oil / Canned food / Fruits / Vegetables / Meat,Canned food,ALL,WELLCOME,51,34,0.6666666666666666,12.745098039215685,31,0.4111321948134092,0.2701809241475615,0.23654949784791962,51.0,99.87797065851665
2024-01,category2,Rice / Oil / Canned food / Fruits / Vegetables / Meat,Chilled / Fresh meat,ALL,JASONS,2,0,0.0,0.0,31,0.0,,,1.0,101.3433637829124
2024-01,category2,Rice / Oil / Canned food / Fruits / Vegetables / Meat,Chilled / Fresh meat,ALL,WELLCOME,1,0,0.0,0.0,31,0.0,,,1.0,98.6566362170876
2024-01,category2,Rice / Oil / Canned food / Fruits / Vegetables / Meat,Edible oil / Cooking oil,ALL,AEON,5,0,0.0,0.0,31,0.0,,,,
2024-01,category2,Rice / Oil / Canned food / Fruits / Vegetables / Meat,Edible oil / Cooking oil,ALL,DCHFOOD,6,0,0.0,0.0,31,0.0,,,5.0,109.338912412841
2024-01,category2,Rice / Oil / Canned food / Fruits / Vegetables / Meat,Edible oil / Cooking oil,ALL,JASONS,27,26,0.9629629629629629,5.0,31,0.16129032258064516,0.009615384615384616,0.0,26.0,101.59826506598458
2024-01,category2,Rice / Oil / Canned food / Fruits / Vegetables / Meat,Edible oil / Cooking oil,ALL,PARKNSHOP,58,1,0.017241379310344827,0.13793103448275862,31,0.004449388209121246,0.11999999999999998,0.11999999999999995,22.0,96.31878059737734
2024-01,category2,Rice / Oil / Canned food / Fruits / Vegetables / Meat,Edible oil / Cooking oil,ALL,WELLCOME,26,1,0.038461538461538464,0.19230769230769232,31,0.00620347394540943,0.5,0.5,26.0,100.30953040788712
2024-01,category2,Rice / Oil / Canned food / Fruits / Vegetables / Meat,Fresh fruits,ALL,JASONS,8,7,0.875,23.25,31,0.75,0.2094399492559487,0.21212727272727266,8.0,101.9545664327621
2024-01,category2,Rice / Oil / Canned food / Fruits / Vegetables / Meat,Fresh fruits,ALL,PARKNSHOP,6,4,0.6666666666666666,20.5,31,0.6612903225806451,0.22580774322858294,0.2146949152542373,,
2024-01,category2,Rice / Oil / Canned food / Fruits / Vegetables / Meat,Fresh fruits,ALL,WELLCOME,8,7,0.875,22.875,31,0.7379032258064516,0.181228192432991,0.15,8.0,98.04543356723788
2024-01,category2,Rice / Oil / Canned food / Fruits / Vegetables / Meat,Fresh vegetables,ALL,JASONS,3,1,0.3333333333333333,10.333333333333334,31,0.33333333333333337,0.2260545905707196,0.23846153846153845,3.0,102.22111744013434
2024-01,category2,Rice / Oil / Canned food / Fruits / Vegetables / Meat,Fresh vegetables,ALL,PARKNSHOP,15,5,0.3333333333333333,3.0,31,0.0967741935483871,0.10928659476117106,0.09090909090909094,,
2024-01,category2,Rice / Oil / Canned food / Fruits / Vegetables / Meat,Fresh vegetables,ALL,WELLCOME,3,1,0.3333333333333333,10.333333333333334,31,0.33333333333333337,0.289342786246012,0.29047142857142855,3.0,97.77888255986566
2024-01,category2,Rice / Oil / Canned food / Fruits / Vegetables / Meat,Frozen meat / poultry,ALL,JASONS,1,1,1.0,12.0,31,0.3870967741935484,0.14458897071872223,0.11594260869565215,1.0,97.87289636977641
2024-01,category2,Rice / Oil / Canned food / Fruits / Vegetables / Meat,Frozen meat / poultry,ALL,PARKNSHOP,2,2,1.0,7.5,31,0.24193548387096775,0.20854700854700853,0.20854700854700853,1.0,102.6472268722269
2024-01,category2,Rice / Oil / Canned food / Fruits / Vegetables / Meat,Frozen meat / poultry,ALL,WELLCOME,1,1,1.0,8.0,31,0.25806451612903225,0.12725392219387752,0.11904821428571426,1.0,99.47987675799672
2024-01,category2,Rice / Oil / Canned food / Fruits / Vegetables / Meat,Frozen seafood,ALL,JASONS,1,1,1.0,20.0,31,0.6451612903225806,0.09090909090909088,0.09090909090909088,1.0,101.61180916696276
2024-01,category2,Rice / Oil / Canned food / Fruits / Vegetables / Meat,Frozen seafood,ALL,PARKNSHOP,4,4,1.0,20.0,31,0.6451612903225806,0.24573380911972145,0.2092121083974235,,
2024-01,category2,Rice / Oil / Canned food / Fruits / Vegetables / Meat,Frozen seafood,ALL,WELLCOME,1,1,1.0,24.0,31,0.7741935483870968,0.09433962264150945,0.09433962264150944,1.0,98.38819083303724
2024-01,category2,Rice / Oil / Canned food / Fruits / Vegetables / Meat,Frozen vegetables,ALL,PARKNSHOP,4,0,0.0,0.0,31,0.0,,,,
2024-01,category2,Rice / Oil / Canned food / Fruits / Vegetables / Meat,Previously frozen meat,ALL,JASONS,1,0,0.0,0.0,31,0.0,,,,
2024-01,category2,Rice / Oil / Canned food / Fruits / Vegetables / Meat,Rice,ALL,AEON,1,0,0.0,0.0,31,0.0,,,,
2024-01,category2,Rice / Oil / Canned food / Fruits / Vegetables / Meat,Rice,ALL,DCHFOOD,4,0,0.0,0.0,31,0.0,,,3.0,114.911867401819
2024-01,category2,Rice / Oil / Canned food / Fruits / Vegetables / Meat,Rice,ALL,JASONS,14,14,1.0,5.0,31,0.16129032258064516,0.0,0.0,14.0,99.27108426172052
2024-01,category2,Rice / Oil / Canned food / Fruits / Vegetables / Meat,Rice,ALL,PARKNSHOP,19,0,0.0,0.0,31,0.0,,,5.0,96.67987671716492
2024-01,category2,Rice / Oil / Canned food / Fruits / Vegetables / Meat,Rice,ALL,WELLCOME,15,0,0.0,0.0,31,0.0,,,14.0,98.44269097388616
2024-02,category2,Bakery / Cereals / Spreads,Breads,ALL,JASONS,26,2,0.07692307692307693,1.1153846153846154,29,0.038461538461538464,0.2249809014514897,0.22058823529411764,19.0,99.4303312611632
2024-02,category2,Bakery / Cereals / Spreads,Breads,ALL,PARKNSHOP,14,2,0.14285714285714285,4.142857142857143,29,0.14285714285714288,0.2938000696621387,0.31818181818181823,14.0,101.505641614225
2024-02,category2,Bakery / Cereals / Spreads,Breads,ALL,WELLCOME,15,1,0.06666666666666667,1.8666666666666667,29,0.06436781609195402,0.2153361344537815,0.20588235294117646,15.0,99.3558331967367
2024-02,category2,Bakery / Cereals / Spreads,Breakfast cereals,ALL,DCHFOOD,1,0,0.0,0.0,29,0.0,,,1.0,111.20661157024794
2024-02,category2,Bakery / Cereals / Spreads,Breakfast cereals,ALL,JASONS,16,10,0.625,7.9375,29,0.27370689655172414,0.1286449038276769,0.1729575163398693,16.0,100.47491914856843
2024-02,category2,Bakery / Cereals / Spreads,Breakfast cereals,ALL,PARKNSHOP,19,11,0.5789473684210527,4.2631578947368425,29,0.14700544464609802,0.15753367992715475,0.15360501567398116,14.0,99.10254577666574
2024-02,category2,Bakery / Cereals / Spreads,Breakfast cereals,ALL,WELLCOME,17,10,0.5882352941176471,7.470588235294118,29,0.25760649087221094,0.10546563211899343,0.1111111111111111,17.0,99.65781659840218
2024-02,category2,Bakery / Cereals / Spreads,Cakes,ALL,JASONS,9,8,0.8888888888888888,12.444444444444445,29,0.42911877394636017,0.27716668059984556,0.26605504587155965,9.0,108.33725996207895
2024-02,category2,Bakery / Cereals / Spreads,Cakes,ALL,PARKNSHOP,4,2,0.5,11.75,29,0.4051724137931034,0.49119164254434794,0.5,2.0,76.30813589450659
2024-02,category2,Bakery / Cereals / Spreads,Cakes,ALL,WELLCOME,9,8,0.8888888888888888,11.555555555555555,29,0.39846743295019155,0.27419176283220825,0.2619047619047619,9.0,102.79114867270185
2024-02,category2,Bakery / Cereals / Spreads,Honey / Syrup,ALL,DCHFOOD,1,0,0.0,0.0,29,0.0,,,1.0,97.43589743589743
2024-02,category2,Bakery / Cereals / Spreads,Honey / Syrup,ALL,JASONS,20,3,0.15,0.9,29,0.03103448275862069,0.13533834586466165,0.13533834586466165,20.0,100.2406168770579
2024-02,category2,Bakery / Cereals / Spreads,Honey / Syrup,ALL,PARKNSHOP,26,0,0.0,0.0,29,0.0,,,15.0,100.7340315874058
2024-02,category2,Bakery / Cereals / Spreads,Honey / Syrup,ALL,WELLCOME,19,3,0.15789473684210525,0.9473684210526315,29,0.032667876588021776,0.13533834586466165,0.13533834586466165,19.0,99.37348577247771
2024-02,category2,Bakery / Cereals / Spreads,Spreads,ALL,JASONS,12,1,0.08333333333333333,0.5833333333333334,29,0.020114942528735632,0.19444444444444445,0.19444444444444445,12.0,99.36441096660916
2024-02,category2,Bakery / Cereals / Spreads,Spreads,ALL,PARKNSHOP,18,2,0.1111111111111111,2.0,29,0.06896551724137931,0.17013053550744012,0.17280361757105947,12.0,101.80385062669595
2024-02,category2,Bakery / Cereals / Spreads,Spreads,ALL,WELLCOME,12,1,0.08333333333333333,0.5833333333333334,29,0.020114942528735632,0.19444444444444445,0.19444444444444445,12.0,98.8317384066949
2024-02,category2,Beer / Wines / Spirits,Beer,ALL,JASONS,29,16,0.5517241379310345,9.758620689655173,29,0.33650416171224734,0.1800219713673143,0.18515336145393946,29.0,99.30870332855946
2024-02,category2,Beer / Wines / Spirits,Beer,ALL,PARKNSHOP,33,16,0.48484848484848486,6.818181818181818,29,0.23510971786833856,0.20341498498857433,0.17870905587668592,29.0,101.28782657348381
2024-02,category2,Beer / Wines / Spirits,Beer,ALL,WELLCOME,30,16,0.5333333333333333,9.7,29,0.33448275862068966,0.17723327160836627,0.1738921001926782,30.0,99.39300735194573
2024-02,category2,Beer / Wines / Spirits,Red wines,ALL,JASONS,5,5,1.0,16.8,29,0.5793103448275863,0.353572684760335,0.42857142857142855,5.0,95.69367114654389
2024-02,category2,Beer / Wines / Spirits,Red wines,ALL,PARKNSHOP,6,4,0.6666666666666666,12.666666666666666,29,0.43678160919540227,0.4358681995348923,0.4519918283963228,5.0,101.1230107002523
2024-02,category2,Beer / Wines / Spirits,Red wines,ALL,WELLCOME,6,4,0.6666666666666666,14.0,29,0.4827586206896552,0.40106023975272354,0.4609073359073359,6.0,102.60478398318172
2024-02,category2,Beer / Wines / Spirits,Rice wines,ALL,JASONS,1,1,1.0,21.0,29,0.7241379310344828,0.09041184041184042,0.08333333333333333,1.0,100.33342406096897
2024-02,category2,Beer / Wines / Spirits,Rice wines,ALL,PARKNSHOP,4,1,0.25,5.25,29,0.1810344827586207,0.08379888268156425,0.08379888268156425,2.0,104.59230924099055
2024-02,category2,Beer / Wines / Spirits,Rice wines,ALL,WELLCOME,2,1,0.5,10.5,29,0.3620689655172414,0.08333333333333333,0.08333333333333333,2.0,95.30903966176767
2024-02,category2,Beer / Wines / Spirits,Shandy,ALL,JASONS,1,0,0.0,0.0,29,0.0,,,1.0,97.18640836532343
2024-02,category2,Beer / Wines / Spirits,Shandy,ALL,PARKNSHOP,1,0,0.0,0.0,29,0.0,,,1.0,101.87160000345581
2024-02,category2,Beer / Wines / Spirits,Shandy,ALL,WELLCOME,1,0,0.0,0.0,29,0.0,,,1.0,100.9419916312208
2024-02,category2,Beer / Wines / Spirits,Shaoxing wines,ALL,JASONS,1,0,0.0,0.0,29,0.0,,,1.0,103.18968231698042
2024-02,category2,Beer / Wines / Spirits,Shaoxing wines,ALL,PARKNSHOP,1,0,0.0,0.0,29,0.0,,,1.0,95.06007295720886
2024-02,category2,Beer / Wines / Spirits,Shaoxing wines,ALL,WELLCOME,1,0,0.0,0.0,29,0.0,,,1.0,101.75024472581072
2024-02,category2,Beer / Wines / Spirits,White wines,ALL,JASONS,2,2,1.0,14.5,29,0.5,0.2892857142857143,0.2892857142857143,2.0,95.7492875383989
2024-02,category2,Beer / Wines / Spirits,White wines,ALL,PARKNSHOP,1,1,1.0,12.0,29,0.41379310344827586,0.45454545454545453,0.45454545454545453,1.0,113.23792486583186
2024-02,category2,Beer / Wines / Spirits,White wines,ALL,WELLCOME,2,1,0.5,14.5,29,0.5,0.4285714285714285,0.42857142857142855,2.0,97.4036788926311
2024-02,category2,Candies / Biscuits / Snacks,Biscuits,ALL,DCHFOOD,4,0,0.0,0.0,29,0.0,,,3.0,94.7626395570482
2024-02,category2,Candies / Biscuits / Snacks,Biscuits,ALL,JASONS,54,34,0.6296296296296297,14.592592592592593,29,0.5031928480204343,0.29182067420824587,0.25804234958770234,53.0,99.90340823084732
2024-02,category2,Candies / Biscuits / Snacks,Biscuits,ALL,MANNINGS,5,1,0.2,2.6,29,0.0896551724137931,0.17721518987341775,0.17721518987341775,5.0,111.79054847218663
2024-02,category2,Candies / Biscuits / Snacks,Biscuits,ALL,PARKNSHOP,61,37,0.6065573770491803,11.442622950819672,29,0.39457320520067835,0.27664282420750547,0.25,49.0,100.10722937911416
2024-02,category2,Candies / Biscuits / Snacks,Biscuits,ALL,WELLCOME,43,25,0.5813953488372093,14.162790697674419,29,0.48837209302325585,0.2966489582596425,0.25,43.0,99.27654659359237
2024-02,category2,Candies / Biscuits / Snacks,Candies / Confectioneries,ALL,JASONS,49,34,0.6938775510204082,12.673469387755102,29,0.4370161857846587,0.23178335075801063,0.19259166666666666,49.0,99.23729111519964
2024-02,category2,Candies / Biscuits / Snacks,Candies / Confectioneries,ALL,MANNINGS,10,2,0.2,5.8,29,0.19999999999999998,0.1145833333333333,0.1145833333333333,10.0,101.97308819061692
2024-02,category2,Candies / Biscuits / Snacks,Candies / Confectioneries,ALL,PARKNSHOP,55,31,0.5636363636363636,9.818181818181818,29,0.3385579937304075,0.20969417789339403,0.16527196652719664,44.0,102.03206243917711
2024-02,category2,Candies / Biscuits / Snacks,Candies / Confectioneries,ALL,WATSONS,2,0,0.0,0.0,29,0.0,,,2.0,97.92271234198296
2024-02,category2,Candies / Biscuits / Snacks,Candies / Confectioneries,ALL,WELLCOME,48,34,0.7083333333333334,12.020833333333334,29,0.4145114942528736,0.23098212732844836,0.19310893854748598,48.0,98.83306884593507
2024-02,category2,Candies / Biscuits / Snacks,Dried fruits,ALL,JASONS,5,1,0.2,1.4,29,0.04827586206896552,0.19770773638968478,0.19770773638968478,5.0,97.82964018897357
2024-02,category2,Candies / Biscuits / Snacks,Dried fruits,ALL,PARKNSHOP,7,1,0.14285714285714285,0.2857142857142857,29,0.009852216748768473,0.18699186991869915,0.18699186991869915,4.0,105.96784385312085
2024-02,category2,Candies / Biscuits / Snacks,Dried fruits,ALL,WELLCOME,5,1,0.2,1.4,29,0.04827586206896552,0.19770773638968478,0.19770773638968478,5.0,97.09524058304164
2024-02,category2,Candies / Biscuits / Snacks,Snack bars / Energy bars,ALL,JASONS,5,3,0.6,4.8,29,0.16551724137931034,0.3298611111111111,0.2976190476190476,3.0,97.84816793318788
2024-02,category2,Candies / Biscuits / Snacks,Snack bars / Energy bars,ALL,PARKNSHOP,4,2,0.5,10.75,29,0.3706896551724138,0.3010436310392408,0.28982245561390346,2.0,108.87413962635202
2024-02,category2,Candies / Biscuits / Snacks,Snack bars / Energy bars,ALL,WELLCOME,3,3,1.0,8.0,29,0.27586206896551724,0.3298611111111111,0.2976190476190476,3.0,96.71958468136333
2024-02,category2,Candies / Biscuits / Snacks,Snacks,ALL,DCHFOOD,2,0,0.0,0.0,29,0.0,,,2.0,98.7808170810227
2024-02,category2,Candies / Biscuits / Snacks,Snacks,ALL,JASONS,53,47,0.8867924528301887,20.962264150943398,29,0.7228366948601171,0.2870320995114337,0.3,52.0,99.57746133264246
2024-02,category2,Candies / Biscuits / Snacks,Snacks,ALL,MANNINGS,1,0,0.0,0.0,29,0.0,,,1.0,90.50104384133611
2024-02,category2,Candies / Biscuits / Snacks,Snacks,ALL,PARKNSHOP,45,34,0.7555555555555555,19.866666666666667,29,0.6850574712643678,0.2722358958421776,0.27135678391959794,39.0,101.39694235083813
2024-02,category2,Candies / Biscuits / Snacks,Snacks,ALL,WATSONS,1,0,0.0,0.0,29,0.0,,,1.0,97.07724425887265
2024-02,category2,Candies / Biscuits / Snacks,Snacks,ALL,WELLCOME,50,46,0.92,23.68,29,0.816551724137931,0.28100776836663366,0.28889166666666666,50.0,99.58406479575278
2024-02,category2,Dairy / Soy products / Eggs,Bean curd products,ALL,JASONS,12,11,0.9166666666666666,23.916666666666668,29,0.824712643678161,0.23077010359747838,0.2647058823529411,12.0,100.20903388607454
2024-02,category2,Dairy / Soy products / Eggs,Bean curd products,ALL,PARKNSHOP,13,13,1.0,22.615384615384617,29,0.7798408488063661,0.14973267294294715,0.15205263157894733,12.0,100.4223048606755
2024-02,category2,Dairy / Soy products / Eggs,Bean curd products,ALL,WELLCOME,12,11,0.9166666666666666,24.083333333333332,29,0.8304597701149425,0.22697315488586572,0.2647058823529411,12.0,99.36866125324994
2024-02,category2,Dairy / Soy products / Eggs,Butter / Margarine,ALL,JASONS,10,3,0.3,1.8,29,0.06206896551724138,0.25473853008488845,0.2543859649122807,10.0,100.19639671971274
2024-02,category2,Dairy / Soy products / Eggs,Butter / Margarine,ALL,PARKNSHOP,11,2,0.18181818181818182,1.3636363636363635,29,0.04702194357366771,0.24909044803138786,0.24909044803138786,9.0,100.013767995848
2024-02,category2,Dairy / Soy products / Eggs,Butter / Margarine,ALL,WELLCOME,11,3,0.2727272727272727,1.6363636363636365,29,0.05642633228840126,0.2524229746041791,0.2543859649122807,11.0,99.80633318779645
2024-02,category2,Dairy / Soy products / Eggs,Cheese / Yoghurt products,ALL,JASONS,38,25,0.6578947368421053,11.68421052631579,29,0.4029038112522686,0.3147925729108112,0.29347826086956524,38.0,100.05134670262781
2024-02,category2,Dairy / Soy products / Eggs,Cheese / Yoghurt products,ALL,PARKNSHOP,36,22,0.6111111111111112,12.5,29,0.43103448275862066,0.31760836755853367,0.29142632701155874,33.0,100.12385010378814
2024-02,category2,Dairy / Soy products / Eggs,Cheese / Yoghurt products,ALL,WELLCOME,38,25,0.6578947368421053,12.0,29,0.41379310344827586,0.31386955401957733,0.29347826086956524,38.0,99.84488936654839
2024-02,category2,Dairy / Soy products / Eggs,Cream,ALL,JASONS,3,2,0.6666666666666666,14.666666666666666,29,0.5057471264367815,0.3002295727136432,0.28328804347826086,3.0,100.31857043370032
2024-02,category2,Dairy / Soy products / Eggs,Cream,ALL,PARKNSHOP,3,3,1.0,15.333333333333334,29,0.5287356321839081,0.2569092578371071,0.25903614457831325,3.0,104.519254989702
2024-02,category2,Dairy / Soy products / Eggs,Cream,ALL,WELLCOME,3,2,0.6666666666666666,14.666666666666666,29,0.5057471264367815,0.3002295727136432,0.28328804347826086,3.0,95.16217457659766
2024-02,category2,Dairy / Soy products / Eggs,Eggs,ALL,JASONS,5,5,1.0,11.8,29,0.40689655172413797,0.30563822031310417,0.2702702702702703,5.0,98.70322066939401
2024-02,category2,Dairy / Soy products / Eggs,Eggs,ALL,PARKNSHOP,9,6,0.6666666666666666,8.444444444444445,29,0.29118773946360155,0.2887487561378205,0.2890208154169094,4.0,103.32476857555173
2024-02,category2,Dairy / Soy products / Eggs,Eggs,ALL,WELLCOME,5,5,1.0,11.8,29,0.40689655172413797,0.300682607238748,0.2702702702702703,5.0,98.70322066939401
2024-02,category2,Dairy / Soy products / Eggs,Frozen confections,ALL,JASONS,14,13,0.9285714285714286,10.071428571428571,29,0.34729064039408863,0.3177787422133061,0.3219178082191781,14.0,97.6337617781114
2024-02,category2,Dairy / Soy products / Eggs,Frozen confections,ALL,PARKNSHOP,14,2,0.14285714285714285,1.1428571428571428,29,0.03940886699507389,0.4043074091049842,0.3997427241795778,14.0,105.2071722299994
2024-02,category2,Dairy / Soy products / Eggs,Frozen confections,ALL,WELLCOME,14,13,0.9285714285714286,10.214285714285714,29,0.35221674876847286,0.31379763597169813,0.3219178082191781,14.0,97.15906599188922
2024-02,category2,Dairy / Soy products / Eggs,Milk / Milk drinks,ALL,AEON,1,0,0.0,0.0,29,0.0,,,1.0,107.56870400961105
2024-02,category2,Dairy / Soy products / Eggs,Milk / Milk drinks,ALL,DCHFOOD,8,0,0.0,0.0,29,0.0,,,8.0,96.79417615882703
2024-02,category2,Dairy / Soy products / Eggs,Milk / Milk drinks,ALL,JASONS,60,47,0.7833333333333333,13.833333333333334,29,0.4770114942528736,0.27486878090623834,0.27,60.0,99.53344697869278
2024-02,category2,Dairy / Soy products / Eggs,Milk / Milk drinks,ALL,PARKNSHOP,68,57,0.8382352941176471,12.735294117647058,29,0.43914807302231235,0.24564540685504743,0.23076923076923078,55.0,101.85181329668819
2024-02,category2,Dairy / Soy products / Eggs,Milk / Milk drinks,ALL,WATSONS,1,0,0.0,0.0,29,0.0,,,1.0,96.04557196794065
2024-02,category2,Dairy / Soy products / Eggs,Milk / Milk drinks,ALL,WELLCOME,59,45,0.7627118644067796,13.677966101694915,29,0.4716540035067212,0.2732201519207739,0.27,59.0,99.03164369240248
2024-02,category2,Dairy / Soy products / Eggs,Soy drinks / Instant Soy Milk,ALL,JASONS,24,20,0.8333333333333334,15.708333333333334,29,0.5416666666666667,0.20135094156484312,0.19047619047619047,24.0,99.39117295056037
2024-02,category2,Dairy / Soy products / Eggs,Soy drinks / Instant Soy Milk,ALL,PARKNSHOP,27,21,0.7777777777777778,14.148148148148149,29,0.48786717752235,0.22932731011103377,0.21428571428571427,23.0,100.57467262888538
2024-02,category2,Dairy / Soy products / Eggs,Soy drinks / Instant Soy Milk,ALL,WATSONS,5,0,0.0,0.0,29,0.0,,,5.0,103.24333216631305
2024-02,category2,Dairy / Soy products / Eggs,Soy drinks / Instant Soy Milk,ALL,WELLCOME,24,20,0.8333333333333334,16.416666666666668,29,0.5660919540229885,0.2005284222783515,0.19047619047619047,24.0,99.08081100574984
2024-02,category2,Drinks,Bottled water / Sports drinks /  Energy drinks,ALL,DCHFOOD,2,0,0.0,0.0,29,0.0,,,2.0,86.72498886566493
2024-02,category2,Drinks,Bottled water / Sports drinks /  Energy drinks,ALL,JASONS,41,23,0.5609756097560976,8.682926829268293,29,0.29941126997476875,0.23071998442306987,0.20588235294117646,41.0,99.8469959374297
2024-02,category2,Drinks,Bottled water / Sports drinks /  Energy drinks,ALL,PARKNSHOP,43,24,0.5581395348837209,8.209302325581396,29,0.28307939053728953,0.17801829858454163,0.16666666666666669,35.0,101.37389421038108
2024-02,category2,Drinks,Bottled water / Sports drinks /  Energy drinks,ALL,WATSONS,7,0,0.0,0.0,29,0.0,,,7.0,105.53236206345791
2024-02,category2,Drinks,Bottled water / Sports drinks /  Energy drinks,ALL,WELLCOME,41,23,0.5609756097560976,8.682926829268293,29,0.29941126997476875,0.21970846329601806,0.20588235294117646,41.0,99.11225338876196
2024-02,category2,Drinks,Carbonated drinks,ALL,DCHFOOD,1,0,0.0,0.0,29,0.0,,,1.0,118.92820527030396
2024-02,category2,Drinks,Carbonated drinks,ALL,JASONS,20,15,0.75,13.25,29,0.45689655172413796,0.20483313956780272,0.17647058823529413,20.0,99.70824099719431
2024-02,category2,Drinks,Carbonated drinks,ALL,PARKNSHOP,23,17,0.7391304347826086,11.478260869565217,29,0.3958020989505247,0.24366296046930186,0.2692307692307692,18.0,99.54279058846814
2024-02,category2,Drinks,Carbonated drinks,ALL,WELLCOME,20,15,0.75,13.25,29,0.45689655172413796,0.20079119647477603,0.17647058823529413,20.0,99.40143520152772
2024-02,category2,Drinks,Cereal drinks / Malted drinks / Chocolate drinks,ALL,JASONS,5,2,0.4,3.2,29,0.11034482758620691,0.23076923076923078,0.23076923076923078,5.0,102.13066900220886
2024-02,category2,Drinks,Cereal drinks / Malted drinks / Chocolate drinks,ALL,PARKNSHOP,5,2,0.4,2.6,29,0.0896551724137931,0.20400000000000007,0.20400000000000007,5.0,97.52078521840451
2024-02,category2,Drinks,Cereal drinks / Malted drinks / Chocolate drinks,ALL,WELLCOME,5,2,0.4,5.6,29,0.19310344827586207,0.23076923076923078,0.23076923076923078,5.0,100.34854577938661
2024-02,category2,Drinks,Coffee / Tea bags / Milk tea / Yuan yang,ALL,JASONS,34,21,0.6176470588235294,9.147058823529411,29,0.31541582150101416,0.26634445630420206,0.2875,34.0,101.42672297063903
2024-02,category2,Drinks,Coffee / Tea bags / Milk tea / Yuan yang,ALL,PARKNSHOP,44,43,0.9772727272727273,18.227272727272727,29,0.6285266457680251,0.15379412060983963,0.10000000000000003,34.0,98.31755511345321
2024-02,category2,Drinks,Coffee / Tea bags / Milk tea / Yuan yang,ALL,WELLCOME,33,20,0.6060606060606061,9.454545454545455,29,0.3260188087774295,0.25903216470106494,0.25,33.0,100.26291789477317
2024-02,category2,Drinks,Fruit Juices / Cordials,ALL,JASONS,19,10,0.5263157894736842,9.0,29,0.3103448275862069,0.2238055109122345,0.21323529411764708,19.0,101.21964373315164
2024-02,category2,Drinks,Fruit Juices / Cordials,ALL,PARKNSHOP,19,11,0.5789473684210527,8.052631578947368,29,0.2776769509981851,0.14932206581813146,0.12142857142857147,16.0,98.39310740597188
2024-02,category2,Drinks,Fruit Juices / Cordials,ALL,WATSONS,1,1,1.0,29.0,29,1.0,0.31999999999999995,0.32,1.0,91.66976571216065
2024-02,category2,Drinks,Fruit Juices / Cordials,ALL,WELLCOME,19,10,0.5263157894736842,8.894736842105264,29,0.3067150635208712,0.2198647538814577,0.21323529411764708,19.0,100.26525836469307
2024-02,category2,Drinks,Oriental drinks,ALL,AEON,2,0,0.0,0.0,29,0.0,,,2.0,117.08812627716752
2024-02,category2,Drinks,Oriental drinks,ALL,DCHFOOD,5,0,0.0,0.0,29,0.0,,,5.0,121.58495475915039
2024-02,category2,Drinks,Oriental drinks,ALL,JASONS,25,23,0.92,18.08,29,0.6234482758620689,0.2939065751897607,0.2777777777777778,25.0,99.57661212564867
2024-02,category2,Drinks,Oriental drinks,ALL,PARKNSHOP,25,25,1.0,20.56,29,0.7089655172413792,0.24582746044544865,0.25,22.0,96.4248013391631
2024-02,category2,Drinks,Oriental drinks,ALL,WATSONS,1,0,0.0,0.0,29,0.0,,,1.0,108.12589099681982
2024-02,category2,Drinks,Oriental drinks,ALL,WELLCOME,25,23,0.92,19.36,29,0.6675862068965517,0.2958885437349937,0.2777777777777778,25.0,98.88521745418686
2024-02,category2,Household / Pet food and care,Batteries,ALL,JASONS,10,0,0.0,0.0,29,0.0,,,10.0,96.06134628322891
2024-02,category2,Household / Pet food and care,Batteries,ALL,PARKNSHOP,11,0,0.0,0.0,29,0.0,,,10.0,104.61400722354239
2024-02,category2,Household / Pet food and care,Batteries,ALL,WATSONS,3,0,0.0,0.0,29,0.0,,,3.0,113.77491656338674
2024-02,category2,Household / Pet food and care,Batteries,ALL,WELLCOME,10,0,0.0,0.0,29,0.0,,,10.0,95.82629971696139
2024-02,category2,Household / Pet food and care,Dehumidfiers / Mold prevention,ALL,JASONS,5,1,0.2,1.4,29,0.04827586206896552,0.16666666666666666,0.16666666666666666,5.0,101.91909751268136
2024-02,category2,Household / Pet food and care,Dehumidfiers / Mold prevention,ALL,PARKNSHOP,7,6,0.8571428571428571,5.285714285714286,29,0.18226600985221675,0.12688424425319475,0.10000000000000005,4.0,98.3563148367301
2024-02,category2,Household / Pet food and care,Dehumidfiers / Mold prevention,ALL,WATSONS,1,0,0.0,0.0,29,0.0,,,1.0,93.33836826922595
2024-02,category2,Household / Pet food and care,Dehumidfiers / Mold prevention,ALL,WELLCOME,5,1,0.2,1.4,29,0.04827586206896552,0.16666666666666666,0.16666666666666666,5.0,100.68048163080765
2024-02,category2,Household / Pet food and care,Electrical products,ALL,PARKNSHOP,2,0,0.0,0.0,29,0.0,,,,
2024-02,category2,Household / Pet food and care,Household cleaning,ALL,AEON,2,0,0.0,0.0,29,0.0,,,2.0,97.33970638699236
2024-02,category2,Household / Pet food and care,Household cleaning,ALL,JASONS,49,27,0.5510204081632653,9.306122448979592,29,0.32090077410274453,0.18839328298590433,0.18,48.0,99.19620798109646
2024-02,category2,Household / Pet food and care,Household cleaning,ALL,PARKNSHOP,56,52,0.9285714285714286,8.767857142857142,29,0.3023399014778325,0.12094757571428225,0.1,47.0,101.59038711461275
2024-02,category2,Household / Pet food and care,Household cleaning,ALL,WATSONS,15,2,0.13333333333333333,2.8666666666666667,29,0.09885057471264368,0.21368938821009603,0.25941026665335065,15.0,101.69072511514763
2024-02,category2,Household / Pet food and care,Household cleaning,ALL,WELLCOME,50,27,0.54,9.14,29,0.31517241379310346,0.18068581549657542,0.16216216216216217,49.0,98.82355952650806
2024-02,category2,Household / Pet food and care,Insecticides,ALL,JASONS,6,1,0.16666666666666666,2.3333333333333335,29,0.08045977011494253,0.09117535903250189,0.09259259259259259,6.0,100.99903440668128
2024-02,category2,Household / Pet food and care,Insecticides,ALL,PARKNSHOP,8,8,1.0,4.5,29,0.15517241379310345,0.10071054354944334,0.1,6.0,98.82883808867534
2024-02,category2,Household / Pet food and care,Insecticides,ALL,WELLCOME,6,1,0.16666666666666666,2.3333333333333335,29,0.08045977011494253,0.09259259259259259,0.09259259259259259,6.0,100.1721275046434
2024-02,category2,Household / Pet food and care,Laundry needs,ALL,JASONS,22,8,0.36363636363636365,6.2272727272727275,29,0.21473354231974923,0.16873398990454205,0.1718003186404673,22.0,100.33079960498792
2024-02,category2,Household / Pet food and care,Laundry needs,ALL,PARKNSHOP,24,12,0.5,6.333333333333333,29,0.21839080459770113,0.1584304715103801,0.12979509573396036,21.0,99.93363528918586
2024-02,category2,Household / Pet food and care,Laundry needs,ALL,WATSONS,5,0,0.0,0.0,29,0.0,,,4.0,99.94347608191919
2024-02,category2,Household / Pet food and care,Laundry needs,ALL,WELLCOME,21,8,0.38095238095238093,6.523809523809524,29,0.22495894909688013,0.16488627743496717,0.1655891385162437,21.0,99.73584179281694
2024-02,category2,Household / Pet food and care,Paper,ALL,JASONS,27,24,0.8888888888888888,21.814814814814813,29,0.7522349936143039,0.21877615428631317,0.22064777327935223,27.0,99.07079787655921
2024-02,category2,Household / Pet food and care,Paper,ALL,MANNINGS,1,0,0.0,0.0,29,0.0,,,1.0,103.65190365190364
2024-02,category2,Household / Pet food and care,Paper,ALL,PARKNSHOP,37,33,0.8918918918918919,22.756756756756758,29,0.7847157502329917,0.234170927241902,0.24737735849056608,21.0,98.3959984787807
2024-02,category2,Household / Pet food and care,Paper,ALL,WATSONS,12,7,0.5833333333333334,4.416666666666667,29,0.15229885057471265,0.17528324438182713,0.19444444444444445,12.0,106.6977103253205
2024-02,category2,Household / Pet food and care,Paper,ALL,WELLCOME,26,24,0.9230769230769231,22.576923076923077,29,0.7785145888594165,0.214991527880492,0.22064777327935223,26.0,99.14773589108935
2024-02,category2,Household / Pet food and care,Pet care,ALL,JASONS,1,1,1.0,28.0,29,0.9655172413793104,0.12204522096608428,0.10071942446043165,1.0,99.39030954595513
2024-02,category2,Household / Pet food and care,Pet care,ALL,PARKNSHOP,1,1,1.0,29.0,29,1.0,0.11247595086576892,0.07725321888412025,1.0,101.05187985661107
2024-02,category2,Household / Pet food and care,Pet care,ALL,WELLCOME,1,1,1.0,29.0,29,1.0,0.12056561647233938,0.10071942446043165,1.0,99.55781059743379
2024-02,category2,Household / Pet food and care,Pet food,ALL,AEON,6,0,0.0,0.0,29,0.0,,,6.0,111.50188984121507
2024-02,category2,Household / Pet food and care,Pet food,ALL,JASONS,13,10,0.7692307692307693,20.615384615384617,29,0.7108753315649868,0.20605588137993175,0.22671766848816033,13.0,101.6191241016476
2024-02,category2,Household / Pet food and care,Pet food,ALL,PARKNSHOP,16,12,0.75,21.375,29,0.7370689655172413,0.3197732482168938,0.23952990727217144,13.0,94.58284312773377
2024-02,category2,Household / Pet food and care,Pet food,ALL,WELLCOME,13,10,0.7692307692307693,21.846153846153847,29,0.753315649867374,0.2046459870439842,0.21971766848816027,13.0,100.68455342300126
2024-02,category2,Household / Pet food and care,Wraps / Food bags / Foil,ALL,JASONS,8,7,0.875,12.25,29,0.4224137931034483,0.23293126376207435,0.22058823529411764,8.0,97.18705257442106
2024-02,category2,Household / Pet food and care,Wraps / Food bags / Foil,ALL,PARKNSHOP,13,8,0.6153846153846154,7.6923076923076925,29,0.26525198938992045,0.15092065993051282,0.15116298649543672,9.0,100.54440056779211
2024-02,category2,Household / Pet food and care,Wraps / Food bags / Foil,ALL,WATSONS,5,0,0.0,0.0,29,0.0,,,5.0,110.27450747739307
2024-02,category2,Household / Pet food and care,Wraps / Food bags / Foil,ALL,WELLCOME,8,7,0.875,12.25,29,0.4224137931034483,0.2349207241424998,0.22058823529411764,8.0,96.81570076797901
2024-02,category2,Milk powder / Baby care,Adult milk powder,ALL,JASONS,16,4,0.25,3.4375,29,0.11853448275862069,0.20327584561776643,0.18435347343113245,16.0,100.80444407158937
2024-02,category2,Milk powder / Baby care,Adult milk powder,ALL,MANNINGS,14,5,0.35714285714285715,4.857142857142857,29,0.16748768472906403,0.233741389372453,0.21166306695464365,14.0,96.82260913794163
2024-02,category2,Milk powder / Baby care,Adult milk powder,ALL,PARKNSHOP,17,1,0.058823529411764705,0.8235294117647058,29,0.028397565922920892,0.2857142857142857,0.2857142857142857,17.0,102.35389485699397
2024-02,category2,Milk powder / Baby care,Adult milk powder,ALL,WATSONS,20,4,0.2,2.3,29,0.0793103448275862,0.20286627812104296,0.18435347343113245,18.0,99.93749786145248
2024-02,category2,Milk powder / Baby care,Adult milk powder,ALL,WELLCOME,16,4,0.25,3.4375,29,0.11853448275862069,0.20286627812104296,0.18435347343113245,16.0,99.91690746315336
2024-02,category2,Milk powder / Baby care,Baby foods / Infant foods,ALL,JASONS,5,0,0.0,0.0,29,0.0,,,5.0,119.15589761704813
2024-02,category2,Milk powder / Baby care,Baby foods / Infant foods,ALL,MANNINGS,9,9,1.0,29.0,29,1.0,0.25,0.25,8.0,89.58910331637632
2024-02,category2,Milk powder / Baby care,Baby foods / Infant foods,ALL,PARKNSHOP,16,12,0.75,15.5,29,0.5344827586206896,0.26002385042052795,0.25474254742547425,15.0,103.41246741146412
2024-02,category2,Milk powder / Baby care,Baby foods / Infant foods,ALL,WATSONS,14,14,1.0,27.714285714285715,29,0.9556650246305419,0.25,0.25,13.0,92.67659841299373
2024-02,category2,Milk powder / Baby care,Baby foods / Infant foods,ALL,WELLCOME,3,0,0.0,0.0,29,0.0,,,3.0,116.62425751809067
2024-02,category2,Milk powder / Baby care,Baby products,ALL,AEON,10,0,0.0,0.0,29,0.0,,,7.0,102.33957321201717
2024-02,category2,Milk powder / Baby care,Baby products,ALL,JASONS,13,9,0.6923076923076923,10.076923076923077,29,0.34748010610079577,0.23665070149257042,0.2,12.0,98.30298377990148
2024-02,category2,Milk powder / Baby care,Baby products,ALL,MANNINGS,13,4,0.3076923076923077,4.6923076923076925,29,0.16180371352785147,0.2957974137931035,0.35,12.0,99.79745517554932
2024-02,category2,Milk powder / Baby care,Baby products,ALL,PARKNSHOP,17,9,0.5294117647058824,5.352941176470588,29,0.18458417849898578,0.21866491413949465,0.2004664335664336,16.0,98.64903095924385
2024-02,category2,Milk powder / Baby care,Baby products,ALL,WATSONS,23,9,0.391304347826087,5.260869565217392,29,0.18140929535232383,0.27777777777777785,0.25000000000000006,20.0,101.91961475375615
2024-02,category2,Milk powder / Baby care,Baby products,ALL,WELLCOME,12,9,0.75,11.916666666666666,29,0.410919540229885,0.2362736155635796,0.2,12.0,98.59308093601041
2024-02,category2,Milk powder / Baby care,Infant formula / Growing-up formula,ALL,JASONS,34,2,0.058823529411764705,0.08823529411764706,29,0.0030425963488843817,0.09243142783901563,0.09243142783901563,33.0,101.01741376869668
2024-02,category2,Milk powder / Baby care,Infant formula / Growing-up formula,ALL,MANNINGS,62,6,0.0967741935483871,0.1935483870967742,29,0.006674082313681868,0.13499999999999998,0.135,62.0,100.76846491240347
2024-02,category2,Milk powder / Baby care,Infant formula / Growing-up formula,ALL,PARKNSHOP,47,16,0.3404255319148936,0.6808510638297872,29,0.023477622890682316,0.09495107520157908,0.1,46.0,100.33239432978309
2024-02,category2,Milk powder / Baby care,Infant formula / Growing-up formula,ALL,WATSONS,60,6,0.1,0.48333333333333334,29,0.016666666666666666,0.5604364388483992,0.5614395226175577,59.0,97.95749571592745
2024-02,category2,Milk powder / Baby care,Infant formula / Growing-up formula,ALL,WELLCOME,36,3,0.08333333333333333,0.16666666666666666,29,0.005747126436781609,0.11992406887907996,0.12014134275618374,36.0,100.72587416122917
2024-02,category2,Milk powder / Baby care,Pregnant women's milk powder,ALL,JASONS,2,0,0.0,0.0,29,0.0,,,2.0,100.0
2024-02,category2,Milk powder / Baby care,Pregnant women's milk powder,ALL,MANNINGS,2,0,0.0,0.0,29,0.0,,,2.0,100.0
2024-02,category2,Milk powder / Baby care,Pregnant women's milk powder,ALL,WATSONS,3,0,0.0,0.0,29,0.0,,,3.0,100.0
2024-02,category2,Milk powder / Baby care,Pregnant women's milk powder,ALL,WELLCOME,2,0,0.0,0.0,29,0.0,,,2.0,100.0
2024-02,category2,Noodles / Cooking needs / Processed food (cold),Baking needs / Wheat flour,ALL,JASONS,12,4,0.3333333333333333,5.083333333333333,29,0.17528735632183906,0.4593023627075351,0.4913793103448276,12.0,97.28457025316769
2024-02,category2,Noodles / Cooking needs / Processed food (cold),Baking needs / Wheat flour,ALL,PARKNSHOP,12,3,0.25,0.5833333333333334,29,0.020114942528735632,0.30639410532916767,0.22318339100346019,9.0,107.52561212034047
2024-02,category2,Noodles / Cooking needs / Processed food (cold),Baking needs / Wheat flour,ALL,WELLCOME,13,4,0.3076923076923077,4.6923076923076925,29,0.16180371352785147,0.45999361430395913,0.4913793103448276,13.0,96.88775338152092
2024-02,category2,Noodles / Cooking needs / Processed food (cold),Condiments & sauces / Cooking needs,ALL,DCHFOOD,6,0,0.0,0.0,29,0.0,,,6.0,92.42059152157178
2024-02,category2,Noodles / Cooking needs / Processed food (cold),Condiments & sauces / Cooking needs,ALL,JASONS,103,42,0.4077669902912621,6.650485436893204,29,0.22932708403080013,0.2846814491209807,0.25462962962962965,103.0,100.88675380568235
2024-02,category2,Noodles / Cooking needs / Processed food (cold),Condiments & sauces / Cooking needs,ALL,PARKNSHOP,134,104,0.7761194029850746,9.522388059701493,29,0.3283582089552239,0.20429617841154382,0.10077120822622107,99.0,99.67892610165165
2024-02,category2,Noodles / Cooking needs / Processed food (cold),Condiments & sauces / Cooking needs,ALL,WELLCOME,103,42,0.4077669902912621,6.951456310679611,29,0.23970539002343488,0.27857000266623944,0.25,103.0,99.821102084792
2024-02,category2,Noodles / Cooking needs / Processed food (cold),Frozen / Chilled processed food,ALL,JASONS,41,35,0.8536585365853658,16.951219512195124,29,0.5845248107653491,0.32800337125135803,0.3782608695652174,40.0,98.82458954665758
2024-02,category2,Noodles / Cooking needs / Processed food (cold),Frozen / Chilled processed food,ALL,PARKNSHOP,47,43,0.9148936170212766,14.148936170212766,29,0.48789435069699194,0.2263538423045828,0.25925925925925924,38.0,103.08402085741142
2024-02,category2,Noodles / Cooking needs / Processed food (cold),Frozen / Chilled processed food,ALL,WELLCOME,40,35,0.875,19.0,29,0.6551724137931034,0.3262275614692083,0.3782608695652174,40.0,98.39601531072466
2024-02,category2,Noodles / Cooking needs / Processed food (cold),Instant noodles,ALL,DCHFOOD,6,0,0.0,0.0,29,0.0,,,6.0,113.29131163501755
2024-02,category2,Noodles / Cooking needs / Processed food (cold),Instant noodles,ALL,JASONS,28,23,0.8214285714285714,20.75,29,0.7155172413793104,0.2804457332377293,0.29411764705882354,28.0,98.70814634819422
2024-02,category2,Noodles / Cooking needs / Processed food (cold),Instant noodles,ALL,PARKNSHOP,37,35,0.9459459459459459,19.54054054054054,29,0.67381174277726,0.2430771094609419,0.23684210526315788,26.0,100.30631761683514
2024-02,category2,Noodles / Cooking needs / Processed food (cold),Instant noodles,ALL,WELLCOME,27,24,0.8888888888888888,22.333333333333332,29,0.7701149425287356,0.26695799474299814,0.24944666666666665,27.0,97.85423733549014
2024-02,category2,Noodles / Cooking needs / Processed food (cold),Non-instant Italian pasta,ALL,DCHFOOD,4,0,0.0,0.0,29,0.0,,,4.0,103.80974509260162
2024-02,category2,Noodles / Cooking needs / Processed food (cold),Non-instant Italian pasta,ALL,JASONS,11,10,0.9090909090909091,12.272727272727273,29,0.42319749216300945,0.24087579087579086,0.2395104895104895,11.0,97.36289343968294
2024-02,category2,Noodles / Cooking needs / Processed food (cold),Non-instant Italian pasta,ALL,PARKNSHOP,15,14,0.9333333333333333,10.466666666666667,29,0.36091954022988504,0.10446958729599691,0.05693834194389456,10.0,104.80985252488048
2024-02,category2,Noodles / Cooking needs / Processed food (cold),Non-instant Italian pasta,ALL,WELLCOME,10,9,0.9,13.4,29,0.4620689655172414,0.2534965034965035,0.36538461538461536,10.0,96.70475642639389
2024-02,category2,Noodles / Cooking needs / Processed food (cold),Non-instant oriental noodles,ALL,JASONS,6,3,0.5,12.666666666666666,29,0.43678160919540227,0.3972741934446737,0.4375,6.0,98.3288320810873
2024-02,category2,Noodles / Cooking needs / Processed food (cold),Non-instant oriental noodles,ALL,PARKNSHOP,14,14,1.0,12.857142857142858,29,0.4433497536945813,0.157093174886243,0.0927792660014473,6.0,103.30468473001085
2024-02,category2,Noodles / Cooking needs / Processed food (cold),Non-instant oriental noodles,ALL,WELLCOME,6,4,0.6666666666666666,14.5,29,0.5,0.41371924783222425,0.37664473684210525,6.0,98.36648318890185
2024-02,category2,Noodles / Cooking needs / Processed food (cold),Udon noodles,ALL,DCHFOOD,1,0,0.0,0.0,29,0.0,,,,
2024-02,category2,Noodles / Cooking needs / Processed food (cold),Udon noodles,ALL,PARKNSHOP,1,1,1.0,12.0,29,0.41379310344827586,0.09130434782608703,0.09130434782608701,,
2024-02,category2,Personal care,Adult diapers / diaper pants,ALL,JASONS,4,3,0.75,19.5,29,0.6724137931034483,0.2294117647058823,0.2499999999999999,4.0,95.43940155524824
2024-02,category2,Personal care,Adult diapers / diaper pants,ALL,MANNINGS,10,6,0.6,11.3,29,0.3896551724137931,0.2464752032626821,0.20112359550561798,10.0,98.05114378541616
2024-02,category2,Personal care,Adult diapers / diaper pants,ALL,PARKNSHOP,11,3,0.2727272727272727,4.363636363636363,29,0.15047021943573666,0.21932641970214603,0.21910112359550563,11.0,103.07028674907227
2024-02,category2,Personal care,Adult diapers / diaper pants,ALL,WATSONS,13,3,0.23076923076923078,3.4615384615384617,29,0.1193633952254642,0.24458560193587411,0.24999999999999994,13.0,101.0170665229474
2024-02,category2,Personal care,Adult diapers / diaper pants,ALL,WELLCOME,7,3,0.42857142857142855,11.142857142857142,29,0.3842364532019704,0.2294117647058823,0.2499999999999999,7.0,98.11830664140328
2024-02,category2,Personal care,Antiperspirants / Deodorants,ALL,JASONS,10,0,0.0,0.0,29,0.0,,,10.0,99.59717764244024
2024-02,category2,Personal care,Antiperspirants / Deodorants,ALL,MANNINGS,10,0,0.0,0.0,29,0.0,,,10.0,98.6737201029555
2024-02,category2,Personal care,Antiperspirants / Deodorants,ALL,PARKNSHOP,12,0,0.0,0.0,29,0.0,,,12.0,103.81856276917156
2024-02,category2,Personal care,Antiperspirants / Deodorants,ALL,WATSONS,12,0,0.0,0.0,29,0.0,,,12.0,98.66090101684354
2024-02,category2,Personal care,Antiperspirants / Deodorants,ALL,WELLCOME,9,0,0.0,0.0,29,0.0,,,9.0,98.2847326168831
2024-02,category2,Personal care,Bathing lotions / Liquid soap / Soap,ALL,JASONS,16,11,0.6875,9.6875,29,0.33405172413793105,0.2735487565967571,0.25,16.0,100.53685009398004
2024-02,category2,Personal care,Bathing lotions / Liquid soap / Soap,ALL,MANNINGS,7,2,0.2857142857142857,2.142857142857143,29,0.07389162561576354,0.25,0.25,7.0,102.04590501514036
2024-02,category2,Personal care,Bathing lotions / Liquid soap / Soap,ALL,PARKNSHOP,21,10,0.47619047619047616,6.285714285714286,29,0.2167487684729064,0.23883288395966665,0.22147863196766165,17.0,98.69513761505026
2024-02,category2,Personal care,Bathing lotions / Liquid soap / Soap,ALL,WATSONS,14,6,0.42857142857142855,6.214285714285714,29,0.2142857142857143,0.24999999999999997,0.24999999999999994,13.0,99.69946783187712
2024-02,category2,Personal care,Bathing lotions / Liquid soap / Soap,ALL,WELLCOME,16,11,0.6875,10.0,29,0.3448275862068966,0.273797557888467,0.25,16.0,99.9357433520578
2024-02,category2,Personal care,Contraceptives,ALL,JASONS,15,5,0.3333333333333333,4.266666666666667,29,0.1471264367816092,0.2511886417183632,0.25139664804469275,15.0,102.7687436256541
2024-02,category2,Personal care,Contraceptives,ALL,MANNINGS,10,10,1.0,16.4,29,0.5655172413793103,0.4875,0.5,10.0,86.39703005373313
2024-02,category2,Personal care,Contraceptives,ALL,PARKNSHOP,10,9,0.9,13.8,29,0.47586206896551725,0.2653468476680281,0.24986835176408645,10.0,105.16318758030442
2024-02,category2,Personal care,Contraceptives,ALL,WATSONS,18,17,0.9444444444444444,10.222222222222221,29,0.3524904214559387,0.25,0.25,17.0,101.16853598040632
2024-02,category2,Personal care,Contraceptives,ALL,WELLCOME,15,5,0.3333333333333333,4.666666666666667,29,0.16091954022988506,0.2511886417183632,0.25139664804469275,15.0,100.57137198662896
2024-02,category2,Personal care,Drugs / Herbs,ALL,JASONS,22,1,0.045454545454545456,0.5909090909090909,29,0.020376175548589344,0.16101694915254236,0.16101694915254236,21.0,101.97320183194563
2024-02,category2,Personal care,Drugs / Herbs,ALL,MANNINGS,25,7,0.28,5.64,29,0.19448275862068964,0.18924530796025055,0.1,25.0,96.99008248990702
2024-02,category2,Personal care,Drugs / Herbs,ALL,PARKNSHOP,24,6,0.25,5.083333333333333,29,0.17528735632183906,0.10395138466113467,0.08057518796992477,21.0,100.66144595455464
2024-02,category2,Personal care,Drugs / Herbs,ALL,WATSONS,35,6,0.17142857142857143,2.5428571428571427,29,0.0876847290640394,0.1790014859114517,0.16079881656804734,29.0,99.89259014976987
2024-02,category2,Personal care,Drugs / Herbs,ALL,WELLCOME,20,2,0.1,0.95,29,0.03275862068965517,0.14080259222333003,0.14080259222333003,20.0,101.31890101644304
2024-02,category2,Personal care,Feminine care,ALL,JASONS,20,16,0.8,7.45,29,0.25689655172413794,0.393184850981287,0.41666590909090906,19.0,100.73135992934013
2024-02,category2,Personal care,Feminine care,ALL,MANNINGS,22,21,0.9545454545454546,14.5,29,0.5,0.4789555285276038,0.5,21.0,87.78942245128894
2024-02,category2,Personal care,Feminine care,ALL,PARKNSHOP,39,30,0.7692307692307693,8.307692307692308,29,0.2864721485411141,0.33060835786367115,0.33333291666666665,36.0,102.87296764365381
2024-02,category2,Personal care,Feminine care,ALL,WATSONS,37,24,0.6486486486486487,6.054054054054054,29,0.2087604846225536,0.31180002040084565,0.24999999999999994,35.0,104.098627091949
2024-02,category2,Personal care,Feminine care,ALL,WELLCOME,19,16,0.8421052631578947,7.842105263157895,29,0.27041742286751363,0.3937016235196795,0.4204545454545454,19.0,100.06951864989979
2024-02,category2,Personal care,First aid,ALL,JASONS,3,0,0.0,0.0,29,0.0,,,3.0,112.54088187264195
2024-02,category2,Personal care,First aid,ALL,MANNINGS,1,0,0.0,0.0,29,0.0,,,1.0,87.36630692542224
2024-02,category2,Personal care,First aid,ALL,PARKNSHOP,3,0,0.0,0.0,29,0.0,,,3.0,96.73942927366078
2024-02,category2,Personal care,First aid,ALL,WATSONS,4,1,0.25,3.25,29,0.11206896551724138,0.5,0.5,2.0,78.98607877866596
2024-02,category2,Personal care,First aid,ALL,WELLCOME,3,0,0.0,0.0,29,0.0,,,3.0,112.15545289405497
2024-02,category2,Personal care,Hair care,ALL,JASONS,21,14,0.6666666666666666,8.142857142857142,29,0.28078817733990147,0.2785966031333231,0.25,20.0,102.47507649062109
2024-02,category2,Personal care,Hair care,ALL,MANNINGS,17,16,0.9411764705882353,19.11764705882353,29,0.6592292089249493,0.3102806775005472,0.2771597906951437,15.0,89.50032470577717
2024-02,category2,Personal care,Hair care,ALL,PARKNSHOP,30,21,0.7,8.266666666666667,29,0.28505747126436787,0.23034259917823605,0.25,26.0,103.58108806898558
2024-02,category2,Personal care,Hair care,ALL,WATSONS,28,23,0.8214285714285714,13.571428571428571,29,0.46798029556650245,0.23219366908251032,0.25,26.0,98.6483149901134
2024-02,category2,Personal care,Hair care,ALL,WELLCOME,20,14,0.7,9.05,29,0.3120689655172414,0.27859655225726654,0.25,20.0,101.82418460634779
2024-02,category2,Personal care,Hand sanitation,ALL,JASONS,3,3,1.0,18.0,29,0.6206896551724138,0.25543573833573835,0.25,3.0,98.75540480035161
2024-02,category2,Personal care,Hand sanitation,ALL,MANNINGS,2,1,0.5,11.0,29,0.3793103448275862,0.3333318777292576,0.3333318777292576,2.0,92.42601094906185
2024-02,category2,Personal care,Hand sanitation,ALL,PARKNSHOP,2,2,1.0,7.5,29,0.25862068965517243,0.32532751091703055,0.32532751091703055,1.0,105.5653471404568
2024-02,category2,Personal care,Hand sanitation,ALL,WATSONS,4,0,0.0,0.0,29,0.0,,,3.0,106.7589607761492
2024-02,category2,Personal care,Hand sanitation,ALL,WELLCOME,3,3,1.0,18.666666666666668,29,0.6436781609195402,0.24764309764309766,0.25,3.0,97.35322538840208
2024-02,category2,Personal care,Health protection products,ALL,PARKNSHOP,2,2,1.0,29.0,29,1.0,0.34195365780011067,0.33333294786096257,1.0,97.18482993268974
2024-02,category2,Personal care,Health protection products,ALL,WATSONS,1,1,1.0,28.0,29,0.9655172413793104,0.49958298582151794,0.49958298582151794,1.0,102.81517006731026
2024-02,category2,Personal care,Health supplements / Dietary supplements,ALL,AEON,1,0,0.0,0.0,29,0.0,,,1.0,105.1589988345635
2024-02,category2,Personal care,Health supplements / Dietary supplements,ALL,JASONS,10,3,0.3,2.3,29,0.0793103448275862,0.2748740572274897,0.2894736842105263,10.0,97.90616348777024
2024-02,category2,Personal care,Health supplements / Dietary supplements,ALL,MANNINGS,19,13,0.6842105263157895,8.263157894736842,29,0.2849364791288566,0.33102772694549204,0.19999999999999998,13.0,95.5985363324438
2024-02,category2,Personal care,Health supplements / Dietary supplements,ALL,PARKNSHOP,11,3,0.2727272727272727,3.4545454545454546,29,0.11912225705329153,0.20994270793235303,0.20967741935483872,11.0,104.66798217024034
2024-02,category2,Personal care,Health supplements / Dietary supplements,ALL,WATSONS,25,11,0.44,6.6,29,0.2275862068965517,0.2981957559013166,0.24999999999999997,18.0,99.79334255672741
2024-02,category2,Personal care,Health supplements / Dietary supplements,ALL,WELLCOME,11,3,0.2727272727272727,2.090909090909091,29,0.07210031347962383,0.2753530166880616,0.2894736842105263,11.0,99.71404928298658
2024-02,category2,Personal care,Medical equipment,ALL,MANNINGS,1,0,0.0,0.0,29,0.0,,,1.0,96.94656488549617
2024-02,category2,Personal care,Medical equipment,ALL,PARKNSHOP,2,0,0.0,0.0,29,0.0,,,2.0,101.41359406290493
2024-02,category2,Personal care,Medical equipment,ALL,WATSONS,3,1,0.3333333333333333,9.666666666666666,29,0.3333333333333333,0.6,0.6,2.0,101.41359406290493
2024-02,category2,Personal care,Men's care,ALL,JASONS,15,3,0.2,1.4,29,0.04827586206896552,0.12095360603721805,0.12,15.0,101.7236804442957
2024-02,category2,Personal care,Men's care,ALL,MANNINGS,3,0,0.0,0.0,29,0.0,,,1.0,102.67699080987055
2024-02,category2,Personal care,Men's care,ALL,PARKNSHOP,3,0,0.0,0.0,29,0.0,,,3.0,122.82621191551695
2024-02,category2,Personal care,Men's care,ALL,WATSONS,11,7,0.6363636363636364,7.181818181818182,29,0.2476489028213166,0.19999999999999998,0.19999999999999998,10.0,89.59503489874176
2024-02,category2,Personal care,Men's care,ALL,WELLCOME,15,3,0.2,1.4,29,0.04827586206896552,0.12095360603721805,0.12,15.0,100.86335969624065
2024-02,category2,Personal care,Oral care,ALL,AEON,1,0,0.0,0.0,29,0.0,,,1.0,88.95476714162763
2024-02,category2,Personal care,Oral care,ALL,JASONS,19,6,0.3157894736842105,4.315789473684211,29,0.14882032667876588,0.29887478652061994,0.29166730769230764,19.0,101.01963968698911
2024-02,category2,Personal care,Oral care,ALL,MANNINGS,16,5,0.3125,4.4375,29,0.15301724137931033,0.3023504150977635,0.33333262260127927,14.0,95.55458123502247
2024-02,category2,Personal care,Oral care,ALL,PARKNSHOP,34,11,0.3235294117647059,4.882352941176471,29,0.16835699797160245,0.4118235261617213,0.5,24.0,100.17865028547541
2024-02,category2,Personal care,Oral care,ALL,WATSONS,28,13,0.4642857142857143,5.178571428571429,29,0.17857142857142858,0.34175156143830626,0.25,25.0,101.47852712934684
2024-02,category2,Personal care,Oral care,ALL,WELLCOME,18,6,0.3333333333333333,4.888888888888889,29,0.1685823754789272,0.29928342693301857,0.29166730769230764,18.0,101.06012867756031
2024-02,category2,Personal care,Skin care,ALL,AEON,1,0,0.0,0.0,29,0.0,,,1.0,100.2866964970663
2024-02,category2,Personal care,Skin care,ALL,JASONS,17,6,0.35294117647058826,6.823529411764706,29,0.23529411764705882,0.21426674176734736,0.23835467261692977,17.0,101.9856528394696
2024-02,category2,Personal care,Skin care,ALL,MANNINGS,28,20,0.7142857142857143,12.285714285714286,29,0.4236453201970444,0.3375496618996865,0.33333457387935805,26.0,94.91605212681603
2024-02,category2,Personal care,Skin care,ALL,PARKNSHOP,28,5,0.17857142857142858,3.7857142857142856,29,0.13054187192118227,0.2262224989649801,0.26829268292682923,23.0,100.19968136601052
2024-02,category2,Personal care,Skin care,ALL,WATSONS,54,30,0.5555555555555556,8.481481481481481,29,0.29246487867177523,0.254711746944496,0.25,37.0,103.00626586013276
2024-02,category2,Personal care,Skin care,ALL,WELLCOME,15,6,0.4,7.733333333333333,29,0.26666666666666666,0.21507875498380716,0.23835467261692977,15.0,101.22612622664934
2024-02,category2,Personal care,Wet wipes,ALL,AEON,1,0,0.0,0.0,29,0.0,,,,
2024-02,category2,Personal care,Wet wipes,ALL,JASONS,1,0,0.0,0.0,29,0.0,,,1.0,101.2121212121212
2024-02,category2,Personal care,Wet wipes,ALL,PARKNSHOP,1,0,0.0,0.0,29,0.0,,,1.0,99.59595959595958
2024-02,category2,Personal care,Wet wipes,ALL,WATSONS,1,0,0.0,0.0,29,0.0,,,1.0,99.59595959595958
2024-02,category2,Personal care,Wet wipes,ALL,WELLCOME,1,0,0.0,0.0,29,0.0,,,1.0,99.59595959595958
2024-02,category2,Personal care,Women's hair removers,ALL,JASONS,1,1,1.0,7.0,29,0.2413793103448276,0.13043478260869565,0.13043478260869565,1.0,100.61538461538461
2024-02,category2,Personal care,Women's hair removers,ALL,WATSONS,1,0,0.0,0.0,29,0.0,,,,
2024-02,category2,Personal care,Women's hair removers,ALL,WELLCOME,1,1,1.0,7.0,29,0.2413793103448276,0.13043478260869565,0.13043478260869565,1.0,99.38461538461537
2024-02,category2,Rice / Oil / Canned food / Fruits / Vegetables / Meat,Aseptically packaged food,ALL,DCHFOOD,1,0,0.0,0.0,29,0.0,,,1.0,105.2932234733693
2024-02,category2,Rice / Oil / Canned food / Fruits / Vegetables / Meat,Aseptically packaged food,ALL,JASONS,2,2,1.0,22.0,29,0.7586206896551724,0.20713264067024634,0.35048657718120807,2.0,95.84606115117549
2024-02,category2,Rice / Oil / Canned food / Fruits / Vegetables / Meat,Aseptically packaged food,ALL,PARKNSHOP,2,2,1.0,28.0,29,0.9655172413793104,0.33386865647916336,0.3322147651006712,2.0,105.79766079395054
2024-02,category2,Rice / Oil / Canned food / Fruits / Vegetables / Meat,Aseptically packaged food,ALL,WELLCOME,2,2,1.0,22.0,29,0.7586206896551724,0.20713264067024634,0.35048657718120807,2.0,95.84606115117549
2024-02,category2,Rice / Oil / Canned food / Fruits / Vegetables / Meat,Canned food,ALL,DCHFOOD,18,0,0.0,0.0,29,0.0,,,16.0,97.62165865456865
2024-02,category2,Rice / Oil / Canned food / Fruits / Vegetables / Meat,Canned food,ALL,JASONS,53,32,0.6037735849056604,11.754716981132075,29,0.4053350683148991,0.27406267576010757,0.2546277777777778,51.0,102.25648620045604
2024-02,category2,Rice / Oil / Canned food / Fruits / Vegetables / Meat,Canned food,ALL,PARKNSHOP,72,54,0.75,17.13888888888889,29,0.5909961685823755,0.23027125435370688,0.1936560444722831,52.0,96.86356131255121
2024-02,category2,Rice / Oil / Canned food / Fruits / Vegetables / Meat,Canned food,ALL,WELLCOME,50,32,0.64,12.94,29,0.44620689655172413,0.273427419452856,0.2546277777777778,50.0,101.50192446324328
2024-02,category2,Rice / Oil / Canned food / Fruits / Vegetables / Meat,Chilled / Fresh meat,ALL,JASONS,2,0,0.0,0.0,29,0.0,,,1.0,100.005076161953
2024-02,category2,Rice / Oil / Canned food / Fruits / Vegetables / Meat,Chilled / Fresh meat,ALL,WELLCOME,1,0,0.0,0.0,29,0.0,,,1.0,99.99492383804701
2024-02,category2,Rice / Oil / Canned food / Fruits / Vegetables / Meat,Edible oil / Cooking oil,ALL,DCHFOOD,7,0,0.0,0.0,29,0.0,,,5.0,101.1306508786642
2024-02,category2,Rice / Oil / Canned food / Fruits / Vegetables / Meat,Edible oil / Cooking oil,ALL,JASONS,26,1,0.038461538461538464,0.6153846153846154,29,0.021220159151193636,0.5,0.5,24.0,100.33914236117359
2024-02,category2,Rice / Oil / Canned food / Fruits / Vegetables / Meat,Edible oil / Cooking oil,ALL,PARKNSHOP,63,1,0.015873015873015872,0.015873015873015872,29,0.0005473453749315818,0.12000000000000005,0.12000000000000005,22.0,99.41246864902322
2024-02,category2,Rice / Oil / Canned food / Fruits / Vegetables / Meat,Edible oil / Cooking oil,ALL,WELLCOME,24,1,0.041666666666666664,0.6666666666666666,29,0.022988505747126436,0.5,0.5,24.0,100.05627233553909
2024-02,category2,Rice / Oil / Canned food / Fruits / Vegetables / Meat,Fresh fruits,ALL,JASONS,7,6,0.8571428571428571,13.428571428571429,29,0.4630541871921182,0.21488338648165684,0.20130173160173156,5.0,103.14725957808344
2024-02,category2,Rice / Oil / Canned food / Fruits / Vegetables / Meat,Fresh fruits,ALL,PARKNSHOP,6,4,0.6666666666666666,19.166666666666668,29,0.6609195402298851,0.20580471977370435,0.16747403990559967,,
2024-02,category2,Rice / Oil / Canned food / Fruits / Vegetables / Meat,Fresh fruits,ALL,WELLCOME,5,5,1.0,13.0,29,0.4482758620689655,0.21808573672936257,0.2129611111111111,5.0,96.85274042191655
2024-02,category2,Rice / Oil / Canned food / Fruits / Vegetables / Meat,Fresh vegetables,ALL,JASONS,4,1,0.25,7.25,29,0.25,0.2685881773399015,0.28718461538461537,3.0,100.67466238166108
2024-02,category2,Rice / Oil / Canned food / Fruits / Vegetables / Meat,Fresh vegetables,ALL,PARKNSHOP,15,1,0.06666666666666667,1.9333333333333333,29,0.06666666666666667,0.17689713617767389,0.2146949152542373,,
2024-02,category2,Rice / Oil / Canned food / Fruits / Vegetables / Meat,Fresh vegetables,ALL,WELLCOME,3,1,0.3333333333333333,9.666666666666666,29,0.3333333333333333,0.28300704812428945,0.28718461538461537,3.0,99.32533761833895
2024-02,category2,Rice / Oil / Canned food / Fruits / Vegetables / Meat,Frozen meat / poultry,ALL,JASONS,1,1,1.0,9.0,29,0.3103448275862069,0.14648571428571425,0.1360551020408163,1.0,98.46571657519303
2024-02,category2,Rice / Oil / Canned food / Fruits / Vegetables / Meat,Frozen meat / poultry,ALL,PARKNSHOP,2,1,0.5,6.0,29,0.20689655172413793,0.317094017094017,0.317094017094017,1.0,101.66900046577656
2024-02,category2,Rice / Oil / Canned food / Fruits / Vegetables / Meat,Frozen meat / poultry,ALL,WELLCOME,1,1,1.0,2.0,29,0.06896551724137931,0.13435408163265306,0.13435408163265306,1.0,99.86528295903041
2024-02,category2,Rice / Oil / Canned food / Fruits / Vegetables / Meat,Frozen seafood,ALL,JASONS,1,1,1.0,9.0,29,0.3103448275862069,0.1307012095421799,0.1346153846153846,1.0,100.3415300546448
2024-02,category2,Rice / Oil / Canned food / Fruits / Vegetables / Meat,Frozen seafood,ALL,PARKNSHOP,4,4,1.0,25.5,29,0.8793103448275862,0.2434247656007904,0.21283553875236288,,
2024-02,category2,Rice / Oil / Canned food / Fruits / Vegetables / Meat,Frozen seafood,ALL,WELLCOME,1,1,1.0,9.0,29,0.3103448275862069,0.13292210933720366,0.1346153846153846,1.0,99.6584699453552
2024-02,category2,Rice / Oil / Canned food / Fruits / Vegetables / Meat,Frozen vegetables,ALL,PARKNSHOP,4,0,0.0,0.0,29,0.0,,,,
2024-02,category2,Rice / Oil / Canned food / Fruits / Vegetables / Meat,Previously frozen meat,ALL,JASONS,1,0,0.0,0.0,29,0.0,,,,
2024-02,category2,Rice / Oil / Canned food / Fruits / Vegetables / Meat,Rice,ALL,DCHFOOD,5,0,0.0,0.0,29,0.0,,,4.0,104.89918185917668
2024-02,category2,Rice / Oil / Canned food / Fruits / Vegetables / Meat,Rice,ALL,JASONS,15,0,0.0,0.0,29,0.0,,,13.0,99.00013499364717
2024-02,category2,Rice / Oil / Canned food / Fruits / Vegetables / Meat,Rice,ALL,PARKNSHOP,27,1,0.037037037037037035,0.037037037037037035,29,0.0012771392081736908,0.14149443561208266,0.14149443561208266,5.0,102.19547242703354
2024-02,category2,Rice / Oil / Canned food / Fruits / Vegetables / Meat,Rice,ALL,WELLCOME,13,0,0.0,0.0,29,0.0,,,13.0,98.76858810136902
2024-03,category2,Bakery / Cereals / Spreads,Breads,ALL,JASONS,20,1,0.05,1.55,31,0.05,0.2067556494738658,0.20588235294117646,20.0,99.76778693987306
2024-03,category2,Bakery / Cereals / Spreads,Breads,ALL,PARKNSHOP,14,2,0.14285714285714285,4.428571428571429,31,0.14285714285714288,0.31818181818181823,0.31818181818181823,11.0,100.73605639643375
2024-03,category2,Bakery / Cereals / Spreads,Breads,ALL,WELLCOME,19,1,0.05263157894736842,1.631578947368421,31,0.05263157894736842,0.20588235294117646,0.20588235294117646,19.0,99.80979914790016
2024-03,category2,Bakery / Cereals / Spreads,Breakfast cereals,ALL,DCHFOOD,1,0,0.0,0.0,31,0.0,,,1.0,117.99642335646668
2024-03,category2,Bakery / Cereals / Spreads,Breakfast cereals,ALL,JASONS,23,11,0.4782608695652174,4.739130434782608,31,0.15287517531556802,0.1879724933489449,0.1780821917808219,23.0,99.92427897660217
2024-03,category2,Bakery / Cereals / Spreads,Breakfast cereals,ALL,PARKNSHOP,19,13,0.6842105263157895,6.421052631578948,31,0.2071307300509338,0.18093634083082272,0.16666818181818177,16.0,99.34905344976539
2024-03,category2,Bakery / Cereals / Spreads,Breakfast cereals,ALL,WELLCOME,23,11,0.4782608695652174,4.739130434782608,31,0.15287517531556802,0.18710698016285757,0.1780821917808219,23.0,99.83072593605965
2024-03,category2,Bakery / Cereals / Spreads,Cakes,ALL,JASONS,9,4,0.4444444444444444,9.444444444444445,31,0.3046594982078853,0.2639133979279785,0.25595238095238093,9.0,103.91128109980035
2024-03,category2,Bakery / Cereals / Spreads,Cakes,ALL,PARKNSHOP,4,2,0.5,10.75,31,0.3467741935483871,0.35566132264529055,0.2985971943887775,2.0,85.15939659948683
2024-03,category2,Bakery / Cereals / Spreads,Cakes,ALL,WELLCOME,9,4,0.4444444444444444,9.333333333333334,31,0.3010752688172043,0.2586295995670996,0.25595238095238093,9.0,103.3393220752673
2024-03,category2,Bakery / Cereals / Spreads,Honey / Syrup,ALL,DCHFOOD,1,0,0.0,0.0,31,0.0,,,1.0,97.43589743589743
2024-03,category2,Bakery / Cereals / Spreads,Honey / Syrup,ALL,JASONS,23,3,0.13043478260869565,0.13043478260869565,31,0.004207573632538569,0.13503649635036497,0.13503649635036497,23.0,99.88979027254354
2024-03,category2,Bakery / Cereals / Spreads,Honey / Syrup,ALL,PARKNSHOP,26,0,0.0,0.0,31,0.0,,,15.0,100.79755623127427
2024-03,category2,Bakery / Cereals / Spreads,Honey / Syrup,ALL,WELLCOME,22,3,0.13636363636363635,0.13636363636363635,31,0.00439882697947214,0.13533834586466165,0.13533834586466165,22.0,99.76378365354476
2024-03,category2,Bakery / Cereals / Spreads,Spreads,ALL,JASONS,20,1,0.05,0.35,31,0.01129032258064516,0.19444444444444445,0.19444444444444445,20.0,99.4522766605915
2024-03,category2,Bakery / Cereals / Spreads,Spreads,ALL,PARKNSHOP,16,2,0.125,2.375,31,0.07661290322580645,0.19862257230974414,0.20962532299741604,10.0,102.05871770885801
2024-03,category2,Bakery / Cereals / Spreads,Spreads,ALL,WELLCOME,20,1,0.05,0.35,31,0.01129032258064516,0.19444444444444445,0.19444444444444445,20.0,99.4522766605915
2024-03,category2,Beer / Wines / Spirits,Beer,ALL,JASONS,29,16,0.5517241379310345,9.96551724137931,31,0.32146829810901,0.17846936399539512,0.1738921001926782,29.0,98.72929670268576
2024-03,category2,Beer / Wines / Spirits,Beer,ALL,PARKNSHOP,33,33,1.0,10.393939393939394,31,0.3352883675464321,0.14461039964743944,0.10000000000000003,29.0,102.51686043612827
2024-03,category2,Beer / Wines / Spirits,Beer,ALL,WELLCOME,30,16,0.5333333333333333,9.633333333333333,31,0.310752688172043,0.17778958158480718,0.1738921001926782,30.0,98.7331633477085
2024-03,category2,Beer / Wines / Spirits,Red wines,ALL,JASONS,5,3,0.6,13.4,31,0.432258064516129,0.392335154619623,0.38095238095238093,5.0,99.15086463204925
2024-03,category2,Beer / Wines / Spirits,Red wines,ALL,PARKNSHOP,5,4,0.8,19.8,31,0.6387096774193549,0.3342184658533629,0.2905197247706422,4.0,106.40132680011918
2024-03,category2,Beer / Wines / Spirits,Red wines,ALL,WELLCOME,6,4,0.6666666666666666,11.666666666666666,31,0.3763440860215054,0.4295347456330693,0.3968982088248143,6.0,96.43926923311422
2024-03,category2,Beer / Wines / Spirits,Rice wines,ALL,JASONS,2,1,0.5,4.5,31,0.14516129032258066,0.08333333333333333,0.08333333333333333,2.0,99.98268518197874
2024-03,category2,Beer / Wines / Spirits,Rice wines,ALL,PARKNSHOP,4,2,0.5,2.75,31,0.08870967741935484,0.12593305478616026,0.12593305478616026,2.0,104.69390035004096
2024-03,category2,Beer / Wines / Spirits,Rice wines,ALL,WELLCOME,3,1,0.3333333333333333,3.0,31,0.0967741935483871,0.08333333333333333,0.08333333333333333,3.0,96.20300922083214
2024-03,category2,Beer / Wines / Spirits,Shandy,ALL,JASONS,1,0,0.0,0.0,31,0.0,,,1.0,95.80840509138429
2024-03,category2,Beer / Wines / Spirits,Shandy,ALL,PARKNSHOP,1,1,1.0,3.0,31,0.0967741935483871,0.09999999999999991,0.0999999999999999,1.0,108.38318981723143
2024-03,category2,Beer / Wines / Spirits,Shandy,ALL,WELLCOME,1,0,0.0,0.0,31,0.0,,,1.0,95.80840509138429
2024-03,category2,Beer / Wines / Spirits,Shaoxing wines,ALL,JASONS,1,0,0.0,0.0,31,0.0,,,1.0,101.82767624020887
2024-03,category2,Beer / Wines / Spirits,Shaoxing wines,ALL,PARKNSHOP,1,0,0.0,0.0,31,0.0,,,1.0,96.34464751958222
2024-03,category2,Beer / Wines / Spirits,Shaoxing wines,ALL,WELLCOME,1,0,0.0,0.0,31,0.0,,,1.0,101.82767624020887
2024-03,category2,Beer / Wines / Spirits,White wines,ALL,JASONS,2,1,0.5,15.5,31,0.5,0.38316492622500314,0.38095238095238093,2.0,98.0890060630036
2024-03,category2,Beer / Wines / Spirits,White wines,ALL,PARKNSHOP,1,1,1.0,30.0,31,0.967741935483871,0.34909625521267723,0.30581009174311924,1.0,107.28669461478329
2024-03,category2,Beer / Wines / Spirits,White wines,ALL,WELLCOME,2,1,0.5,15.5,31,0.5,0.38248847926267276,0.38095238095238093,2.0,98.0890060630036
2024-03,category2,Candies / Biscuits / Snacks,Biscuits,ALL,DCHFOOD,4,0,0.0,0.0,31,0.0,,,3.0,96.70804051929235
2024-03,category2,Candies / Biscuits / Snacks,Biscuits,ALL,JASONS,65,50,0.7692307692307693,16.2,31,0.5225806451612903,0.308425454345035,0.26666666666666666,65.0,98.34654174614343
2024-03,category2,Candies / Biscuits / Snacks,Biscuits,ALL,MANNINGS,5,1,0.2,2.4,31,0.07741935483870968,0.19831223628691985,0.17721518987341775,5.0,107.33756904852794
2024-03,category2,Candies / Biscuits / Snacks,Biscuits,ALL,PARKNSHOP,60,41,0.6833333333333333,13.983333333333333,31,0.4510752688172043,0.27557131530605683,0.25,49.0,103.61706088554688
2024-03,category2,Candies / Biscuits / Snacks,Biscuits,ALL,WELLCOME,56,41,0.7321428571428571,15.517857142857142,31,0.5005760368663594,0.3136226375254028,0.26356589147286824,55.0,98.2025692929311
2024-03,category2,Candies / Biscuits / Snacks,Candies / Confectioneries,ALL,JASONS,53,37,0.6981132075471698,15.735849056603774,31,0.5076080340839927,0.22108987521671972,0.25,53.0,98.71482115657805
2024-03,category2,Candies / Biscuits / Snacks,Candies / Confectioneries,ALL,MANNINGS,10,3,0.3,7.8,31,0.25161290322580643,0.12365257048092866,0.1145833333333333,10.0,103.95875857245709
2024-03,category2,Candies / Biscuits / Snacks,Candies / Confectioneries,ALL,PARKNSHOP,52,32,0.6153846153846154,12.346153846153847,31,0.3982630272952854,0.23756522656516238,0.25000000000000006,42.0,103.45708340707213
2024-03,category2,Candies / Biscuits / Snacks,Candies / Confectioneries,ALL,WATSONS,2,0,0.0,0.0,31,0.0,,,2.0,101.96797977198733
2024-03,category2,Candies / Biscuits / Snacks,Candies / Confectioneries,ALL,WELLCOME,53,37,0.6981132075471698,15.716981132075471,31,0.5069993913572732,0.22078429180775466,0.25,52.0,98.43023422991912
2024-03,category2,Candies / Biscuits / Snacks,Dried fruits,ALL,JASONS,7,0,0.0,0.0,31,0.0,,,7.0,98.86428348784187
2024-03,category2,Candies / Biscuits / Snacks,Dried fruits,ALL,PARKNSHOP,7,2,0.2857142857142857,2.142857142857143,31,0.06912442396313363,0.2506265664160401,0.2506265664160401,4.0,103.76227193517774
2024-03,category2,Candies / Biscuits / Snacks,Dried fruits,ALL,WELLCOME,7,0,0.0,0.0,31,0.0,,,7.0,98.86428348784187
2024-03,category2,Candies / Biscuits / Snacks,Snack bars / Energy bars,ALL,JASONS,3,3,1.0,1.0,31,0.03225806451612903,0.25,0.25,3.0,99.54017931397115
2024-03,category2,Candies / Biscuits / Snacks,Snack bars / Energy bars,ALL,PARKNSHOP,4,3,0.75,11.0,31,0.3548387096774194,0.3867847657357985,0.3548387096774193,2.0,101.70258000993317
2024-03,category2,Candies / Biscuits / Snacks,Snack bars / Energy bars,ALL,WELLCOME,3,3,1.0,1.0,31,0.03225806451612903,0.25,0.25,3.0,99.41140806000739
2024-03,category2,Candies / Biscuits / Snacks,Snacks,ALL,DCHFOOD,3,0,0.0,0.0,31,0.0,,,3.0,95.07139033952002
2024-03,category2,Candies / Biscuits / Snacks,Snacks,ALL,JASONS,83,59,0.7108433734939759,19.879518072289155,31,0.6412747765254566,0.2677976342413031,0.3023255813953489,82.0,99.95018609338157
2024-03,category2,Candies / Biscuits / Snacks,Snacks,ALL,MANNINGS,1,0,0.0,0.0,31,0.0,,,1.0,89.66531440162272
2024-03,category2,Candies / Biscuits / Snacks,Snacks,ALL,PARKNSHOP,45,34,0.7555555555555555,19.68888888888889,31,0.6351254480286739,0.283435193702213,0.256578947368421,39.0,100.9105665392583
2024-03,category2,Candies / Biscuits / Snacks,Snacks,ALL,WATSONS,1,0,0.0,0.0,31,0.0,,,1.0,97.46450304259636
2024-03,category2,Candies / Biscuits / Snacks,Snacks,ALL,WELLCOME,80,58,0.725,20.2375,31,0.6528225806451613,0.26559542320274315,0.30116279069767443,80.0,99.93134881898779
2024-03,category2,Dairy / Soy products / Eggs,Bean curd products,ALL,JASONS,12,10,0.8333333333333334,19.666666666666668,31,0.6344086021505376,0.2597992091672294,0.26538046411225036,12.0,100.18099008686623
2024-03,category2,Dairy / Soy products / Eggs,Bean curd products,ALL,PARKNSHOP,13,11,0.8461538461538461,24.153846153846153,31,0.7791563275434243,0.18794169370581223,0.15205263157894733,12.0,99.74867645397367
2024-03,category2,Dairy / Soy products / Eggs,Bean curd products,ALL,WELLCOME,12,10,0.8333333333333334,19.833333333333332,31,0.6397849462365591,0.26024586832779195,0.26538046411225036,12.0,100.07033345916012
2024-03,category2,Dairy / Soy products / Eggs,Butter / Margarine,ALL,JASONS,12,3,0.25,3.5,31,0.11290322580645161,0.2654537399232739,0.24849699398797592,12.0,100.00472166433647
2024-03,category2,Dairy / Soy products / Eggs,Butter / Margarine,ALL,PARKNSHOP,11,3,0.2727272727272727,4.0,31,0.12903225806451613,0.2295810132273921,0.21968365553602812,9.0,100.05129278876565
2024-03,category2,Dairy / Soy products / Eggs,Butter / Margarine,ALL,WELLCOME,13,3,0.23076923076923078,3.230769230769231,31,0.10421836228287841,0.2654537399232739,0.24849699398797592,13.0,99.96057265992258
2024-03,category2,Dairy / Soy products / Eggs,Cheese / Yoghurt products,ALL,JASONS,48,31,0.6458333333333334,10.895833333333334,31,0.35147849462365593,0.2813191624880829,0.29347826086956524,48.0,99.94907580081522
2024-03,category2,Dairy / Soy products / Eggs,Cheese / Yoghurt products,ALL,PARKNSHOP,37,26,0.7027027027027027,12.324324324324325,31,0.3975588491717524,0.3137095572587571,0.28772864998316683,34.0,100.07230304892967
2024-03,category2,Dairy / Soy products / Eggs,Cheese / Yoghurt products,ALL,WELLCOME,48,31,0.6458333333333334,10.916666666666666,31,0.35215053763440857,0.28113231006522127,0.29347826086956524,48.0,100.00189083301257
2024-03,category2,Dairy / Soy products / Eggs,Cream,ALL,JASONS,2,2,1.0,27.5,31,0.8870967741935484,0.29723932766479666,0.28328804347826086,2.0,97.73022296884545
2024-03,category2,Dairy / Soy products / Eggs,Cream,ALL,PARKNSHOP,3,2,0.6666666666666666,16.0,31,0.5161290322580645,0.2729898826869317,0.27645112381420694,2.0,104.53955406230911
2024-03,category2,Dairy / Soy products / Eggs,Cream,ALL,WELLCOME,2,2,1.0,27.5,31,0.8870967741935484,0.29723932766479666,0.28328804347826086,2.0,97.73022296884545
2024-03,category2,Dairy / Soy products / Eggs,Eggs,ALL,JASONS,8,5,0.625,7.875,31,0.2540322580645161,0.25985844284462384,0.24324324324324326,8.0,98.9133498523918
2024-03,category2,Dairy / Soy products / Eggs,Eggs,ALL,PARKNSHOP,9,6,0.6666666666666666,4.555555555555555,31,0.14695340501792115,0.2767970734242543,0.2859784910440998,4.0,104.17927913978022
2024-03,category2,Dairy / Soy products / Eggs,Eggs,ALL,WELLCOME,8,5,0.625,7.875,31,0.2540322580645161,0.25966599416427194,0.24324324324324326,8.0,98.9133498523918
2024-03,category2,Dairy / Soy products / Eggs,Frozen confections,ALL,JASONS,21,17,0.8095238095238095,8.904761904761905,31,0.2872503840245776,0.32562323366408513,0.38202247191011235,21.0,98.47210935797911
2024-03,category2,Dairy / Soy products / Eggs,Frozen confections,ALL,PARKNSHOP,14,10,0.7142857142857143,12.0,31,0.3870967741935484,0.3563875945979925,0.34365059373474427,14.0,104.45649912418355
2024-03,category2,Dairy / Soy products / Eggs,Frozen confections,ALL,WELLCOME,21,17,0.8095238095238095,8.904761904761905,31,0.2872503840245776,0.3249310461148237,0.38202247191011235,21.0,98.47210935797911
2024-03,category2,Dairy / Soy products / Eggs,Milk / Milk drinks,ALL,AEON,1,0,0.0,0.0,31,0.0,,,1.0,101.48096450082618
2024-03,category2,Dairy / Soy products / Eggs,Milk / Milk drinks,ALL,DCHFOOD,7,0,0.0,0.0,31,0.0,,,7.0,98.44847022110656
2024-03,category2,Dairy / Soy products / Eggs,Milk / Milk drinks,ALL,JASONS,68,55,0.8088235294117647,15.102941176470589,31,0.48719165085388993,0.2626964834832915,0.2835820895522388,67.0,99.71245232386978
2024-03,category2,Dairy / Soy products / Eggs,Milk / Milk drinks,ALL,PARKNSHOP,68,59,0.8676470588235294,15.308823529411764,31,0.49383301707779886,0.20770261049750943,0.23076923076923078,54.0,100.83064738162592
2024-03,category2,Dairy / Soy products / Eggs,Milk / Milk drinks,ALL,WATSONS,1,0,0.0,0.0,31,0.0,,,1.0,96.87802743835745
2024-03,category2,Dairy / Soy products / Eggs,Milk / Milk drinks,ALL,WELLCOME,66,53,0.803030303030303,15.106060606060606,31,0.4872922776148582,0.2620406398804384,0.29411764705882354,66.0,99.72696797868741
2024-03,category2,Dairy / Soy products / Eggs,Soy drinks / Instant Soy Milk,ALL,JASONS,24,22,0.9166666666666666,16.791666666666668,31,0.5416666666666667,0.2195754294626779,0.20454545454545456,24.0,100.07145939073058
2024-03,category2,Dairy / Soy products / Eggs,Soy drinks / Instant Soy Milk,ALL,PARKNSHOP,27,24,0.8888888888888888,17.0,31,0.5483870967741935,0.20051403334111614,0.20547945205479454,23.0,100.54855599953092
2024-03,category2,Dairy / Soy products / Eggs,Soy drinks / Instant Soy Milk,ALL,WATSONS,5,2,0.4,5.6,31,0.18064516129032257,0.05405405405405406,0.05405405405405406,5.0,97.75694172269287
2024-03,category2,Dairy / Soy products / Eggs,Soy drinks / Instant Soy Milk,ALL,WELLCOME,24,22,0.9166666666666666,16.833333333333332,31,0.543010752688172,0.21851976287333755,0.20454545454545456,24.0,100.06749899701997
2024-03,category2,Drinks,Bottled water / Sports drinks /  Energy drinks,ALL,DCHFOOD,2,0,0.0,0.0,31,0.0,,,2.0,86.76425312771138
2024-03,category2,Drinks,Bottled water / Sports drinks /  Energy drinks,ALL,JASONS,49,32,0.6530612244897959,10.938775510204081,31,0.3528637261356155,0.2036025124176124,0.18695652173913044,49.0,98.95499917698899
2024-03,category2,Drinks,Bottled water / Sports drinks /  Energy drinks,ALL,PARKNSHOP,44,24,0.5454545454545454,10.545454545454545,31,0.34017595307917886,0.18413057305612682,0.17708333333333337,35.0,103.11349860593796
2024-03,category2,Drinks,Bottled water / Sports drinks /  Energy drinks,ALL,WATSONS,7,0,0.0,0.0,31,0.0,,,7.0,105.85583246280517
2024-03,category2,Drinks,Bottled water / Sports drinks /  Energy drinks,ALL,WELLCOME,49,32,0.6530612244897959,10.959183673469388,31,0.3535220539828835,0.19951065838584242,0.18695652173913044,49.0,98.89845390825968
2024-03,category2,Drinks,Carbonated drinks,ALL,DCHFOOD,1,0,0.0,0.0,31,0.0,,,1.0,107.62500146612088
2024-03,category2,Drinks,Carbonated drinks,ALL,JASONS,20,14,0.7,9.25,31,0.29838709677419356,0.181146711051845,0.20403409090909091,20.0,99.7967406942831
2024-03,category2,Drinks,Carbonated drinks,ALL,PARKNSHOP,24,19,0.7916666666666666,8.375,31,0.2701612903225806,0.20357212628770394,0.2857142857142857,19.0,99.98763003521474
2024-03,category2,Drinks,Carbonated drinks,ALL,WELLCOME,20,14,0.7,9.25,31,0.29838709677419356,0.1806251691017316,0.19090909090909092,20.0,99.68201295822463
2024-03,category2,Drinks,Cereal drinks / Malted drinks / Chocolate drinks,ALL,JASONS,5,2,0.4,5.6,31,0.18064516129032257,0.1664638932496076,0.15769230769230774,5.0,99.70232985793766
2024-03,category2,Drinks,Cereal drinks / Malted drinks / Chocolate drinks,ALL,PARKNSHOP,5,2,0.4,7.8,31,0.25161290322580643,0.12400000000000005,0.12400000000000005,5.0,100.667995178357
2024-03,category2,Drinks,Cereal drinks / Malted drinks / Chocolate drinks,ALL,WELLCOME,5,2,0.4,5.6,31,0.18064516129032257,0.15769230769230774,0.15769230769230774,5.0,99.62967496370531
2024-03,category2,Drinks,Coffee / Tea bags / Milk tea / Yuan yang,ALL,JASONS,44,33,0.75,10.863636363636363,31,0.3504398826979472,0.2110606157945378,0.22413793103448276,44.0,99.2779513094132
2024-03,category2,Drinks,Coffee / Tea bags / Milk tea / Yuan yang,ALL,PARKNSHOP,44,31,0.7045454545454546,7.204545454545454,31,0.23240469208211142,0.18059108257034795,0.16413373860182368,34.0,101.20080935089733
2024-03,category2,Drinks,Coffee / Tea bags / Milk tea / Yuan yang,ALL,WELLCOME,43,31,0.7209302325581395,10.837209302325581,31,0.3495873968492123,0.2078726321937982,0.22413793103448276,43.0,99.67848611668266
2024-03,category2,Drinks,Fruit Juices / Cordials,ALL,JASONS,21,13,0.6190476190476191,8.095238095238095,31,0.261136712749616,0.22816105964631148,0.20370555555555558,21.0,100.91844998063091
2024-03,category2,Drinks,Fruit Juices / Cordials,ALL,PARKNSHOP,19,11,0.5789473684210527,7.052631578947368,31,0.22750424448217316,0.16925837194130036,0.11666666666666664,16.0,98.2792772311899
2024-03,category2,Drinks,Fruit Juices / Cordials,ALL,WATSONS,1,1,1.0,31.0,31,1.0,0.32,0.32,1.0,91.96851004421003
2024-03,category2,Drinks,Fruit Juices / Cordials,ALL,WELLCOME,21,13,0.6190476190476191,8.095238095238095,31,0.261136712749616,0.2281505742982399,0.20370555555555558,21.0,100.59148831363612
2024-03,category2,Drinks,Oriental drinks,ALL,AEON,3,0,0.0,0.0,31,0.0,,,3.0,110.38360674482335
2024-03,category2,Drinks,Oriental drinks,ALL,DCHFOOD,5,0,0.0,0.0,31,0.0,,,5.0,119.09888929651902
2024-03,category2,Drinks,Oriental drinks,ALL,JASONS,34,28,0.8235294117647058,17.58823529411765,31,0.5673624288425048,0.23920860717524559,0.2194998366013072,34.0,98.76969114670314
2024-03,category2,Drinks,Oriental drinks,ALL,PARKNSHOP,25,23,0.92,17.8,31,0.5741935483870968,0.24344735062188363,0.22796743295019156,22.0,98.68063755224294
2024-03,category2,Drinks,Oriental drinks,ALL,WATSONS,1,1,1.0,12.0,31,0.3870967741935484,0.1111111111111111,0.1111111111111111,1.0,102.5629362924201
2024-03,category2,Drinks,Oriental drinks,ALL,WELLCOME,34,28,0.8235294117647058,17.58823529411765,31,0.5673624288425048,0.23811672305317572,0.210239651416122,34.0,98.76969114670314
2024-03,category2,Household / Pet food and care,Batteries,ALL,JASONS,10,0,0.0,0.0,31,0.0,,,10.0,96.28521360966084
2024-03,category2,Household / Pet food and care,Batteries,ALL,PARKNSHOP,11,0,0.0,0.0,31,0.0,,,10.0,103.38894810401204
2024-03,category2,Household / Pet food and care,Batteries,ALL,WATSONS,3,0,0.0,0.0,31,0.0,,,3.0,115.81805319209954
2024-03,category2,Household / Pet food and care,Batteries,ALL,WELLCOME,10,0,0.0,0.0,31,0.0,,,10.0,96.24973928010104
2024-03,category2,Household / Pet food and care,Dehumidfiers / Mold prevention,ALL,JASONS,6,6,1.0,10.333333333333334,31,0.33333333333333337,0.09039192833425137,0.1,6.0,99.81304837117784
2024-03,category2,Household / Pet food and care,Dehumidfiers / Mold prevention,ALL,PARKNSHOP,7,2,0.2857142857142857,8.142857142857142,31,0.2626728110599078,0.1452508719356528,0.1452508719356528,4.0,101.26957094650093
2024-03,category2,Household / Pet food and care,Dehumidfiers / Mold prevention,ALL,WATSONS,1,0,0.0,0.0,31,0.0,,,1.0,95.24839393060601
2024-03,category2,Household / Pet food and care,Dehumidfiers / Mold prevention,ALL,WELLCOME,6,6,1.0,10.333333333333334,31,0.33333333333333337,0.09020476138132937,0.1,6.0,99.82121391460149
2024-03,category2,Household / Pet food and care,Electrical products,ALL,PARKNSHOP,2,0,0.0,0.0,31,0.0,,,,
2024-03,category2,Household / Pet food and care,Household cleaning,ALL,AEON,2,0,0.0,0.0,31,0.0,,,2.0,96.45968279905175
2024-03,category2,Household / Pet food and care,Household cleaning,ALL,JASONS,64,22,0.34375,5.984375,31,0.1930443548387097,0.14692273186639698,0.13043478260869565,63.0,98.39885044106514
2024-03,category2,Household / Pet food and care,Household cleaning,ALL,PARKNSHOP,58,22,0.3793103448275862,4.293103448275862,31,0.13848720800889877,0.17202126072304091,0.14759731500685114,47.0,103.92847393708524
2024-03,category2,Household / Pet food and care,Household cleaning,ALL,WATSONS,16,2,0.125,2.125,31,0.06854838709677419,0.1697043843004095,0.19911614900629182,16.0,100.66751382900296
2024-03,category2,Household / Pet food and care,Household cleaning,ALL,WELLCOME,66,21,0.3181818181818182,5.621212121212121,31,0.18132942326490714,0.14300076210234292,0.13043478260869565,64.0,98.40581196039491
2024-03,category2,Household / Pet food and care,Insecticides,ALL,JASONS,6,2,0.3333333333333333,3.8333333333333335,31,0.12365591397849462,0.19047619047619047,0.19047619047619047,6.0,98.77718605062623
2024-03,category2,Household / Pet food and care,Insecticides,ALL,PARKNSHOP,8,2,0.25,1.125,31,0.036290322580645164,0.16735632183908047,0.16735632183908047,6.0,102.44562789874756
2024-03,category2,Household / Pet food and care,Insecticides,ALL,WELLCOME,6,2,0.3333333333333333,3.8333333333333335,31,0.12365591397849462,0.19047619047619047,0.19047619047619047,6.0,98.77718605062623
2024-03,category2,Household / Pet food and care,Laundry needs,ALL,JASONS,31,11,0.3548387096774194,5.548387096774194,31,0.1789802289281998,0.16377977429044446,0.1590909090909091,31.0,99.61270342411153
2024-03,category2,Household / Pet food and care,Laundry needs,ALL,PARKNSHOP,25,9,0.36,3.64,31,0.11741935483870967,0.14384080995739418,0.11904761904761904,22.0,100.58140144487793
2024-03,category2,Household / Pet food and care,Laundry needs,ALL,WATSONS,5,0,0.0,0.0,31,0.0,,,5.0,101.62023830331732
2024-03,category2,Household / Pet food and care,Laundry needs,ALL,WELLCOME,30,11,0.36666666666666664,5.733333333333333,31,0.18494623655913978,0.163783936261021,0.1590909090909091,30.0,99.60053473124718
2024-03,category2,Household / Pet food and care,Paper,ALL,JASONS,36,33,0.9166666666666666,19.694444444444443,31,0.6353046594982078,0.20455067379127664,0.18478260869565216,35.0,99.94018399200108
2024-03,category2,Household / Pet food and care,Paper,ALL,MANNINGS,1,0,0.0,0.0,31,0.0,,,1.0,100.2629114111588
2024-03,category2,Household / Pet food and care,Paper,ALL,PARKNSHOP,35,32,0.9142857142857143,24.257142857142856,31,0.7824884792626727,0.20652939989684374,0.20367135428111038,20.0,98.02339143783621
2024-03,category2,Household / Pet food and care,Paper,ALL,WATSONS,12,7,0.5833333333333334,12.083333333333334,31,0.3897849462365592,0.14238485550731086,0.1431028277634961,12.0,103.69189792687527
2024-03,category2,Household / Pet food and care,Paper,ALL,WELLCOME,35,33,0.9428571428571428,20.34285714285714,31,0.656221198156682,0.20426852717880858,0.18478260869565216,35.0,99.99603476916974
2024-03,category2,Household / Pet food and care,Pet care,ALL,JASONS,1,1,1.0,31.0,31,1.0,0.12346252030633559,0.10071942446043165,1.0,98.09030783614392
2024-03,category2,Household / Pet food and care,Pet care,ALL,PARKNSHOP,1,1,1.0,24.0,31,0.7741935483870968,0.10020267048164051,0.07725321888412025,1.0,103.81938432771216
2024-03,category2,Household / Pet food and care,Pet care,ALL,WELLCOME,1,1,1.0,31.0,31,1.0,0.12346252030633559,0.10071942446043165,1.0,98.09030783614392
2024-03,category2,Household / Pet food and care,Pet food,ALL,AEON,6,0,0.0,0.0,31,0.0,,,6.0,108.61039803801238
2024-03,category2,Household / Pet food and care,Pet food,ALL,JASONS,13,10,0.7692307692307693,23.53846153846154,31,0.7593052109181142,0.2002400964440067,0.16287464812054978,13.0,100.83528484632625
2024-03,category2,Household / Pet food and care,Pet food,ALL,PARKNSHOP,16,12,0.75,20.75,31,0.6693548387096774,0.2833105359883843,0.24839480874316938,13.0,96.12228109363028
2024-03,category2,Household / Pet food and care,Pet food,ALL,WELLCOME,13,10,0.7692307692307693,23.53846153846154,31,0.7593052109181142,0.19878895176411226,0.16287464812054978,13.0,100.65299671810406
2024-03,category2,Household / Pet food and care,Wraps / Food bags / Foil,ALL,JASONS,13,2,0.15384615384615385,0.6923076923076923,31,0.022332506203473945,0.10445468509984639,0.10445468509984639,13.0,99.7189507386902
2024-03,category2,Household / Pet food and care,Wraps / Food bags / Foil,ALL,PARKNSHOP,13,2,0.15384615384615385,0.7692307692307693,31,0.02481389578163772,0.17086165693728286,0.17498180579427383,9.0,99.12885227168525
2024-03,category2,Household / Pet food and care,Wraps / Food bags / Foil,ALL,WATSONS,5,0,0.0,0.0,31,0.0,,,5.0,103.18206333307648
2024-03,category2,Household / Pet food and care,Wraps / Food bags / Foil,ALL,WELLCOME,13,2,0.15384615384615385,0.6923076923076923,31,0.022332506203473945,0.10445468509984639,0.10445468509984639,13.0,99.68030747159519
2024-03,category2,Milk powder / Baby care,Adult milk powder,ALL,JASONS,16,7,0.4375,6.3125,31,0.20362903225806453,0.24487898348454126,0.2857142857142857,16.0,98.82063203621267
2024-03,category2,Milk powder / Baby care,Adult milk powder,ALL,MANNINGS,14,4,0.2857142857142857,2.2142857142857144,31,0.07142857142857144,0.24217673671556625,0.25583153347732185,14.0,99.41080185050902
2024-03,category2,Milk powder / Baby care,Adult milk powder,ALL,PARKNSHOP,17,6,0.35294117647058826,3.5294117647058822,31,0.11385199240986717,0.23569275006964485,0.24868867633446468,17.0,102.04970534385357
2024-03,category2,Milk powder / Baby care,Adult milk powder,ALL,WATSONS,20,3,0.15,2.2,31,0.07096774193548387,0.1752502755899621,0.15704387990762128,18.0,100.63580344332486
2024-03,category2,Milk powder / Baby care,Adult milk powder,ALL,WELLCOME,16,7,0.4375,6.3125,31,0.20362903225806453,0.24449501606916746,0.2857142857142857,16.0,98.66469084696283
2024-03,category2,Milk powder / Baby care,Baby foods / Infant foods,ALL,JASONS,6,0,0.0,0.0,31,0.0,,,6.0,113.61930791114428
2024-03,category2,Milk powder / Baby care,Baby foods / Infant foods,ALL,MANNINGS,9,9,1.0,25.77777777777778,31,0.8315412186379929,0.25,0.25,8.0,90.45519313850328
2024-03,category2,Milk powder / Baby care,Baby foods / Infant foods,ALL,PARKNSHOP,15,11,0.7333333333333333,20.266666666666666,31,0.653763440860215,0.3003895918234333,0.33277591973244147,14.0,104.4969291517144
2024-03,category2,Milk powder / Baby care,Baby foods / Infant foods,ALL,WATSONS,14,14,1.0,27.142857142857142,31,0.8755760368663594,0.25,0.25,13.0,91.2428801267378
2024-03,category2,Milk powder / Baby care,Baby foods / Infant foods,ALL,WELLCOME,4,0,0.0,0.0,31,0.0,,,4.0,109.94963435883756
2024-03,category2,Milk powder / Baby care,Baby products,ALL,AEON,10,5,0.5,11.2,31,0.36129032258064514,0.22041373052727914,0.20034482758620686,7.0,93.76385063445913
2024-03,category2,Milk powder / Baby care,Baby products,ALL,JASONS,13,9,0.6923076923076923,8.0,31,0.25806451612903225,0.1721326115074485,0.2,13.0,100.52781946508433
2024-03,category2,Milk powder / Baby care,Baby products,ALL,MANNINGS,13,10,0.7692307692307693,14.384615384615385,31,0.4640198511166253,0.17826233275957332,0.11313143939393944,12.0,99.58958753085787
2024-03,category2,Milk powder / Baby care,Baby products,ALL,PARKNSHOP,17,12,0.7058823529411765,11.411764705882353,31,0.3681214421252372,0.1552673812576859,0.15226015132408577,16.0,98.15981760708091
2024-03,category2,Milk powder / Baby care,Baby products,ALL,WATSONS,24,12,0.5,3.7083333333333335,31,0.1196236559139785,0.17903521002561737,0.2,20.0,103.66082129996627
2024-03,category2,Milk powder / Baby care,Baby products,ALL,WELLCOME,12,9,0.75,8.666666666666666,31,0.27956989247311825,0.17084214272066836,0.2,12.0,100.38209017414484
2024-03,category2,Milk powder / Baby care,Infant formula / Growing-up formula,ALL,JASONS,31,6,0.1935483870967742,1.5806451612903225,31,0.0509885535900104,0.13094686631426392,0.11964513946319826,31.0,99.98474039999073
2024-03,category2,Milk powder / Baby care,Infant formula / Growing-up formula,ALL,MANNINGS,62,10,0.16129032258064516,1.7096774193548387,31,0.05515088449531738,0.191,0.14999999999999997,62.0,100.77509585026738
2024-03,category2,Milk powder / Baby care,Infant formula / Growing-up formula,ALL,PARKNSHOP,48,13,0.2708333333333333,3.0416666666666665,31,0.09811827956989247,0.1445816492590684,0.1201923076923077,47.0,100.05215084506914
2024-03,category2,Milk powder / Baby care,Infant formula / Growing-up formula,ALL,WATSONS,60,8,0.13333333333333333,0.9666666666666667,31,0.03118279569892473,0.5140791515408906,0.375,59.0,99.17619597297794
2024-03,category2,Milk powder / Baby care,Infant formula / Growing-up formula,ALL,WELLCOME,34,6,0.17647058823529413,1.4411764705882353,31,0.046489563567362426,0.13094686631426392,0.11964513946319826,34.0,99.9501950430372
2024-03,category2,Milk powder / Baby care,Pregnant women's milk powder,ALL,JASONS,2,0,0.0,0.0,31,0.0,,,2.0,100.0
2024-03,category2,Milk powder / Baby care,Pregnant women's milk powder,ALL,MANNINGS,2,0,0.0,0.0,31,0.0,,,2.0,100.0
2024-03,category2,Milk powder / Baby care,Pregnant women's milk powder,ALL,WATSONS,3,0,0.0,0.0,31,0.0,,,3.0,100.0
2024-03,category2,Milk powder / Baby care,Pregnant women's milk powder,ALL,WELLCOME,2,0,0.0,0.0,31,0.0,,,2.0,100.0
2024-03,category2,Noodles / Cooking needs / Processed food (cold),Baking needs / Wheat flour,ALL,JASONS,13,2,0.15384615384615385,1.4615384615384615,31,0.047146401985111656,0.3786781609195402,0.3793103448275862,13.0,98.40430874385278
2024-03,category2,Noodles / Cooking needs / Processed food (cold),Baking needs / Wheat flour,ALL,PARKNSHOP,13,4,0.3076923076923077,3.8461538461538463,31,0.12406947890818859,0.39523260284505957,0.40484429065743943,9.0,104.74287050651729
2024-03,category2,Noodles / Cooking needs / Processed food (cold),Baking needs / Wheat flour,ALL,WELLCOME,13,2,0.15384615384615385,1.4615384615384615,31,0.047146401985111656,0.3793103448275862,0.3793103448275862,13.0,98.32819557652537
2024-03,category2,Noodles / Cooking needs / Processed food (cold),Condiments & sauces / Cooking needs,ALL,DCHFOOD,6,0,0.0,0.0,31,0.0,,,6.0,93.26246722920217
2024-03,category2,Noodles / Cooking needs / Processed food (cold),Condiments & sauces / Cooking needs,ALL,JASONS,135,50,0.37037037037037035,5.659259259259259,31,0.18255675029868576,0.2716304250960141,0.2677875243664717,135.0,100.65344811085527
2024-03,category2,Noodles / Cooking needs / Processed food (cold),Condiments & sauces / Cooking needs,ALL,PARKNSHOP,132,60,0.45454545454545453,8.484848484848484,31,0.27370478983382207,0.2896624498863762,0.24008733624454148,97.0,98.58777887201984
2024-03,category2,Noodles / Cooking needs / Processed food (cold),Condiments & sauces / Cooking needs,ALL,WELLCOME,135,50,0.37037037037037035,5.651851851851852,31,0.1823178016726404,0.27150021143757774,0.27564732874467385,135.0,100.60211001269788
2024-03,category2,Noodles / Cooking needs / Processed food (cold),Frozen / Chilled processed food,ALL,JASONS,71,55,0.7746478873239436,16.380281690140844,31,0.5283961835529305,0.30583352063478514,0.3,70.0,99.3684729579358
2024-03,category2,Noodles / Cooking needs / Processed food (cold),Frozen / Chilled processed food,ALL,PARKNSHOP,47,40,0.851063829787234,14.680851063829786,31,0.4735758407687028,0.25435766501492474,0.25925925925925924,38.0,102.35980439209169
2024-03,category2,Noodles / Cooking needs / Processed food (cold),Frozen / Chilled processed food,ALL,WELLCOME,70,55,0.7857142857142857,16.62857142857143,31,0.5364055299539171,0.30577328583557156,0.3,70.0,99.31258986620752
2024-03,category2,Noodles / Cooking needs / Processed food (cold),Instant noodles,ALL,DCHFOOD,7,0,0.0,0.0,31,0.0,,,7.0,116.35006809322401
2024-03,category2,Noodles / Cooking needs / Processed food (cold),Instant noodles,ALL,JASONS,28,25,0.8928571428571429,24.357142857142858,31,0.7857142857142857,0.26462971842386873,0.2857142857142857,28.0,97.28438258357828
2024-03,category2,Noodles / Cooking needs / Processed food (cold),Instant noodles,ALL,PARKNSHOP,37,34,0.918918918918919,20.594594594594593,31,0.6643417611159547,0.25594280032564043,0.2714265542514479,26.0,101.32884218775632
2024-03,category2,Noodles / Cooking needs / Processed food (cold),Instant noodles,ALL,WELLCOME,27,24,0.8888888888888888,24.37037037037037,31,0.7861409796893668,0.25839063367092996,0.26785714285714285,27.0,97.27831356149427
2024-03,category2,Noodles / Cooking needs / Processed food (cold),Non-instant Italian pasta,ALL,DCHFOOD,4,0,0.0,0.0,31,0.0,,,4.0,105.19730356238843
2024-03,category2,Noodles / Cooking needs / Processed food (cold),Non-instant Italian pasta,ALL,JASONS,11,10,0.9090909090909091,18.181818181818183,31,0.5865102639296188,0.24864655325181637,0.2980769230769231,11.0,96.94300570384289
2024-03,category2,Noodles / Cooking needs / Processed food (cold),Non-instant Italian pasta,ALL,PARKNSHOP,15,7,0.4666666666666667,8.466666666666667,31,0.2731182795698925,0.21435441445467449,0.22602739726027396,9.0,105.10960755555163
2024-03,category2,Noodles / Cooking needs / Processed food (cold),Non-instant Italian pasta,ALL,WELLCOME,11,10,0.9090909090909091,18.181818181818183,31,0.5865102639296188,0.2469322782480677,0.2980769230769231,11.0,96.94300570384289
2024-03,category2,Noodles / Cooking needs / Processed food (cold),Non-instant oriental noodles,ALL,JASONS,6,4,0.6666666666666666,16.0,31,0.5161290322580645,0.37390215229545026,0.3684210526315789,6.0,101.36115741341496
2024-03,category2,Noodles / Cooking needs / Processed food (cold),Non-instant oriental noodles,ALL,PARKNSHOP,14,7,0.5,14.285714285714286,31,0.4608294930875576,0.25123015142208394,0.20652173913043487,6.0,97.2776851731701
2024-03,category2,Noodles / Cooking needs / Processed food (cold),Non-instant oriental noodles,ALL,WELLCOME,6,4,0.6666666666666666,16.0,31,0.5161290322580645,0.3735591638370119,0.3684210526315789,6.0,101.36115741341496
2024-03,category2,Noodles / Cooking needs / Processed food (cold),Udon noodles,ALL,DCHFOOD,1,0,0.0,0.0,31,0.0,,,,
2024-03,category2,Noodles / Cooking needs / Processed food (cold),Udon noodles,ALL,PARKNSHOP,1,0,0.0,0.0,31,0.0,,,,
2024-03,category2,Personal care,Adult diapers / diaper pants,ALL,JASONS,4,3,0.75,15.75,31,0.5080645161290323,0.2291666666666666,0.2499999999999999,4.0,98.49177823755997
2024-03,category2,Personal care,Adult diapers / diaper pants,ALL,MANNINGS,10,4,0.4,9.2,31,0.2967741935483871,0.22753497466402292,0.2411516853932584,10.0,98.85136418919612
2024-03,category2,Personal care,Adult diapers / diaper pants,ALL,PARKNSHOP,11,2,0.18181818181818182,3.909090909090909,31,0.12609970674486803,0.2740858639730436,0.27621682096645694,10.0,101.3328230784462
2024-03,category2,Personal care,Adult diapers / diaper pants,ALL,WATSONS,12,3,0.25,4.666666666666667,31,0.15053763440860216,0.2691311612364244,0.24999999999999994,12.0,100.82686954919369
2024-03,category2,Personal care,Adult diapers / diaper pants,ALL,WELLCOME,7,3,0.42857142857142855,9.0,31,0.2903225806451613,0.2294117647058823,0.2499999999999999,7.0,99.06003107474817
2024-03,category2,Personal care,Antiperspirants / Deodorants,ALL,JASONS,10,8,0.8,4.4,31,0.14193548387096774,0.25022871552052045,0.25,10.0,96.56684956407389
2024-03,category2,Personal care,Antiperspirants / Deodorants,ALL,MANNINGS,10,4,0.4,5.6,31,0.18064516129032257,0.24999999999999994,0.24999999999999994,10.0,97.62485569440372
2024-03,category2,Personal care,Antiperspirants / Deodorants,ALL,PARKNSHOP,12,0,0.0,0.0,31,0.0,,,12.0,106.35359548880079
2024-03,category2,Personal care,Antiperspirants / Deodorants,ALL,WATSONS,13,7,0.5384615384615384,6.153846153846154,31,0.19851116625310175,0.2357142857142857,0.24999999999999994,12.0,100.2300291766562
2024-03,category2,Personal care,Antiperspirants / Deodorants,ALL,WELLCOME,9,7,0.7777777777777778,4.666666666666667,31,0.15053763440860216,0.25014943215780033,0.25,9.0,96.57472084713302
2024-03,category2,Personal care,Bathing lotions / Liquid soap / Soap,ALL,JASONS,17,11,0.6470588235294118,8.176470588235293,31,0.2637571157495256,0.24096633750945193,0.25,17.0,99.99805527526871
2024-03,category2,Personal care,Bathing lotions / Liquid soap / Soap,ALL,MANNINGS,9,1,0.1111111111111111,1.7777777777777777,31,0.05734767025089606,0.5,0.5,9.0,95.53923192444282
2024-03,category2,Personal care,Bathing lotions / Liquid soap / Soap,ALL,PARKNSHOP,22,8,0.36363636363636365,6.0,31,0.1935483870967742,0.25535925948164123,0.24003856041131105,17.0,101.01237556975458
2024-03,category2,Personal care,Bathing lotions / Liquid soap / Soap,ALL,WATSONS,15,6,0.4,3.066666666666667,31,0.09892473118279571,0.2638890577507599,0.25,13.0,102.45931718343361
2024-03,category2,Personal care,Bathing lotions / Liquid soap / Soap,ALL,WELLCOME,17,11,0.6470588235294118,8.235294117647058,31,0.2656546489563567,0.24103371096614817,0.25,17.0,99.88638899024558
2024-03,category2,Personal care,Contraceptives,ALL,JASONS,15,5,0.3333333333333333,3.0,31,0.0967741935483871,0.25,0.25,15.0,98.0377601203748
2024-03,category2,Personal care,Contraceptives,ALL,MANNINGS,10,6,0.6,7.6,31,0.24516129032258063,0.35833333333333334,0.375,10.0,98.55653827839993
2024-03,category2,Personal care,Contraceptives,ALL,PARKNSHOP,11,3,0.2727272727272727,3.909090909090909,31,0.12609970674486803,0.28412096251842284,0.3117831074035454,11.0,107.83400726042835
2024-03,category2,Personal care,Contraceptives,ALL,WATSONS,18,6,0.3333333333333333,2.7222222222222223,31,0.0878136200716846,0.25,0.25,17.0,99.2509423951082
2024-03,category2,Personal care,Contraceptives,ALL,WELLCOME,15,5,0.3333333333333333,3.0,31,0.0967741935483871,0.25,0.25,15.0,97.96385656207333
2024-03,category2,Personal care,Drugs / Herbs,ALL,JASONS,19,2,0.10526315789473684,0.15789473684210525,31,0.005093378607809847,0.11550847457627124,0.11550847457627124,19.0,102.58361542809705
2024-03,category2,Personal care,Drugs / Herbs,ALL,MANNINGS,26,10,0.38461538461538464,7.8076923076923075,31,0.2518610421836228,0.16399622537609695,0.1497058823529412,26.0,96.65167852328541
2024-03,category2,Personal care,Drugs / Herbs,ALL,PARKNSHOP,25,7,0.28,6.04,31,0.19483870967741937,0.08953000608020713,0.06779661016949153,22.0,100.81351654382742
2024-03,category2,Personal care,Drugs / Herbs,ALL,WATSONS,36,9,0.25,4.138888888888889,31,0.1335125448028674,0.15939111195170205,0.15000000000000005,29.0,99.9178836759393
2024-03,category2,Personal care,Drugs / Herbs,ALL,WELLCOME,20,3,0.15,0.2,31,0.0064516129032258064,0.11720172814888673,0.12058823529411769,20.0,101.33328707511073
2024-03,category2,Personal care,Feminine care,ALL,JASONS,22,14,0.6363636363636364,12.636363636363637,31,0.40762463343108507,0.2845859650892904,0.29166666666666663,22.0,99.21768885811933
2024-03,category2,Personal care,Feminine care,ALL,MANNINGS,22,20,0.9090909090909091,10.090909090909092,31,0.32551319648093846,0.43014104652128793,0.5,22.0,98.77017023070725
2024-03,category2,Personal care,Feminine care,ALL,PARKNSHOP,40,33,0.825,9.075,31,0.29274193548387095,0.3052678570750224,0.33333237822349565,37.0,100.96734309036106
2024-03,category2,Personal care,Feminine care,ALL,WATSONS,38,26,0.6842105263157895,6.947368421052632,31,0.22410865874363328,0.3091709669820304,0.25,36.0,100.78970524461057
2024-03,category2,Personal care,Feminine care,ALL,WELLCOME,21,14,0.6666666666666666,13.238095238095237,31,0.42703533026113666,0.28433412431586774,0.29166666666666663,21.0,98.61770187235062
2024-03,category2,Personal care,First aid,ALL,JASONS,3,0,0.0,0.0,31,0.0,,,3.0,111.64425195445966
2024-03,category2,Personal care,First aid,ALL,MANNINGS,1,0,0.0,0.0,31,0.0,,,1.0,87.00209643605871
2024-03,category2,Personal care,First aid,ALL,PARKNSHOP,3,0,0.0,0.0,31,0.0,,,3.0,97.47103394733286
2024-03,category2,Personal care,First aid,ALL,WATSONS,4,1,0.25,7.75,31,0.25,0.5,0.5,2.0,80.25910419464412
2024-03,category2,Personal care,First aid,ALL,WELLCOME,3,0,0.0,0.0,31,0.0,,,3.0,111.64425195445966
2024-03,category2,Personal care,Hair care,ALL,JASONS,20,16,0.8,10.95,31,0.3532258064516129,0.24752187571047815,0.25,20.0,102.20390684143901
2024-03,category2,Personal care,Hair care,ALL,MANNINGS,18,17,0.9444444444444444,20.38888888888889,31,0.6577060931899642,0.33736562704205214,0.5,16.0,89.45361969680938
2024-03,category2,Personal care,Hair care,ALL,PARKNSHOP,30,14,0.4666666666666667,6.533333333333333,31,0.210752688172043,0.21738873537265513,0.2028985507246377,26.0,104.23326835547981
2024-03,category2,Personal care,Hair care,ALL,WATSONS,28,22,0.7857142857142857,13.714285714285714,31,0.44239631336405527,0.216557135024708,0.25,26.0,98.4420745237449
2024-03,category2,Personal care,Hair care,ALL,WELLCOME,21,16,0.7619047619047619,10.428571428571429,31,0.33640552995391704,0.2464823091782201,0.25,21.0,101.55705865818543
2024-03,category2,Personal care,Hand sanitation,ALL,JASONS,3,3,1.0,17.0,31,0.5483870967741935,0.24936723557413212,0.25,3.0,99.47191802099347
2024-03,category2,Personal care,Hand sanitation,ALL,MANNINGS,2,1,0.5,11.0,31,0.3548387096774194,0.3333318777292576,0.3333318777292576,2.0,95.70990295596995
2024-03,category2,Personal care,Hand sanitation,ALL,PARKNSHOP,2,2,1.0,12.0,31,0.3870967741935484,0.41057671033478893,0.41666593886462877,1.0,99.96112147538332
2024-03,category2,Personal care,Hand sanitation,ALL,WATSONS,4,3,0.75,4.5,31,0.14516129032258066,0.2477772925764192,0.205,3.0,105.02985431139038
2024-03,category2,Personal care,Hand sanitation,ALL,WELLCOME,3,3,1.0,17.0,31,0.5483870967741935,0.24764309764309766,0.25,3.0,98.81346913485758
2024-03,category2,Personal care,Health protection products,ALL,PARKNSHOP,2,2,1.0,31.0,31,1.0,0.33333294786096257,0.33333294786096257,1.0,98.87643289987841
2024-03,category2,Personal care,Health protection products,ALL,WATSONS,1,1,1.0,31.0,31,1.0,0.4995829858215179,0.49958298582151794,1.0,101.1235671001216
2024-03,category2,Personal care,Health supplements / Dietary supplements,ALL,AEON,1,0,0.0,0.0,31,0.0,,,1.0,104.95090172478683
2024-03,category2,Personal care,Health supplements / Dietary supplements,ALL,JASONS,10,4,0.4,1.2,31,0.03870967741935484,0.21166525183927562,0.20403225806451614,10.0,99.83510681410628
2024-03,category2,Personal care,Health supplements / Dietary supplements,ALL,MANNINGS,19,12,0.631578947368421,9.631578947368421,31,0.31069609507640067,0.2868002946127946,0.24999999999999994,13.0,93.68460055661237
2024-03,category2,Personal care,Health supplements / Dietary supplements,ALL,PARKNSHOP,12,4,0.3333333333333333,3.8333333333333335,31,0.12365591397849462,0.1994085657739409,0.2062672811059908,11.0,105.06753715870143
2024-03,category2,Personal care,Health supplements / Dietary supplements,ALL,WATSONS,25,15,0.6,7.72,31,0.24903225806451612,0.24402415181737638,0.25,18.0,100.17008224177117
2024-03,category2,Personal care,Health supplements / Dietary supplements,ALL,WELLCOME,11,4,0.36363636363636365,1.0909090909090908,31,0.03519061583577712,0.21137281779248618,0.20359366157328807,11.0,98.86862571637253
2024-03,category2,Personal care,Medical equipment,ALL,MANNINGS,1,0,0.0,0.0,31,0.0,,,1.0,102.40650814413964
2024-03,category2,Personal care,Medical equipment,ALL,PARKNSHOP,2,0,0.0,0.0,31,0.0,,,2.0,98.87318358681196
2024-03,category2,Personal care,Medical equipment,ALL,WATSONS,3,1,0.3333333333333333,1.0,31,0.03225806451612903,0.6,0.6,2.0,98.90788027988665
2024-03,category2,Personal care,Men's care,ALL,JASONS,15,5,0.3333333333333333,1.3333333333333333,31,0.04301075268817204,0.17257216362233083,0.13043478260869565,15.0,100.40284042547923
2024-03,category2,Personal care,Men's care,ALL,MANNINGS,2,0,0.0,0.0,31,0.0,,,1.0,99.68839802282348
2024-03,category2,Personal care,Men's care,ALL,PARKNSHOP,4,0,0.0,0.0,31,0.0,,,4.0,123.87337731757523
2024-03,category2,Personal care,Men's care,ALL,WATSONS,11,11,1.0,7.090909090909091,31,0.2287390029325513,0.19999999999999998,0.19999999999999998,10.0,92.42894727788588
2024-03,category2,Personal care,Men's care,ALL,WELLCOME,15,5,0.3333333333333333,1.3333333333333333,31,0.04301075268817204,0.17257216362233083,0.13043478260869565,15.0,100.40284042547923
2024-03,category2,Personal care,Oral care,ALL,AEON,1,0,0.0,0.0,31,0.0,,,1.0,107.81752290595617
2024-03,category2,Personal care,Oral care,ALL,JASONS,18,7,0.3888888888888889,4.5,31,0.14516129032258066,0.26511175096881023,0.25,18.0,99.97647982783269
2024-03,category2,Personal care,Oral care,ALL,MANNINGS,16,9,0.5625,6.8125,31,0.21975806451612903,0.2794059483649491,0.3333333333333333,14.0,96.3495888234667
2024-03,category2,Personal care,Oral care,ALL,PARKNSHOP,33,18,0.5454545454545454,5.545454545454546,31,0.17888563049853373,0.3346653593271662,0.3558763931104357,24.0,101.41578018550096
2024-03,category2,Personal care,Oral care,ALL,WATSONS,28,17,0.6071428571428571,5.0,31,0.16129032258064516,0.33921069636708057,0.26953907815631256,25.0,101.09089026380028
2024-03,category2,Personal care,Oral care,ALL,WELLCOME,18,8,0.4444444444444444,4.555555555555555,31,0.14695340501792115,0.2632227862615997,0.25,18.0,99.53596589822826
2024-03,category2,Personal care,Skin care,ALL,AEON,1,0,0.0,0.0,31,0.0,,,1.0,106.56716417910448
2024-03,category2,Personal care,Skin care,ALL,JASONS,17,7,0.4117647058823529,4.0,31,0.12903225806451613,0.206056300670987,0.21985714285714286,17.0,102.34599403348747
2024-03,category2,Personal care,Skin care,ALL,MANNINGS,23,19,0.8260869565217391,11.565217391304348,31,0.37307152875175315,0.36223631138323226,0.5,21.0,95.14593076682694
2024-03,category2,Personal care,Skin care,ALL,PARKNSHOP,27,5,0.18518518518518517,3.4814814814814814,31,0.11230585424133811,0.2261229520945886,0.2554200542005419,23.0,101.3555185633353
2024-03,category2,Personal care,Skin care,ALL,WATSONS,54,24,0.4444444444444444,5.796296296296297,31,0.1869772998805257,0.25100140926671777,0.25,37.0,101.86034016792635
2024-03,category2,Personal care,Skin care,ALL,WELLCOME,15,7,0.4666666666666667,4.533333333333333,31,0.14623655913978495,0.2069399098154657,0.21985714285714286,15.0,101.2981767608522
2024-03,category2,Personal care,Wet wipes,ALL,AEON,1,0,0.0,0.0,31,0.0,,,,
2024-03,category2,Personal care,Wet wipes,ALL,JASONS,1,0,0.0,0.0,31,0.0,,,1.0,100.0
2024-03,category2,Personal care,Wet wipes,ALL,PARKNSHOP,1,0,0.0,0.0,31,0.0,,,1.0,100.0
2024-03,category2,Personal care,Wet wipes,ALL,WATSONS,1,0,0.0,0.0,31,0.0,,,1.0,100.0
2024-03,category2,Personal care,Wet wipes,ALL,WELLCOME,1,0,0.0,0.0,31,0.0,,,1.0,100.0
2024-03,category2,Personal care,Women's hair removers,ALL,JASONS,1,1,1.0,2.0,31,0.06451612903225806,0.13043478260869565,0.13043478260869565,1.0,100.0
2024-03,category2,Personal care,Women's hair removers,ALL,WATSONS,1,0,0.0,0.0,31,0.0,,,,
2024-03,category2,Personal care,Women's hair removers,ALL,WELLCOME,1,1,1.0,2.0,31,0.06451612903225806,0.13043478260869565,0.13043478260869565,1.0,100.0
2024-03,category2,Rice / Oil / Canned food / Fruits / Vegetables / Meat,Aseptically packaged food,ALL,DCHFOOD,2,0,0.0,0.0,31,0.0,,,2.0,92.27780696830567
2024-03,category2,Rice / Oil / Canned food / Fruits / Vegetables / Meat,Aseptically packaged food,ALL,JASONS,2,2,1.0,22.0,31,0.7096774193548387,0.19734195402298849,0.16666666666666666,2.0,104.9370652540114
2024-03,category2,Rice / Oil / Canned food / Fruits / Vegetables / Meat,Aseptically packaged food,ALL,PARKNSHOP,2,2,1.0,30.0,31,0.967741935483871,0.34973593483006493,0.3322147651006712,2.0,97.8480625236715
2024-03,category2,Rice / Oil / Canned food / Fruits / Vegetables / Meat,Aseptically packaged food,ALL,WELLCOME,2,2,1.0,22.0,31,0.7096774193548387,0.19015804597701147,0.16666666666666666,2.0,104.9370652540114
2024-03,category2,Rice / Oil / Canned food / Fruits / Vegetables / Meat,Canned food,ALL,DCHFOOD,19,0,0.0,0.0,31,0.0,,,17.0,97.86454245203463
2024-03,category2,Rice / Oil / Canned food / Fruits / Vegetables / Meat,Canned food,ALL,JASONS,72,38,0.5277777777777778,9.75,31,0.31451612903225806,0.29202130548110683,0.3137089991589571,71.0,100.90136506670684
2024-03,category2,Rice / Oil / Canned food / Fruits / Vegetables / Meat,Canned food,ALL,PARKNSHOP,72,57,0.7916666666666666,18.458333333333332,31,0.5954301075268816,0.23558670142388713,0.1897018970189702,54.0,98.17275031503443
2024-03,category2,Rice / Oil / Canned food / Fruits / Vegetables / Meat,Canned food,ALL,WELLCOME,71,38,0.5352112676056338,9.887323943661972,31,0.31894593366651525,0.29055419722293313,0.3013937282229965,71.0,100.89904938504051
2024-03,category2,Rice / Oil / Canned food / Fruits / Vegetables / Meat,Chilled / Fresh meat,ALL,JASONS,2,0,0.0,0.0,31,0.0,,,1.0,100.0
2024-03,category2,Rice / Oil / Canned food / Fruits / Vegetables / Meat,Chilled / Fresh meat,ALL,WELLCOME,1,0,0.0,0.0,31,0.0,,,1.0,100.0
2024-03,category2,Rice / Oil / Canned food / Fruits / Vegetables / Meat,Edible oil / Cooking oil,ALL,DCHFOOD,7,0,0.0,0.0,31,0.0,,,5.0,99.29210285186056
2024-03,category2,Rice / Oil / Canned food / Fruits / Vegetables / Meat,Edible oil / Cooking oil,ALL,JASONS,31,1,0.03225806451612903,0.22580645161290322,31,0.0072840790842872,0.33333375,0.33333375,31.0,100.1906039911155
2024-03,category2,Rice / Oil / Canned food / Fruits / Vegetables / Meat,Edible oil / Cooking oil,ALL,PARKNSHOP,64,14,0.21875,1.515625,31,0.04889112903225806,0.36944444444444446,0.5,19.0,99.55615494879542
2024-03,category2,Rice / Oil / Canned food / Fruits / Vegetables / Meat,Edible oil / Cooking oil,ALL,WELLCOME,31,1,0.03225806451612903,0.22580645161290322,31,0.0072840790842872,0.33333375,0.33333375,31.0,100.1906039911155
2024-03,category2,Rice / Oil / Canned food / Fruits / Vegetables / Meat,Fresh fruits,ALL,JASONS,7,6,0.8571428571428571,9.142857142857142,31,0.29493087557603687,0.20949416615771135,0.23106363636363633,6.0,100.05431598295034
2024-03,category2,Rice / Oil / Canned food / Fruits / Vegetables / Meat,Fresh fruits,ALL,PARKNSHOP,8,5,0.625,18.625,31,0.6008064516129032,0.2251574468305985,0.2146949152542373,,
2024-03,category2,Rice / Oil / Canned food / Fruits / Vegetables / Meat,Fresh fruits,ALL,WELLCOME,6,5,0.8333333333333334,10.166666666666666,31,0.3279569892473118,0.1932405872162485,0.25,6.0,99.94568401704969
2024-03,category2,Rice / Oil / Canned food / Fruits / Vegetables / Meat,Fresh vegetables,ALL,JASONS,16,1,0.0625,1.9375,31,0.0625,0.26699950372208436,0.23846153846153845,15.0,100.02506728429164
2024-03,category2,Rice / Oil / Canned food / Fruits / Vegetables / Meat,Fresh vegetables,ALL,PARKNSHOP,14,1,0.07142857142857142,2.2142857142857144,31,0.07142857142857144,0.18872170585019138,0.2146949152542373,,
2024-03,category2,Rice / Oil / Canned food / Fruits / Vegetables / Meat,Fresh vegetables,ALL,WELLCOME,15,1,0.06666666666666667,2.066666666666667,31,0.06666666666666668,0.2702253101736972,0.28718461538461537,15.0,99.97493271570833
2024-03,category2,Rice / Oil / Canned food / Fruits / Vegetables / Meat,Frozen meat / poultry,ALL,JASONS,4,2,0.5,2.0,31,0.06451612903225806,0.17285541335178134,0.17285541335178134,4.0,99.22883360309366
2024-03,category2,Rice / Oil / Canned food / Fruits / Vegetables / Meat,Frozen meat / poultry,ALL,PARKNSHOP,2,1,0.5,8.0,31,0.25806451612903225,0.2628205128205128,0.317094017094017,1.0,97.05082953900713
2024-03,category2,Rice / Oil / Canned food / Fruits / Vegetables / Meat,Frozen meat / poultry,ALL,WELLCOME,4,2,0.5,2.0,31,0.06451612903225806,0.17285541335178134,0.17285541335178134,4.0,101.3448711538915
2024-03,category2,Rice / Oil / Canned food / Fruits / Vegetables / Meat,Frozen seafood,ALL,JASONS,3,2,0.6666666666666666,10.0,31,0.3225806451612903,0.12526703888532317,0.1276782858970259,3.0,100.16384434283295
2024-03,category2,Rice / Oil / Canned food / Fruits / Vegetables / Meat,Frozen seafood,ALL,PARKNSHOP,4,4,1.0,6.0,31,0.1935483870967742,0.2289723617569095,0.190739856489688,,
2024-03,category2,Rice / Oil / Canned food / Fruits / Vegetables / Meat,Frozen seafood,ALL,WELLCOME,3,2,0.6666666666666666,10.333333333333334,31,0.33333333333333337,0.13112533153606867,0.1276782858970259,3.0,99.83615565716705
2024-03,category2,Rice / Oil / Canned food / Fruits / Vegetables / Meat,Frozen vegetables,ALL,JASONS,3,0,0.0,0.0,31,0.0,,,3.0,100.0
2024-03,category2,Rice / Oil / Canned food / Fruits / Vegetables / Meat,Frozen vegetables,ALL,PARKNSHOP,4,0,0.0,0.0,31,0.0,,,,
2024-03,category2,Rice / Oil / Canned food / Fruits / Vegetables / Meat,Frozen vegetables,ALL,WELLCOME,3,0,0.0,0.0,31,0.0,,,3.0,100.0
2024-03,category2,Rice / Oil / Canned food / Fruits / Vegetables / Meat,Previously frozen meat,ALL,JASONS,1,0,0.0,0.0,31,0.0,,,,
2024-03,category2,Rice / Oil / Canned food / Fruits / Vegetables / Meat,Rice,ALL,DCHFOOD,5,0,0.0,0.0,31,0.0,,,4.0,106.36704448697702
2024-03,category2,Rice / Oil / Canned food / Fruits / Vegetables / Meat,Rice,ALL,JASONS,24,0,0.0,0.0,31,0.0,,,24.0,99.76214083161966
2024-03,category2,Rice / Oil / Canned food / Fruits / Vegetables / Meat,Rice,ALL,PARKNSHOP,26,26,1.0,3.0,31,0.0967741935483871,0.05000000000000002,0.05000000000000003,6.0,97.53644501994324
2024-03,category2,Rice / Oil / Canned food / Fruits / Vegetables / Meat,Rice,ALL,WELLCOME,24,0,0.0,0.0,31,0.0,,,24.0,99.76214083161966
2024-01,category3,Bakery / Cereals / Spreads,Breads,Bread loaf,JASONS,14,0,0.0,0.0,31,0.0,,,14.0,100.88807339449542
2024-01,category3,Bakery / Cereals / Spreads,Breads,Bread loaf,PARKNSHOP,8,0,0.0,0.0,31,0.0,,,8.0,99.72160356347439
2024-01,category3,Bakery / Cereals / Spreads,Breads,Bread loaf,WELLCOME,15,0,0.0,0.0,31,0.0,,,14.0,99.25871559633028
2024-01,category3,Bakery / Cereals / Spreads,Breads,Bread rolls,JASONS,9,1,0.1111111111111111,3.4444444444444446,31,0.11111111111111112,0.23295454545454553,0.23295454545454553,9.0,101.20724346076457
2024-01,category3,Bakery / Cereals / Spreads,Breads,Bread rolls,PARKNSHOP,4,2,0.5,15.5,31,0.5,0.31818181818181823,0.31818181818181823,4.0,102.51021599532982
2024-01,category3,Bakery / Cereals / Spreads,Breads,Bread rolls,WELLCOME,9,2,0.2222222222222222,3.7777777777777777,31,0.12186379928315412,0.23529411764705882,0.23529411764705882,9.0,97.75452365380423
2024-01,category3,Bakery / Cereals / Spreads,Breads,Other bread,JASONS,1,0,0.0,0.0,31,0.0,,,1.0,102.27272727272727
2024-01,category3,Bakery / Cereals / Spreads,Breads,Other bread,PARKNSHOP,1,0,0.0,0.0,31,0.0,,,1.0,99.12587412587412
2024-01,category3,Bakery / Cereals / Spreads,Breads,Other bread,WELLCOME,1,0,0.0,0.0,31,0.0,,,1.0,98.6013986013986
2024-01,category3,Bakery / Cereals / Spreads,Breads,Pastry,JASONS,1,0,0.0,0.0,31,0.0,,,1.0,101.7094017094017
2024-01,category3,Bakery / Cereals / Spreads,Breads,Pastry,PARKNSHOP,1,0,0.0,0.0,31,0.0,,,1.0,100.42735042735043
2024-01,category3,Bakery / Cereals / Spreads,Breads,Pastry,WELLCOME,1,0,0.0,0.0,31,0.0,,,1.0,97.86324786324785
2024-01,category3,Bakery / Cereals / Spreads,Breakfast cereals,Corn flakes / Cereals / Muesli,JASONS,13,5,0.38461538461538464,4.615384615384615,31,0.1488833746898263,0.21581037478282453,0.21568627450980393,13.0,102.48550124850311
2024-01,category3,Bakery / Cereals / Spreads,Breakfast cereals,Corn flakes / Cereals / Muesli,PARKNSHOP,14,4,0.2857142857142857,5.428571428571429,31,0.1751152073732719,0.18559263192083492,0.16527196652719664,13.0,97.08127567359453
2024-01,category3,Bakery / Cereals / Spreads,Breakfast cereals,Corn flakes / Cereals / Muesli,WELLCOME,15,5,0.3333333333333333,4.0,31,0.12903225806451613,0.1378995433789954,0.1111111111111111,14.0,100.3642413812146
2024-01,category3,Bakery / Cereals / Spreads,Breakfast cereals,Instant oatmeal in sachets,JASONS,1,0,0.0,0.0,31,0.0,,,1.0,102.53721080450349
2024-01,category3,Bakery / Cereals / Spreads,Breakfast cereals,Instant oatmeal in sachets,PARKNSHOP,1,0,0.0,0.0,31,0.0,,,1.0,98.59144168860304
2024-01,category3,Bakery / Cereals / Spreads,Breakfast cereals,Instant oatmeal in sachets,WELLCOME,1,0,0.0,0.0,31,0.0,,,1.0,98.87134750689346
2024-01,category3,Bakery / Cereals / Spreads,Breakfast cereals,Instant oatmeals,DCHFOOD,1,0,0.0,0.0,31,0.0,,,1.0,113.60112755461591
2024-01,category3,Bakery / Cereals / Spreads,Breakfast cereals,Instant oatmeals,JASONS,1,1,1.0,26.0,31,0.8387096774193549,0.22613789719052874,0.3181818181818182,1.0,91.18485154885559
2024-01,category3,Bakery / Cereals / Spreads,Breakfast cereals,Instant oatmeals,PARKNSHOP,2,2,1.0,5.0,31,0.16129032258064516,0.19987943091391366,0.19302324362294376,2.0,101.56104533614196
2024-01,category3,Bakery / Cereals / Spreads,Breakfast cereals,Instant oatmeals,WELLCOME,2,1,0.5,13.0,31,0.41935483870967744,0.22613789719052874,0.3181818181818182,2.0,96.23562380688175
2024-01,category3,Bakery / Cereals / Spreads,Breakfast cereals,Quick cooking oatmeals,DCHFOOD,1,0,0.0,0.0,31,0.0,,,1.0,123.78969325243918
2024-01,category3,Bakery / Cereals / Spreads,Breakfast cereals,Quick cooking oatmeals,JASONS,1,1,1.0,25.0,31,0.8064516129032258,0.221244019138756,0.3181818181818182,1.0,88.14887606247363
2024-01,category3,Bakery / Cereals / Spreads,Breakfast cereals,Quick cooking oatmeals,PARKNSHOP,2,2,1.0,5.0,31,0.16129032258064516,0.19987943091391366,0.19302324362294376,2.0,99.79160395623163
2024-01,category3,Bakery / Cereals / Spreads,Breakfast cereals,Quick cooking oatmeals,WELLCOME,2,1,0.5,13.0,31,0.41935483870967744,0.22613789719052874,0.3181818181818182,2.0,94.6001332301849
2024-01,category3,Bakery / Cereals / Spreads,Breakfast cereals,Rolled oats,JASONS,2,1,0.5,13.0,31,0.41935483870967744,0.22613789719052874,0.3181818181818182,2.0,97.73948732085758
2024-01,category3,Bakery / Cereals / Spreads,Breakfast cereals,Rolled oats,PARKNSHOP,2,1,0.5,2.5,31,0.08064516129032258,0.24615384615384617,0.23244147157190634,2.0,105.67599714346485
2024-01,category3,Bakery / Cereals / Spreads,Breakfast cereals,Rolled oats,WELLCOME,2,1,0.5,13.0,31,0.41935483870967744,0.22613789719052874,0.3181818181818182,2.0,96.58451553567758
2024-01,category3,Bakery / Cereals / Spreads,Cakes,Chiffon cakes,JASONS,1,1,1.0,31.0,31,1.0,0.3179723502304147,0.2857142857142857,1.0,103.42116756441986
2024-01,category3,Bakery / Cereals / Spreads,Cakes,Chiffon cakes,WELLCOME,1,1,1.0,16.0,31,0.5161290322580645,0.33125000000000004,0.325,1.0,96.57883243558015
2024-01,category3,Bakery / Cereals / Spreads,Cakes,Chocolate pies / Chocolate cakes,DCHFOOD,2,0,0.0,0.0,31,0.0,,,2.0,87.75510204081634
2024-01,category3,Bakery / Cereals / Spreads,Cakes,Chocolate pies / Chocolate cakes,PARKNSHOP,2,0,0.0,0.0,31,0.0,,,2.0,112.24489795918369
2024-01,category3,Bakery / Cereals / Spreads,Cakes,Frozen cakes,JASONS,2,2,1.0,7.0,31,0.22580645161290322,0.2971360381861575,0.2971360381861575,2.0,108.48350535633593
2024-01,category3,Bakery / Cereals / Spreads,Cakes,Frozen cakes,PARKNSHOP,2,2,1.0,30.0,31,0.967741935483871,0.33067802271209085,0.39879759519038077,2.0,89.51735672028084
2024-01,category3,Bakery / Cereals / Spreads,Cakes,Frozen cakes,WELLCOME,1,1,1.0,7.0,31,0.22580645161290322,0.27283950617283953,0.27283950617283953,1.0,103.95870585178733
2024-01,category3,Bakery / Cereals / Spreads,Cakes,Sponge cakes,JASONS,4,3,0.75,18.0,31,0.5806451612903226,0.27561162079510704,0.26605504587155965,4.0,101.85037686475384
2024-01,category3,Bakery / Cereals / Spreads,Cakes,Sponge cakes,WELLCOME,4,3,0.75,11.0,31,0.3548387096774194,0.2684956247456247,0.2619047619047619,4.0,98.14962313524612
2024-01,category3,Bakery / Cereals / Spreads,Cakes,Swiss rolls,JASONS,2,2,1.0,19.0,31,0.6129032258064516,0.2731829573934837,0.2857142857142857,2.0,101.6909950657895
2024-01,category3,Bakery / Cereals / Spreads,Cakes,Swiss rolls,WELLCOME,2,2,1.0,17.5,31,0.5645161290322581,0.25,0.25,2.0,98.30900493421053
2024-01,category3,Bakery / Cereals / Spreads,Honey / Syrup,Honey,AEON,1,0,0.0,0.0,31,0.0,,,,
2024-01,category3,Bakery / Cereals / Spreads,Honey / Syrup,Honey,DCHFOOD,1,0,0.0,0.0,31,0.0,,,1.0,98.98084323592843
2024-01,category3,Bakery / Cereals / Spreads,Honey / Syrup,Honey,JASONS,18,0,0.0,0.0,31,0.0,,,18.0,102.54649610004986
2024-01,category3,Bakery / Cereals / Spreads,Honey / Syrup,Honey,PARKNSHOP,23,0,0.0,0.0,31,0.0,,,13.0,95.55095716837124
2024-01,category3,Bakery / Cereals / Spreads,Honey / Syrup,Honey,WELLCOME,17,0,0.0,0.0,31,0.0,,,17.0,100.6840846883956
2024-01,category3,Bakery / Cereals / Spreads,Honey / Syrup,Honey with syrup,JASONS,2,0,0.0,0.0,31,0.0,,,2.0,100.06439150032196
2024-01,category3,Bakery / Cereals / Spreads,Honey / Syrup,Honey with syrup,PARKNSHOP,2,0,0.0,0.0,31,0.0,,,2.0,99.8712169993561
2024-01,category3,Bakery / Cereals / Spreads,Honey / Syrup,Honey with syrup,WELLCOME,2,0,0.0,0.0,31,0.0,,,2.0,100.06439150032196
2024-01,category3,Bakery / Cereals / Spreads,Honey / Syrup,Syrup,PARKNSHOP,1,0,0.0,0.0,31,0.0,,,,
2024-01,category3,Bakery / Cereals / Spreads,Spreads,Fruit jams / Fruit preserves,AEON,1,0,0.0,0.0,31,0.0,,,,
2024-01,category3,Bakery / Cereals / Spreads,Spreads,Fruit jams / Fruit preserves,JASONS,4,0,0.0,0.0,31,0.0,,,4.0,100.37347561376035
2024-01,category3,Bakery / Cereals / Spreads,Spreads,Fruit jams / Fruit preserves,PARKNSHOP,4,1,0.25,1.75,31,0.056451612903225805,0.22222222222222218,0.2222222222222222,4.0,100.621075918677
2024-01,category3,Bakery / Cereals / Spreads,Spreads,Fruit jams / Fruit preserves,WELLCOME,4,0,0.0,0.0,31,0.0,,,4.0,99.0054484675627
2024-01,category3,Bakery / Cereals / Spreads,Spreads,Hazelnut spreads,JASONS,1,0,0.0,0.0,31,0.0,,,1.0,95.72153734590283
2024-01,category3,Bakery / Cereals / Spreads,Spreads,Hazelnut spreads,PARKNSHOP,1,0,0.0,0.0,31,0.0,,,1.0,108.55692530819434
2024-01,category3,Bakery / Cereals / Spreads,Spreads,Hazelnut spreads,WELLCOME,1,0,0.0,0.0,31,0.0,,,1.0,95.72153734590283
2024-01,category3,Bakery / Cereals / Spreads,Spreads,Peanut butter,JASONS,6,0,0.0,0.0,31,0.0,,,6.0,100.49542682926831
2024-01,category3,Bakery / Cereals / Spreads,Spreads,Peanut butter,PARKNSHOP,10,0,0.0,0.0,31,0.0,,,6.0,101.41006097560977
2024-01,category3,Bakery / Cereals / Spreads,Spreads,Peanut butter,WELLCOME,6,0,0.0,0.0,31,0.0,,,6.0,98.09451219512195
2024-01,category3,Bakery / Cereals / Spreads,Spreads,Tuna spreads,JASONS,1,0,0.0,0.0,31,0.0,,,1.0,105.10175634234736
2024-01,category3,Bakery / Cereals / Spreads,Spreads,Tuna spreads,PARKNSHOP,2,1,0.5,15.5,31,0.5,0.10927731932983252,0.07751937984496124,1.0,99.30303875104543
2024-01,category3,Bakery / Cereals / Spreads,Spreads,Tuna spreads,WELLCOME,1,0,0.0,0.0,31,0.0,,,1.0,95.5952049066072
2024-01,category3,Beer / Wines / Spirits,Beer,Bottles,AEON,2,0,0.0,0.0,31,0.0,,,,
2024-01,category3,Beer / Wines / Spirits,Beer,Bottles,JASONS,4,2,0.5,15.5,31,0.5,0.25,0.25,4.0,100.67106719075551
2024-01,category3,Beer / Wines / Spirits,Beer,Bottles,PARKNSHOP,9,9,1.0,11.11111111111111,31,0.35842293906810035,0.21228143689473072,0.2,7.0,99.51399450157182
2024-01,category3,Beer / Wines / Spirits,Beer,Bottles,WELLCOME,8,3,0.375,11.625,31,0.375,0.22072072072072071,0.25,7.0,100.01576950917593
2024-01,category3,Beer / Wines / Spirits,Beer,Canned,AEON,2,0,0.0,0.0,31,0.0,,,,
2024-01,category3,Beer / Wines / Spirits,Beer,Canned,DCHFOOD,6,0,0.0,0.0,31,0.0,,,5.0,106.57180074332429
2024-01,category3,Beer / Wines / Spirits,Beer,Canned,JASONS,18,12,0.6666666666666666,9.777777777777779,31,0.31541218637992835,0.1686337902109182,0.16907051282051283,18.0,98.6940085092388
2024-01,category3,Beer / Wines / Spirits,Beer,Canned,PARKNSHOP,25,13,0.52,9.28,31,0.2993548387096774,0.18722607218035897,0.16666666666666666,22.0,101.97846987685462
2024-01,category3,Beer / Wines / Spirits,Beer,Canned,WELLCOME,22,12,0.5454545454545454,8.0,31,0.25806451612903225,0.15007410614960937,0.15020057306590257,22.0,97.8468068516127
2024-01,category3,Beer / Wines / Spirits,Red wines,American (US),JASONS,1,1,1.0,31.0,31,1.0,0.19193548387096776,0.2,1.0,97.01468452477003
2024-01,category3,Beer / Wines / Spirits,Red wines,American (US),PARKNSHOP,1,0,0.0,0.0,31,0.0,,,1.0,103.55010488946263
2024-01,category3,Beer / Wines / Spirits,Red wines,American (US),WELLCOME,1,1,1.0,26.0,31,0.8387096774193549,0.1794871794871795,0.1794871794871795,1.0,99.43521058576731
2024-01,category3,Beer / Wines / Spirits,Red wines,Australian,JASONS,3,3,1.0,27.333333333333332,31,0.8817204301075269,0.415803462015286,0.5,3.0,93.72133321902893
2024-01,category3,Beer / Wines / Spirits,Red wines,Australian,PARKNSHOP,5,5,1.0,16.6,31,0.535483870967742,0.40347239585049965,0.45871559633027525,4.0,112.57898696466573
2024-01,category3,Beer / Wines / Spirits,Red wines,Australian,WELLCOME,4,4,1.0,25.25,31,0.8145161290322581,0.4561227616792919,0.4565537555228277,4.0,91.83940302447834
2024-01,category3,Beer / Wines / Spirits,Red wines,French,JASONS,1,1,1.0,31.0,31,1.0,0.15,0.15,1.0,88.41952201633048
2024-01,category3,Beer / Wines / Spirits,Red wines,French,PARKNSHOP,1,1,1.0,30.0,31,0.967741935483871,0.5,0.5,1.0,113.10540248312888
2024-01,category3,Beer / Wines / Spirits,Red wines,French,WELLCOME,1,0,0.0,0.0,31,0.0,,,1.0,98.47507550054061
2024-01,category3,Beer / Wines / Spirits,Rice wines,Chinese,DCHFOOD,1,0,0.0,0.0,31,0.0,,,1.0,92.5024489488358
2024-01,category3,Beer / Wines / Spirits,Rice wines,Chinese,JASONS,1,0,0.0,0.0,31,0.0,,,1.0,102.18324982104508
2024-01,category3,Beer / Wines / Spirits,Rice wines,Chinese,PARKNSHOP,4,2,0.5,2.5,31,0.08064516129032258,0.1448406178113704,0.1448406178113704,3.0,103.91552604342316
2024-01,category3,Beer / Wines / Spirits,Rice wines,Chinese,WELLCOME,2,0,0.0,0.0,31,0.0,,,2.0,96.06710671067107
2024-01,category3,Beer / Wines / Spirits,Shandy,Canned,PARKNSHOP,1,0,0.0,0.0,31,0.0,,,1.0,102.45063879210221
2024-01,category3,Beer / Wines / Spirits,Shandy,Canned,WELLCOME,1,0,0.0,0.0,31,0.0,,,1.0,97.5493612078978
2024-01,category3,Beer / Wines / Spirits,Shaoxing wines,Chinese,JASONS,1,0,0.0,0.0,31,0.0,,,1.0,104.12627324612906
2024-01,category3,Beer / Wines / Spirits,Shaoxing wines,Chinese,PARKNSHOP,1,0,0.0,0.0,31,0.0,,,1.0,96.82678390999206
2024-01,category3,Beer / Wines / Spirits,Shaoxing wines,Chinese,WELLCOME,1,0,0.0,0.0,31,0.0,,,1.0,99.04694284387887
2024-01,category3,Beer / Wines / Spirits,White wines,American (US),JASONS,1,1,1.0,31.0,31,1.0,0.15000000000000005,0.15000000000000005,1.0,93.49628982976866
2024-01,category3,Beer / Wines / Spirits,White wines,American (US),WELLCOME,1,0,0.0,0.0,31,0.0,,,1.0,106.50371017023134
2024-01,category3,Beer / Wines / Spirits,White wines,Australian,PARKNSHOP,1,1,1.0,5.0,31,0.16129032258064516,0.45871559633027525,0.45871559633027525,1.0,122.19201003974062
2024-01,category3,Beer / Wines / Spirits,White wines,Australian,WELLCOME,1,1,1.0,31.0,31,1.0,0.42857142857142855,0.42857142857142855,1.0,77.80798996025936
2024-01,category3,Candies / Biscuits / Snacks,Biscuits,Biscuit sticks,JASONS,6,5,0.8333333333333334,16.666666666666668,31,0.5376344086021506,0.29551329096214574,0.25,6.0,100.13023449763783
2024-01,category3,Candies / Biscuits / Snacks,Biscuits,Biscuit sticks,MANNINGS,1,1,1.0,3.0,31,0.0967741935483871,0.24050632911392408,0.24050632911392408,1.0,97.64189453009453
2024-01,category3,Candies / Biscuits / Snacks,Biscuits,Biscuit sticks,PARKNSHOP,7,3,0.42857142857142855,11.428571428571429,31,0.3686635944700461,0.28330058267082164,0.25925925925925924,6.0,104.12211825957158
2024-01,category3,Candies / Biscuits / Snacks,Biscuits,Biscuit sticks,WELLCOME,5,4,0.8,13.8,31,0.44516129032258067,0.2887356942195652,0.24999999999999997,5.0,95.53212734830365
2024-01,category3,Candies / Biscuits / Snacks,Biscuits,Cheese crackers,JASONS,2,1,0.5,15.5,31,0.5,0.29935175181355145,0.2607655502392344,2.0,100.74933667596522
2024-01,category3,Candies / Biscuits / Snacks,Biscuits,Cheese crackers,MANNINGS,1,0,0.0,0.0,31,0.0,,,1.0,105.55401023124118
2024-01,category3,Candies / Biscuits / Snacks,Biscuits,Cheese crackers,PARKNSHOP,2,1,0.5,12.0,31,0.3870967741935484,0.3541666666666667,0.25,2.0,99.01452082238545
2024-01,category3,Candies / Biscuits / Snacks,Biscuits,Cheese crackers,WELLCOME,2,1,0.5,11.0,31,0.3548387096774194,0.3068181818181818,0.25,2.0,98.65870749731074
2024-01,category3,Candies / Biscuits / Snacks,Biscuits,Cookies,JASONS,9,6,0.6666666666666666,13.88888888888889,31,0.44802867383512546,0.11850086040301415,0.05473578433594755,9.0,100.59886425715321
2024-01,category3,Candies / Biscuits / Snacks,Biscuits,Cookies,PARKNSHOP,12,3,0.25,5.5,31,0.1774193548387097,0.3343678808118464,0.22972972972972971,10.0,99.35545777822016
2024-01,category3,Candies / Biscuits / Snacks,Biscuits,Cookies,WELLCOME,10,6,0.6,11.6,31,0.3741935483870968,0.15756093902877635,0.1362126245847176,10.0,100.06541212307414
2024-01,category3,Candies / Biscuits / Snacks,Biscuits,Others,DCHFOOD,1,0,0.0,0.0,31,0.0,,,1.0,117.76433661579082
2024-01,category3,Candies / Biscuits / Snacks,Biscuits,Others,JASONS,10,7,0.7,18.2,31,0.5870967741935483,0.28766141032480835,0.2607655502392344,10.0,104.14966106721842
2024-01,category3,Candies / Biscuits / Snacks,Biscuits,Others,PARKNSHOP,13,8,0.6153846153846154,15.23076923076923,31,0.4913151364764268,0.28471822196620583,0.225,10.0,93.90495788588377
2024-01,category3,Candies / Biscuits / Snacks,Biscuits,Others,WELLCOME,8,5,0.625,15.125,31,0.4879032258064516,0.26806680393502635,0.25,8.0,100.50660479488846
2024-01,category3,Candies / Biscuits / Snacks,Biscuits,Saltine crackers / Soda crackers / Cream crackers,JASONS,1,1,1.0,31.0,31,1.0,0.29935175181355145,0.2607655502392344,1.0,101.87094167285302
2024-01,category3,Candies / Biscuits / Snacks,Biscuits,Saltine crackers / Soda crackers / Cream crackers,MANNINGS,1,0,0.0,0.0,31,0.0,,,1.0,104.87046242611613
2024-01,category3,Candies / Biscuits / Snacks,Biscuits,Saltine crackers / Soda crackers / Cream crackers,PARKNSHOP,7,6,0.8571428571428571,18.857142857142858,31,0.6082949308755761,0.30905569519498716,0.2473021582733813,2.0,96.40293301121235
2024-01,category3,Candies / Biscuits / Snacks,Biscuits,Saltine crackers / Soda crackers / Cream crackers,WELLCOME,2,2,1.0,29.5,31,0.9516129032258065,0.2945557347225668,0.2473021582733813,2.0,99.57803722691852
2024-01,category3,Candies / Biscuits / Snacks,Biscuits,Sandwich crackers,DCHFOOD,3,0,0.0,0.0,31,0.0,,,2.0,119.48790186863461
2024-01,category3,Candies / Biscuits / Snacks,Biscuits,Sandwich crackers,JASONS,10,8,0.8,14.9,31,0.4806451612903226,0.2662316198112725,0.29098639455782316,10.0,101.40869552323424
2024-01,category3,Candies / Biscuits / Snacks,Biscuits,Sandwich crackers,MANNINGS,1,0,0.0,0.0,31,0.0,,,1.0,103.97982729500201
2024-01,category3,Candies / Biscuits / Snacks,Biscuits,Sandwich crackers,PARKNSHOP,13,10,0.7692307692307693,7.384615384615385,31,0.23821339950372208,0.29314509612646267,0.273764218582452,12.0,95.85272766419102
2024-01,category3,Candies / Biscuits / Snacks,Biscuits,Sandwich crackers,WELLCOME,11,6,0.5454545454545454,10.818181818181818,31,0.3489736070381232,0.22822346820162065,0.2553191489361702,11.0,99.01103043804086
2024-01,category3,Candies / Biscuits / Snacks,Biscuits,Wafers,JASONS,8,5,0.625,15.125,31,0.4879032258064516,0.2944993368066533,0.2290322580645162,8.0,103.08523927578224
2024-01,category3,Candies / Biscuits / Snacks,Biscuits,Wafers,MANNINGS,1,0,0.0,0.0,31,0.0,,,1.0,119.0534511416324
2024-01,category3,Candies / Biscuits / Snacks,Biscuits,Wafers,PARKNSHOP,8,4,0.5,14.875,31,0.4798387096774194,0.2625117064057728,0.27672955974842767,7.0,94.45156999103136
2024-01,category3,Candies / Biscuits / Snacks,Biscuits,Wafers,WELLCOME,6,5,0.8333333333333334,15.5,31,0.5,0.28450805426155196,0.222972972972973,6.0,97.76037093031172
2024-01,category3,Candies / Biscuits / Snacks,Candies / Confectioneries,Candies,JASONS,10,10,1.0,21.6,31,0.6967741935483871,0.18460206304156596,0.18919163059163052,10.0,98.86597719949908
2024-01,category3,Candies / Biscuits / Snacks,Candies / Confectioneries,Candies,MANNINGS,2,0,0.0,0.0,31,0.0,,,2.0,102.40813811727385
2024-01,category3,Candies / Biscuits / Snacks,Candies / Confectioneries,Candies,PARKNSHOP,11,7,0.6363636363636364,14.636363636363637,31,0.47214076246334313,0.2047082461144829,0.24999999999999994,9.0,102.75758315894853
2024-01,category3,Candies / Biscuits / Snacks,Candies / Confectioneries,Candies,WELLCOME,10,9,0.9,21.1,31,0.6806451612903226,0.19453585464208661,0.2,10.0,98.13012335367016
2024-01,category3,Candies / Biscuits / Snacks,Candies / Confectioneries,Chewing gums,JASONS,5,5,1.0,26.2,31,0.8451612903225806,0.19002805049088362,0.13478260869565223,5.0,104.19075607296544
2024-01,category3,Candies / Biscuits / Snacks,Candies / Confectioneries,Chewing gums,MANNINGS,3,2,0.6666666666666666,20.666666666666668,31,0.6666666666666667,0.1145833333333333,0.1145833333333333,3.0,92.89185167138562
2024-01,category3,Candies / Biscuits / Snacks,Candies / Confectioneries,Chewing gums,PARKNSHOP,6,6,1.0,27.0,31,0.8709677419354839,0.14839381954625036,0.08374587458745875,5.0,100.99472061060455
2024-01,category3,Candies / Biscuits / Snacks,Candies / Confectioneries,Chewing gums,WATSONS,2,0,0.0,0.0,31,0.0,,,2.0,96.68397515622831
2024-01,category3,Candies / Biscuits / Snacks,Candies / Confectioneries,Chewing gums,WELLCOME,5,5,1.0,22.6,31,0.7290322580645162,0.1656410557184751,0.09545454545454551,5.0,101.37558842102823
2024-01,category3,Candies / Biscuits / Snacks,Candies / Confectioneries,Chocolates,JASONS,32,25,0.78125,16.09375,31,0.5191532258064516,0.23948943566898873,0.25,31.0,98.76227928213044
2024-01,category3,Candies / Biscuits / Snacks,Candies / Confectioneries,Chocolates,MANNINGS,5,0,0.0,0.0,31,0.0,,,5.0,106.2918667838315
2024-01,category3,Candies / Biscuits / Snacks,Candies / Confectioneries,Chocolates,PARKNSHOP,41,20,0.4878048780487805,10.268292682926829,31,0.33123524783634933,0.19135958800664815,0.20484047277447565,32.0,103.01947580992787
2024-01,category3,Candies / Biscuits / Snacks,Candies / Confectioneries,Chocolates,WELLCOME,33,23,0.696969696969697,14.454545454545455,31,0.46627565982404695,0.27017214438036746,0.25925925925925924,33.0,97.84774902185266
2024-01,category3,Candies / Biscuits / Snacks,Dried fruits,Apricots,JASONS,1,0,0.0,0.0,31,0.0,,,1.0,97.99083625315464
2024-01,category3,Candies / Biscuits / Snacks,Dried fruits,Apricots,PARKNSHOP,1,0,0.0,0.0,31,0.0,,,1.0,104.01832749369073
2024-01,category3,Candies / Biscuits / Snacks,Dried fruits,Apricots,WELLCOME,1,0,0.0,0.0,31,0.0,,,1.0,97.99083625315464
2024-01,category3,Candies / Biscuits / Snacks,Dried fruits,Dried Prunes,JASONS,1,0,0.0,0.0,31,0.0,,,1.0,103.18335062240666
2024-01,category3,Candies / Biscuits / Snacks,Dried fruits,Dried Prunes,PARKNSHOP,1,0,0.0,0.0,31,0.0,,,1.0,96.94955912863071
2024-01,category3,Candies / Biscuits / Snacks,Dried fruits,Dried Prunes,WELLCOME,1,0,0.0,0.0,31,0.0,,,1.0,99.86709024896265
2024-01,category3,Candies / Biscuits / Snacks,Dried fruits,Dried mangoes,JASONS,2,0,0.0,0.0,31,0.0,,,2.0,99.59183673469387
2024-01,category3,Candies / Biscuits / Snacks,Dried fruits,Dried mangoes,PARKNSHOP,1,0,0.0,0.0,31,0.0,,,1.0,108.984375
2024-01,category3,Candies / Biscuits / Snacks,Dried fruits,Dried mangoes,WELLCOME,2,0,0.0,0.0,31,0.0,,,2.0,95.7142857142857
2024-01,category3,Candies / Biscuits / Snacks,Dried fruits,Raisins,JASONS,1,0,0.0,0.0,31,0.0,,,1.0,100.57957213456584
2024-01,category3,Candies / Biscuits / Snacks,Dried fruits,Raisins,PARKNSHOP,3,1,0.3333333333333333,5.666666666666667,31,0.1827956989247312,0.2239482841075875,0.18699186991869915,1.0,102.46112926264632
2024-01,category3,Candies / Biscuits / Snacks,Dried fruits,Raisins,WELLCOME,1,0,0.0,0.0,31,0.0,,,1.0,96.95929860278787
2024-01,category3,Candies / Biscuits / Snacks,Snack bars / Energy bars,Energy bars / Snack bars,JASONS,5,3,0.6,5.8,31,0.1870967741935484,0.2824074074074074,0.25,4.0,100.07293823017282
2024-01,category3,Candies / Biscuits / Snacks,Snack bars / Energy bars,Energy bars / Snack bars,PARKNSHOP,3,1,0.3333333333333333,2.3333333333333335,31,0.07526881720430108,0.2328767123287671,0.2328767123287671,2.0,105.86355099682171
2024-01,category3,Candies / Biscuits / Snacks,Snack bars / Energy bars,Energy bars / Snack bars,WELLCOME,4,3,0.75,7.75,31,0.25,0.2698412698412698,0.25,4.0,97.18913768461171
2024-01,category3,Candies / Biscuits / Snacks,Snack bars / Energy bars,Soya bars,PARKNSHOP,1,1,1.0,31.0,31,1.0,0.27731932983245816,0.3023255813953489,,
2024-01,category3,Candies / Biscuits / Snacks,Snacks,Corn chips / Tortilla chips,JASONS,5,5,1.0,20.8,31,0.6709677419354839,0.273722873968527,0.25837320574162675,5.0,100.40774124808117
2024-01,category3,Candies / Biscuits / Snacks,Snacks,Corn chips / Tortilla chips,PARKNSHOP,2,1,0.5,15.5,31,0.5,0.3299567366841711,0.3023255813953489,2.0,98.85952229098186
2024-01,category3,Candies / Biscuits / Snacks,Snacks,Corn chips / Tortilla chips,WELLCOME,5,5,1.0,17.8,31,0.5741935483870968,0.24678717464420039,0.24393939393939396,5.0,99.94425412462475
2024-01,category3,Candies / Biscuits / Snacks,Snacks,Crispy crackers,DCHFOOD,1,1,1.0,3.0,31,0.0967741935483871,,,,
2024-01,category3,Candies / Biscuits / Snacks,Snacks,Crispy crackers,JASONS,4,4,1.0,27.5,31,0.8870967741935484,0.2693000327052095,0.23948060486522021,4.0,99.34442042835961
2024-01,category3,Candies / Biscuits / Snacks,Snacks,Crispy crackers,PARKNSHOP,5,5,1.0,28.4,31,0.9161290322580645,0.26885046732713563,0.2222222222222222,5.0,99.96053807495444
2024-01,category3,Candies / Biscuits / Snacks,Snacks,Crispy crackers,WELLCOME,7,7,1.0,30.142857142857142,31,0.9723502304147466,0.19688726293213327,0.15730337078651688,7.0,100.47926724258997
2024-01,category3,Candies / Biscuits / Snacks,Snacks,Noodle snacks,PARKNSHOP,2,2,1.0,29.0,31,0.9354838709677419,0.3333384615384615,0.3333384615384615,2.0,100.0
2024-01,category3,Candies / Biscuits / Snacks,Snacks,Noodle snacks,WELLCOME,2,2,1.0,31.0,31,1.0,0.27778333333333327,0.27778333333333327,2.0,100.0
2024-01,category3,Candies / Biscuits / Snacks,Snacks,Nuts,DCHFOOD,1,0,0.0,0.0,31,0.0,,,1.0,109.55488208175794
2024-01,category3,Candies / Biscuits / Snacks,Snacks,Nuts,JASONS,6,1,0.16666666666666666,5.166666666666667,31,0.16666666666666669,0.28103491168421924,0.25449871465295626,5.0,99.94019756918767
2024-01,category3,Candies / Biscuits / Snacks,Snacks,Nuts,PARKNSHOP,7,3,0.42857142857142855,10.285714285714286,31,0.3317972350230415,0.3303926788368434,0.308377308707124,6.0,99.07998330322208
2024-01,category3,Candies / Biscuits / Snacks,Snacks,Nuts,WELLCOME,5,1,0.2,6.2,31,0.2,0.28103491168421924,0.25449871465295626,4.0,100.52526502766581
2024-01,category3,Candies / Biscuits / Snacks,Snacks,Potato chips,DCHFOOD,2,0,0.0,0.0,31,0.0,,,2.0,92.4692493761605
2024-01,category3,Candies / Biscuits / Snacks,Snacks,Potato chips,JASONS,22,21,0.9545454545454546,25.09090909090909,31,0.8093841642228738,0.29668909414207384,0.2606060606060607,22.0,100.40930909236934
2024-01,category3,Candies / Biscuits / Snacks,Snacks,Potato chips,PARKNSHOP,21,19,0.9047619047619048,27.61904761904762,31,0.8909370199692781,0.29123468640202005,0.24324324324324326,20.0,101.04731527383595
2024-01,category3,Candies / Biscuits / Snacks,Snacks,Potato chips,WELLCOME,29,28,0.9655172413793104,23.896551724137932,31,0.7708565072302559,0.2931030454794898,0.2827417380660955,27.0,99.37956912058425
2024-01,category3,Candies / Biscuits / Snacks,Snacks,Seaweeds,JASONS,1,0,0.0,0.0,31,0.0,,,1.0,101.1144824366904
2024-01,category3,Candies / Biscuits / Snacks,Snacks,Seaweeds,MANNINGS,1,0,0.0,0.0,31,0.0,,,1.0,91.82052458784905
2024-01,category3,Candies / Biscuits / Snacks,Snacks,Seaweeds,PARKNSHOP,3,1,0.3333333333333333,2.3333333333333335,31,0.07526881720430108,0.18699186991869915,0.18699186991869915,3.0,101.67187464436711
2024-01,category3,Candies / Biscuits / Snacks,Snacks,Seaweeds,WATSONS,1,0,0.0,0.0,31,0.0,,,1.0,98.49260422918064
2024-01,category3,Candies / Biscuits / Snacks,Snacks,Seaweeds,WELLCOME,2,0,0.0,0.0,31,0.0,,,2.0,100.79826137835917
2024-01,category3,Dairy / Soy products / Eggs,Bean curd products,Bean curd desserts,JASONS,5,5,1.0,31.0,31,1.0,0.248710679389263,0.2204354838709677,5.0,101.45571777930822
2024-01,category3,Dairy / Soy products / Eggs,Bean curd products,Bean curd desserts,PARKNSHOP,4,4,1.0,31.0,31,1.0,0.17500197798417613,0.1767207602339181,3.0,100.7086199033024
2024-01,category3,Dairy / Soy products / Eggs,Bean curd products,Bean curd desserts,WELLCOME,5,5,1.0,31.0,31,1.0,0.2387485958254269,0.19444999999999993,5.0,98.07662347301495
2024-01,category3,Dairy / Soy products / Eggs,Bean curd products,Bean curds,JASONS,7,6,0.8571428571428571,19.428571428571427,31,0.6267281105990783,0.2658148863396972,0.28520143597925807,7.0,101.0797994241262
2024-01,category3,Dairy / Soy products / Eggs,Bean curd products,Bean curds,PARKNSHOP,7,6,0.8571428571428571,19.857142857142858,31,0.6405529953917051,0.14594224786082968,0.14295953473132372,7.0,100.8576806745276
2024-01,category3,Dairy / Soy products / Eggs,Bean curd products,Bean curds,WELLCOME,7,6,0.8571428571428571,19.428571428571427,31,0.6267281105990783,0.253104849919736,0.26605504587155965,7.0,98.06251990134615
2024-01,category3,Dairy / Soy products / Eggs,Butter / Margarine,Butter,JASONS,7,2,0.2857142857142857,3.4285714285714284,31,0.11059907834101382,0.2543859649122807,0.2543859649122807,7.0,101.13988182792481
2024-01,category3,Dairy / Soy products / Eggs,Butter / Margarine,Butter,PARKNSHOP,6,2,0.3333333333333333,6.166666666666667,31,0.19892473118279572,0.25252828908827424,0.25395430579964845,6.0,97.04857508446938
2024-01,category3,Dairy / Soy products / Eggs,Butter / Margarine,Butter,WELLCOME,7,2,0.2857142857142857,3.4285714285714284,31,0.11059907834101382,0.2543859649122807,0.2543859649122807,7.0,101.45635712025434
2024-01,category3,Dairy / Soy products / Eggs,Butter / Margarine,Butter with vegetable oil,JASONS,2,0,0.0,0.0,31,0.0,,,2.0,102.09566522119079
2024-01,category3,Dairy / Soy products / Eggs,Butter / Margarine,Butter with vegetable oil,PARKNSHOP,1,0,0.0,0.0,31,0.0,,,1.0,97.75804790861228
2024-01,category3,Dairy / Soy products / Eggs,Butter / Margarine,Butter with vegetable oil,WELLCOME,2,0,0.0,0.0,31,0.0,,,2.0,98.85571072894854
2024-01,category3,Dairy / Soy products / Eggs,Butter / Margarine,Margarine,JASONS,1,0,0.0,0.0,31,0.0,,,1.0,100.0
2024-01,category3,Dairy / Soy products / Eggs,Butter / Margarine,Margarine,PARKNSHOP,3,0,0.0,0.0,31,0.0,,,1.0,101.30624092888243
2024-01,category3,Dairy / Soy products / Eggs,Butter / Margarine,Margarine,WELLCOME,2,0,0.0,0.0,31,0.0,,,2.0,99.16589434661724
2024-01,category3,Dairy / Soy products / Eggs,Cheese / Yoghurt products,Cheese slices / Shredded cheese / Hard cheese,JASONS,18,10,0.5555555555555556,8.166666666666666,31,0.26344086021505375,0.37051606309571883,0.39311576086956523,18.0,99.7402598438048
2024-01,category3,Dairy / Soy products / Eggs,Cheese / Yoghurt products,Cheese slices / Shredded cheese / Hard cheese,PARKNSHOP,9,6,0.6666666666666666,8.444444444444445,31,0.2724014336917563,0.2593814130753445,0.25000000000000006,9.0,102.53056324058447
2024-01,category3,Dairy / Soy products / Eggs,Cheese / Yoghurt products,Cheese slices / Shredded cheese / Hard cheese,WELLCOME,18,10,0.5555555555555556,8.166666666666666,31,0.26344086021505375,0.37051606309571883,0.39311576086956523,18.0,98.97085636804715
2024-01,category3,Dairy / Soy products / Eggs,Cheese / Yoghurt products,Cheese spreads / Cheese snacks,JASONS,3,2,0.6666666666666666,8.666666666666666,31,0.27956989247311825,0.30195099818511795,0.30195099818511795,3.0,100.84856396866842
2024-01,category3,Dairy / Soy products / Eggs,Cheese / Yoghurt products,Cheese spreads / Cheese snacks,PARKNSHOP,3,3,1.0,26.333333333333332,31,0.8494623655913978,0.377661408081927,0.4279749478079332,1.0,96.61016949152541
2024-01,category3,Dairy / Soy products / Eggs,Cheese / Yoghurt products,Cheese spreads / Cheese snacks,WELLCOME,3,2,0.6666666666666666,8.666666666666666,31,0.27956989247311825,0.28016409266409265,0.28016409266409265,3.0,100.3318102697998
2024-01,category3,Dairy / Soy products / Eggs,Cheese / Yoghurt products,Yoghurt,JASONS,11,7,0.6363636363636364,18.272727272727273,31,0.5894428152492669,0.30093959871871007,0.21428571428571427,11.0,101.03076987953155
2024-01,category3,Dairy / Soy products / Eggs,Cheese / Yoghurt products,Yoghurt,PARKNSHOP,14,8,0.5714285714285714,17.0,31,0.5483870967741935,0.33760236718258013,0.27368421052631575,13.0,98.7901192232016
2024-01,category3,Dairy / Soy products / Eggs,Cheese / Yoghurt products,Yoghurt,WELLCOME,13,9,0.6923076923076923,20.384615384615383,31,0.6575682382133995,0.3041194869860065,0.2280736842105263,13.0,100.22408507020532
2024-01,category3,Dairy / Soy products / Eggs,Cheese / Yoghurt products,Yoghurt drinks / Lactic drinks,JASONS,3,2,0.6666666666666666,14.333333333333334,31,0.4623655913978495,0.17786432160804017,0.17786432160804017,3.0,100.19841746458032
2024-01,category3,Dairy / Soy products / Eggs,Cheese / Yoghurt products,Yoghurt drinks / Lactic drinks,PARKNSHOP,3,1,0.3333333333333333,2.3333333333333335,31,0.07526881720430108,0.25,0.25,3.0,99.66081663439782
2024-01,category3,Dairy / Soy products / Eggs,Cheese / Yoghurt products,Yoghurt drinks / Lactic drinks,WELLCOME,3,2,0.6666666666666666,14.666666666666666,31,0.47311827956989244,0.16980309711824426,0.16980309711824426,3.0,100.14076590102188
2024-01,category3,Dairy / Soy products / Eggs,Cheese / Yoghurt products,Yoghurt flavour drinks,JASONS,1,1,1.0,7.0,31,0.22580645161290322,0.25,0.25,1.0,102.00434061023873
2024-01,category3,Dairy / Soy products / Eggs,Cheese / Yoghurt products,Yoghurt flavour drinks,PARKNSHOP,1,1,1.0,13.0,31,0.41935483870967744,0.23935127390037886,0.22868217054263573,1.0,95.99131877952254
2024-01,category3,Dairy / Soy products / Eggs,Cheese / Yoghurt products,Yoghurt flavour drinks,WELLCOME,1,1,1.0,7.0,31,0.22580645161290322,0.25,0.25,1.0,102.00434061023873
2024-01,category3,Dairy / Soy products / Eggs,Cream,Whipping cream,JASONS,3,2,0.6666666666666666,16.666666666666668,31,0.5376344086021506,0.2584509024138186,0.24592391304347827,3.0,101.75383300208274
2024-01,category3,Dairy / Soy products / Eggs,Cream,Whipping cream,PARKNSHOP,3,3,1.0,22.333333333333332,31,0.7204301075268816,0.2659213007761752,0.25903614457831325,3.0,98.28210759276243
2024-01,category3,Dairy / Soy products / Eggs,Cream,Whipping cream,WELLCOME,2,2,1.0,25.0,31,0.8064516129032258,0.2699640603085554,0.26154891304347827,2.0,99.95182641705557
2024-01,category3,Dairy / Soy products / Eggs,Eggs,Chicken eggs,JASONS,6,4,0.6666666666666666,10.833333333333334,31,0.34946236559139787,0.2482100131574125,0.2528900581997927,6.0,97.54772185000866
2024-01,category3,Dairy / Soy products / Eggs,Eggs,Chicken eggs,PARKNSHOP,9,6,0.6666666666666666,13.444444444444445,31,0.4336917562724014,0.31878313893543336,0.29950706192298693,5.0,103.35236892955216
2024-01,category3,Dairy / Soy products / Eggs,Eggs,Chicken eggs,WELLCOME,5,4,0.8,13.2,31,0.4258064516129032,0.2347310698349656,0.2506538796861377,5.0,99.61141285713532
2024-01,category3,Dairy / Soy products / Eggs,Frozen confections,Ice cream,JASONS,7,6,0.8571428571428571,6.428571428571429,31,0.20737327188940094,0.3340745096827124,0.3837140751658069,7.0,97.15085366896538
2024-01,category3,Dairy / Soy products / Eggs,Frozen confections,Ice cream,PARKNSHOP,7,4,0.5714285714285714,3.142857142857143,31,0.10138248847926266,0.10227272727272727,0.13636363636363635,7.0,105.19259509709984
2024-01,category3,Dairy / Soy products / Eggs,Frozen confections,Ice cream,WELLCOME,7,6,0.8571428571428571,6.428571428571429,31,0.20737327188940094,0.3113408842767737,0.36250246402523156,7.0,97.65655123393478
2024-01,category3,Dairy / Soy products / Eggs,Frozen confections,Ice cream bars / Ice sticks / Ice cream cones,JASONS,7,7,1.0,17.714285714285715,31,0.5714285714285715,0.36812314519455536,0.31630434782608696,7.0,97.65466988360485
2024-01,category3,Dairy / Soy products / Eggs,Frozen confections,Ice cream bars / Ice sticks / Ice cream cones,PARKNSHOP,7,7,1.0,9.142857142857142,31,0.29493087557603687,0.41524180207891614,0.39879759519038077,7.0,104.99976459691942
2024-01,category3,Dairy / Soy products / Eggs,Frozen confections,Ice cream bars / Ice sticks / Ice cream cones,WELLCOME,7,7,1.0,17.857142857142858,31,0.5760368663594471,0.34462628634968023,0.2932584269662922,7.0,97.34556551947578
2024-01,category3,Dairy / Soy products / Eggs,Milk / Milk drinks,Chilled fresh milk/milk drinks,JASONS,22,19,0.8636363636363636,22.272727272727273,31,0.718475073313783,0.3228082707226166,0.30107526881720437,22.0,100.22880371555078
2024-01,category3,Dairy / Soy products / Eggs,Milk / Milk drinks,Chilled fresh milk/milk drinks,PARKNSHOP,19,16,0.8421052631578947,20.789473684210527,31,0.6706281833616299,0.17097025123021975,0.1783537487828627,15.0,101.31454489898574
2024-01,category3,Dairy / Soy products / Eggs,Milk / Milk drinks,Chilled fresh milk/milk drinks,WELLCOME,21,18,0.8571428571428571,20.523809523809526,31,0.6620583717357912,0.3137465887270981,0.3284313725490196,21.0,98.87149686383303
2024-01,category3,Dairy / Soy products / Eggs,Milk / Milk drinks,Evaporated milk,DCHFOOD,3,1,0.3333333333333333,1.0,31,0.03225806451612903,,,3.0,111.97535926571014
2024-01,category3,Dairy / Soy products / Eggs,Milk / Milk drinks,Evaporated milk,JASONS,5,3,0.6,5.6,31,0.18064516129032257,0.1787453703703704,0.20290000000000002,5.0,99.19692133988329
2024-01,category3,Dairy / Soy products / Eggs,Milk / Milk drinks,Evaporated milk,PARKNSHOP,5,4,0.8,13.8,31,0.44516129032258067,0.1677547708455439,0.1542847624416996,5.0,97.60834856500983
2024-01,category3,Dairy / Soy products / Eggs,Milk / Milk drinks,Evaporated milk,WATSONS,1,0,0.0,0.0,31,0.0,,,1.0,96.93655354591158
2024-01,category3,Dairy / Soy products / Eggs,Milk / Milk drinks,Evaporated milk,WELLCOME,5,3,0.6,5.6,31,0.18064516129032257,0.14527780748663102,0.15151818181818186,5.0,96.46033518142714
2024-01,category3,Dairy / Soy products / Eggs,Milk / Milk drinks,Sweetened condensed milk,DCHFOOD,2,1,0.5,1.5,31,0.04838709677419355,,,2.0,114.30529745997546
2024-01,category3,Dairy / Soy products / Eggs,Milk / Milk drinks,Sweetened condensed milk,JASONS,5,3,0.6,6.2,31,0.2,0.22178518518518522,0.20290000000000002,5.0,99.12816526842883
2024-01,category3,Dairy / Soy products / Eggs,Milk / Milk drinks,Sweetened condensed milk,PARKNSHOP,5,3,0.6,10.0,31,0.3225806451612903,0.22980348239113757,0.2630434782608696,5.0,98.44734753039218
2024-01,category3,Dairy / Soy products / Eggs,Milk / Milk drinks,Sweetened condensed milk,WELLCOME,5,3,0.6,6.2,31,0.2,0.19974414434197044,0.16666818181818183,5.0,98.22947578889828
2024-01,category3,Dairy / Soy products / Eggs,Milk / Milk drinks,UHT milk/milk drinks,AEON,1,0,0.0,0.0,31,0.0,,,1.0,98.00570621631748
2024-01,category3,Dairy / Soy products / Eggs,Milk / Milk drinks,UHT milk/milk drinks,DCHFOOD,6,0,0.0,0.0,31,0.0,,,6.0,100.99243391204328
2024-01,category3,Dairy / Soy products / Eggs,Milk / Milk drinks,UHT milk/milk drinks,JASONS,27,21,0.7777777777777778,13.666666666666666,31,0.44086021505376344,0.29705428367397485,0.3076923076923077,27.0,102.25592389300519
2024-01,category3,Dairy / Soy products / Eggs,Milk / Milk drinks,UHT milk/milk drinks,PARKNSHOP,32,29,0.90625,20.34375,31,0.65625,0.22907505461480213,0.2508361204013378,27.0,96.59288426107643
2024-01,category3,Dairy / Soy products / Eggs,Milk / Milk drinks,UHT milk/milk drinks,WELLCOME,28,20,0.7142857142857143,11.285714285714286,31,0.36405529953917054,0.29451930717257735,0.2828125,28.0,101.04098387862321
2024-01,category3,Dairy / Soy products / Eggs,Soy drinks / Instant Soy Milk,Chilled fresh soy milk,JASONS,9,9,1.0,19.11111111111111,31,0.6164874551971326,0.2436124133072853,0.2631578947368421,9.0,100.94002531433381
2024-01,category3,Dairy / Soy products / Eggs,Soy drinks / Instant Soy Milk,Chilled fresh soy milk,PARKNSHOP,8,7,0.875,18.625,31,0.6008064516129032,0.13477736083255867,0.09119496855345918,7.0,100.75459926682359
2024-01,category3,Dairy / Soy products / Eggs,Soy drinks / Instant Soy Milk,Chilled fresh soy milk,WELLCOME,10,10,1.0,23.4,31,0.7548387096774193,0.22054400363429502,0.24324324324324326,9.0,98.38627135191473
2024-01,category3,Dairy / Soy products / Eggs,Soy drinks / Instant Soy Milk,Instant soy milk,JASONS,1,0,0.0,0.0,31,0.0,,,1.0,100.02136710631106
2024-01,category3,Dairy / Soy products / Eggs,Soy drinks / Instant Soy Milk,Instant soy milk,PARKNSHOP,2,0,0.0,0.0,31,0.0,,,2.0,103.40358538482444
2024-01,category3,Dairy / Soy products / Eggs,Soy drinks / Instant Soy Milk,Instant soy milk,WELLCOME,2,0,0.0,0.0,31,0.0,,,2.0,96.5861063995277
2024-01,category3,Dairy / Soy products / Eggs,Soy drinks / Instant Soy Milk,Soy milk,JASONS,11,10,0.9090909090909091,12.181818181818182,31,0.39296187683284456,0.193734335839599,0.19047619047619047,11.0,100.42252716191426
2024-01,category3,Dairy / Soy products / Eggs,Soy drinks / Instant Soy Milk,Soy milk,PARKNSHOP,15,14,0.9333333333333333,18.666666666666668,31,0.6021505376344086,0.21577572159037958,0.22139491562568486,12.0,101.3386218844145
2024-01,category3,Dairy / Soy products / Eggs,Soy drinks / Instant Soy Milk,Soy milk,WATSONS,7,5,0.7142857142857143,5.714285714285714,31,0.18433179723502305,0.09486486486486487,0.08108108108108109,7.0,97.274754852847
2024-01,category3,Dairy / Soy products / Eggs,Soy drinks / Instant Soy Milk,Soy milk,WELLCOME,12,11,0.9166666666666666,12.75,31,0.4112903225806452,0.18800566478585054,0.19047619047619047,12.0,100.1386399499808
2024-01,category3,Drinks,Bottled water / Sports drinks /  Energy drinks,Distilled water with minerals,JASONS,1,1,1.0,31.0,31,1.0,0.14583333333333334,0.14583333333333334,1.0,96.11261888359634
2024-01,category3,Drinks,Bottled water / Sports drinks /  Energy drinks,Distilled water with minerals,PARKNSHOP,4,3,0.75,17.75,31,0.5725806451612904,0.22383750569178518,0.23076923076923078,2.0,94.62846874520403
2024-01,category3,Drinks,Bottled water / Sports drinks /  Energy drinks,Distilled water with minerals,WATSONS,2,2,1.0,2.0,31,0.06451612903225806,0.12,0.12,2.0,111.41709851109955
2024-01,category3,Drinks,Bottled water / Sports drinks /  Energy drinks,Distilled water with minerals,WELLCOME,1,1,1.0,31.0,31,1.0,0.10869565217391304,0.10869565217391304,1.0,96.11261888359634
2024-01,category3,Drinks,Bottled water / Sports drinks /  Energy drinks,Energy drinks,JASONS,6,5,0.8333333333333334,8.666666666666666,31,0.27956989247311825,0.21189542483660131,0.23333333333333334,6.0,103.6892895437036
2024-01,category3,Drinks,Bottled water / Sports drinks /  Energy drinks,Energy drinks,PARKNSHOP,6,6,1.0,11.5,31,0.3709677419354839,0.17442185535384933,0.21379602200592465,5.0,97.87536754244523
2024-01,category3,Drinks,Bottled water / Sports drinks /  Energy drinks,Energy drinks,WELLCOME,6,5,0.8333333333333334,8.666666666666666,31,0.27956989247311825,0.1929621848739496,0.21428571428571427,6.0,98.08982963345379
2024-01,category3,Drinks,Bottled water / Sports drinks /  Energy drinks,Mineral water / Spring water / Artesian water,JASONS,10,8,0.8,15.5,31,0.5,0.2503841301219938,0.21124141876430205,10.0,97.97724035352485
2024-01,category3,Drinks,Bottled water / Sports drinks /  Energy drinks,Mineral water / Spring water / Artesian water,PARKNSHOP,12,5,0.4166666666666667,8.25,31,0.2661290322580645,0.12756985983519215,0.125,9.0,106.34824684325083
2024-01,category3,Drinks,Bottled water / Sports drinks /  Energy drinks,Mineral water / Spring water / Artesian water,WELLCOME,10,8,0.8,15.6,31,0.5032258064516129,0.23668773583762137,0.20380774032459426,10.0,96.17795486218817
2024-01,category3,Drinks,Bottled water / Sports drinks /  Energy drinks,Mineralized water,JASONS,4,3,0.75,9.5,31,0.3064516129032258,0.32857142857142857,0.3333333333333333,4.0,101.87043019894575
2024-01,category3,Drinks,Bottled water / Sports drinks /  Energy drinks,Mineralized water,PARKNSHOP,4,2,0.5,15.5,31,0.5,0.18010752688172044,0.16666666666666669,,
2024-01,category3,Drinks,Bottled water / Sports drinks /  Energy drinks,Mineralized water,WELLCOME,4,3,0.75,9.5,31,0.3064516129032258,0.28138528138528135,0.2727272727272727,4.0,98.12956980105425
2024-01,category3,Drinks,Bottled water / Sports drinks /  Energy drinks,Pure distilled water,JASONS,7,4,0.5714285714285714,17.714285714285715,31,0.5714285714285715,0.22059318181818183,0.23863636363636365,7.0,97.53457799207887
2024-01,category3,Drinks,Bottled water / Sports drinks /  Energy drinks,Pure distilled water,PARKNSHOP,6,4,0.6666666666666666,13.833333333333334,31,0.44623655913978494,0.2178781292688389,0.2153846153846154,4.0,98.7823638173638
2024-01,category3,Drinks,Bottled water / Sports drinks /  Energy drinks,Pure distilled water,WATSONS,2,1,0.5,1.0,31,0.03225806451612903,0.11999999999999994,0.11999999999999994,2.0,112.79199599252938
2024-01,category3,Drinks,Bottled water / Sports drinks /  Energy drinks,Pure distilled water,WELLCOME,7,4,0.5714285714285714,17.714285714285715,31,0.5714285714285715,0.16050932971014492,0.16667083333333332,7.0,97.08163075499662
2024-01,category3,Drinks,Bottled water / Sports drinks /  Energy drinks,Sports drinks,DCHFOOD,2,0,0.0,0.0,31,0.0,,,2.0,94.27714577713738
2024-01,category3,Drinks,Bottled water / Sports drinks /  Energy drinks,Sports drinks,JASONS,9,4,0.4444444444444444,5.333333333333333,31,0.17204301075268816,0.21268856060606056,0.24318181818181817,9.0,102.6052796708762
2024-01,category3,Drinks,Bottled water / Sports drinks /  Energy drinks,Sports drinks,PARKNSHOP,9,7,0.7777777777777778,9.555555555555555,31,0.3082437275985663,0.1690637564561064,0.14354066985645933,9.0,99.61334710773751
2024-01,category3,Drinks,Bottled water / Sports drinks /  Energy drinks,Sports drinks,WATSONS,1,0,0.0,0.0,31,0.0,,,1.0,94.71327264566371
2024-01,category3,Drinks,Bottled water / Sports drinks /  Energy drinks,Sports drinks,WELLCOME,9,4,0.4444444444444444,5.333333333333333,31,0.17204301075268816,0.2069469338118022,0.24880382775119617,9.0,100.02634249490137
2024-01,category3,Drinks,Carbonated drinks,Bottles,JASONS,9,2,0.2222222222222222,2.6666666666666665,31,0.08602150537634408,0.25396825396825395,0.25396825396825395,9.0,102.14121988036004
2024-01,category3,Drinks,Carbonated drinks,Bottles,PARKNSHOP,11,11,1.0,15.727272727272727,31,0.5073313782991202,0.11357441450516242,0.1,8.0,97.64784659548168
2024-01,category3,Drinks,Carbonated drinks,Bottles,WELLCOME,9,2,0.2222222222222222,2.6666666666666665,31,0.08602150537634408,0.21323529411764708,0.21323529411764708,9.0,99.77731219415122
2024-01,category3,Drinks,Carbonated drinks,Canned,DCHFOOD,1,0,0.0,0.0,31,0.0,,,1.0,108.09155269698792
2024-01,category3,Drinks,Carbonated drinks,Canned,JASONS,10,8,0.8,13.3,31,0.42903225806451617,0.21413340699853348,0.24342105263157895,10.0,99.91450039836366
2024-01,category3,Drinks,Carbonated drinks,Canned,PARKNSHOP,9,7,0.7777777777777778,11.11111111111111,31,0.35842293906810035,0.18530701754385964,0.23815789473684212,9.0,99.69699445010161
2024-01,category3,Drinks,Carbonated drinks,Canned,WELLCOME,10,8,0.8,13.3,31,0.42903225806451617,0.21964811288088643,0.24342105263157895,10.0,99.56022671961608
2024-01,category3,Drinks,Cereal drinks / Malted drinks / Chocolate drinks,Cereal drinks / Malted drinks,JASONS,3,0,0.0,0.0,31,0.0,,,3.0,102.51382648034699
2024-01,category3,Drinks,Cereal drinks / Malted drinks / Chocolate drinks,Cereal drinks / Malted drinks,PARKNSHOP,5,1,0.2,1.4,31,0.04516129032258064,0.12400000000000004,0.12400000000000005,3.0,99.58326743191054
2024-01,category3,Drinks,Cereal drinks / Malted drinks / Chocolate drinks,Cereal drinks / Malted drinks,WELLCOME,3,0,0.0,0.0,31,0.0,,,3.0,97.90290608774244
2024-01,category3,Drinks,Coffee / Tea bags / Milk tea / Yuan yang,Chinese tea bags,JASONS,3,2,0.6666666666666666,8.666666666666666,31,0.27956989247311825,0.23987854251012147,0.21153846153846156,3.0,101.82215351970088
2024-01,category3,Drinks,Coffee / Tea bags / Milk tea / Yuan yang,Chinese tea bags,PARKNSHOP,7,7,1.0,6.428571428571429,31,0.20737327188940094,0.13146959877729109,0.10000000000000005,3.0,99.44704330051364
2024-01,category3,Drinks,Coffee / Tea bags / Milk tea / Yuan yang,Chinese tea bags,WELLCOME,3,2,0.6666666666666666,8.666666666666666,31,0.27956989247311825,0.22447368421052633,0.195,3.0,98.73080317978553
2024-01,category3,Drinks,Coffee / Tea bags / Milk tea / Yuan yang,Coffee drinks,DCHFOOD,1,0,0.0,0.0,31,0.0,,,1.0,104.45355991796075
2024-01,category3,Drinks,Coffee / Tea bags / Milk tea / Yuan yang,Coffee drinks,PARKNSHOP,2,2,1.0,9.5,31,0.3064516129032258,0.2975575336517585,0.2975575336517586,1.0,95.54644008203927
2024-01,category3,Drinks,Coffee / Tea bags / Milk tea / Yuan yang,Instant coffee,JASONS,13,7,0.5384615384615384,7.230769230769231,31,0.23325062034739455,0.28766650016650014,0.2549019607843137,13.0,101.41918388061208
2024-01,category3,Drinks,Coffee / Tea bags / Milk tea / Yuan yang,Instant coffee,PARKNSHOP,19,18,0.9473684210526315,7.368421052631579,31,0.23769100169779286,0.1878387919616877,0.10000000000000006,13.0,100.35034217686413
2024-01,category3,Drinks,Coffee / Tea bags / Milk tea / Yuan yang,Instant coffee,WELLCOME,12,7,0.5833333333333334,7.833333333333333,31,0.25268817204301075,0.2769574175824176,0.25,11.0,97.76100180121992
2024-01,category3,Drinks,Coffee / Tea bags / Milk tea / Yuan yang,Instant milk tea,JASONS,3,3,1.0,8.0,31,0.25806451612903225,0.22777777777777777,0.21666666666666667,3.0,100.30836136412857
2024-01,category3,Drinks,Coffee / Tea bags / Milk tea / Yuan yang,Instant milk tea,PARKNSHOP,5,5,1.0,6.6,31,0.2129032258064516,0.11654108826681323,0.09999999999999991,4.0,101.19697829884977
2024-01,category3,Drinks,Coffee / Tea bags / Milk tea / Yuan yang,Instant milk tea,WELLCOME,4,4,1.0,10.25,31,0.33064516129032256,0.2061866125760649,0.22413793103448276,4.0,98.54313124765258
2024-01,category3,Drinks,Coffee / Tea bags / Milk tea / Yuan yang,Milk tea drinks,JASONS,3,2,0.6666666666666666,9.333333333333334,31,0.3010752688172043,0.31617647058823534,0.3161764705882353,3.0,100.20164542668171
2024-01,category3,Drinks,Coffee / Tea bags / Milk tea / Yuan yang,Milk tea drinks,PARKNSHOP,3,3,1.0,11.333333333333334,31,0.3655913978494624,0.19857954545454548,0.25,3.0,102.88756251008226
2024-01,category3,Drinks,Coffee / Tea bags / Milk tea / Yuan yang,Milk tea drinks,WELLCOME,3,2,0.6666666666666666,9.333333333333334,31,0.3010752688172043,0.2734375,0.2734375,3.0,96.910792063236
2024-01,category3,Drinks,Coffee / Tea bags / Milk tea / Yuan yang,Western tea bags,JASONS,3,3,1.0,6.333333333333333,31,0.2043010752688172,0.1454691142191142,0.11538461538461539,3.0,102.43387821868153
2024-01,category3,Drinks,Coffee / Tea bags / Milk tea / Yuan yang,Western tea bags,PARKNSHOP,5,5,1.0,3.4,31,0.10967741935483871,0.1016432865731463,0.10000000000000005,3.0,99.32375585149626
2024-01,category3,Drinks,Coffee / Tea bags / Milk tea / Yuan yang,Western tea bags,WELLCOME,3,3,1.0,6.333333333333333,31,0.2043010752688172,0.13464646464646465,0.11,3.0,98.2423659298222
2024-01,category3,Drinks,Fruit Juices / Cordials,Ambient juices/juice drinks,JASONS,14,7,0.5,6.785714285714286,31,0.21889400921658986,0.2006360149226368,0.2222222222222222,14.0,102.31193610042315
2024-01,category3,Drinks,Fruit Juices / Cordials,Ambient juices/juice drinks,PARKNSHOP,16,8,0.5,6.9375,31,0.22379032258064516,0.17610805665281698,0.17261904761904762,14.0,98.13670911680506
2024-01,category3,Drinks,Fruit Juices / Cordials,Ambient juices/juice drinks,WATSONS,1,1,1.0,26.0,31,0.8387096774193549,0.31230769230769234,0.32,1.0,98.23115232697923
2024-01,category3,Drinks,Fruit Juices / Cordials,Ambient juices/juice drinks,WELLCOME,15,7,0.4666666666666667,6.333333333333333,31,0.2043010752688172,0.177089336532061,0.17647058823529413,14.0,99.59534981228101
2024-01,category3,Drinks,Fruit Juices / Cordials,Chilled juices/juice drinks,JASONS,4,4,1.0,7.0,31,0.22580645161290322,0.23451576576576577,0.23986486486486486,4.0,101.23690611552809
2024-01,category3,Drinks,Fruit Juices / Cordials,Chilled juices/juice drinks,PARKNSHOP,3,3,1.0,16.333333333333332,31,0.5268817204301075,0.3339443912058595,0.3034934497816594,2.0,96.49318942927833
2024-01,category3,Drinks,Fruit Juices / Cordials,Chilled juices/juice drinks,WELLCOME,4,4,1.0,7.0,31,0.22580645161290322,0.22916666666666669,0.22916666666666669,4.0,99.98878618095345
2024-01,category3,Drinks,Fruit Juices / Cordials,Cordials,AEON,1,0,0.0,0.0,31,0.0,,,,
2024-01,category3,Drinks,Fruit Juices / Cordials,Cordials,JASONS,1,0,0.0,0.0,31,0.0,,,1.0,100.01207328483899
2024-01,category3,Drinks,Fruit Juices / Cordials,Cordials,PARKNSHOP,1,0,0.0,0.0,31,0.0,,,1.0,101.60574688358335
2024-01,category3,Drinks,Fruit Juices / Cordials,Cordials,WELLCOME,1,0,0.0,0.0,31,0.0,,,1.0,98.38217983157767
2024-01,category3,Drinks,Oriental drinks,Green tea,AEON,1,0,0.0,0.0,31,0.0,,,1.0,106.09768025185251
2024-01,category3,Drinks,Oriental drinks,Green tea,DCHFOOD,3,0,0.0,0.0,31,0.0,,,3.0,109.13223011386735
2024-01,category3,Drinks,Oriental drinks,Green tea,JASONS,5,5,1.0,20.4,31,0.6580645161290322,0.21556984287169662,0.17647058823529413,5.0,95.29545218592959
2024-01,category3,Drinks,Oriental drinks,Green tea,PARKNSHOP,5,5,1.0,17.0,31,0.5483870967741935,0.1692525546327835,0.19540229885057464,5.0,102.2970434921651
2024-01,category3,Drinks,Oriental drinks,Green tea,WELLCOME,5,5,1.0,21.0,31,0.6774193548387096,0.21550760197533805,0.17647058823529413,5.0,95.11478548293363
2024-01,category3,Drinks,Oriental drinks,Health drinks,DCHFOOD,4,4,1.0,3.0,31,0.0967741935483871,,,3.0,143.1557327308543
2024-01,category3,Drinks,Oriental drinks,Health drinks,JASONS,5,5,1.0,23.8,31,0.767741935483871,0.3221229068877126,0.3333333333333333,5.0,96.41663773937883
2024-01,category3,Drinks,Oriental drinks,Health drinks,PARKNSHOP,6,6,1.0,27.0,31,0.8709677419354839,0.33503823345817724,0.43820224719101125,6.0,92.5566170629169
2024-01,category3,Drinks,Oriental drinks,Health drinks,WELLCOME,8,8,1.0,24.375,31,0.7862903225806451,0.311398596176822,0.3333333333333333,7.0,93.47657487410837
2024-01,category3,Drinks,Oriental drinks,Honey Citron Tea,JASONS,1,0,0.0,0.0,31,0.0,,,1.0,105.4306088864509
2024-01,category3,Drinks,Oriental drinks,Honey Citron Tea,PARKNSHOP,2,2,1.0,4.0,31,0.12903225806451613,0.09999999999999999,0.09999999999999999,1.0,92.53976961053209
2024-01,category3,Drinks,Oriental drinks,Honey Citron Tea,WELLCOME,1,0,0.0,0.0,31,0.0,,,1.0,102.029621503017
2024-01,category3,Drinks,Oriental drinks,Lemon tea,AEON,1,0,0.0,0.0,31,0.0,,,1.0,106.1746876465121
2024-01,category3,Drinks,Oriental drinks,Lemon tea,JASONS,3,3,1.0,18.333333333333332,31,0.5913978494623655,0.2199074074074074,0.21875,3.0,97.48232809962715
2024-01,category3,Drinks,Oriental drinks,Lemon tea,PARKNSHOP,5,5,1.0,18.6,31,0.6000000000000001,0.19554447712418305,0.20625000000000004,5.0,104.16265542180847
2024-01,category3,Drinks,Oriental drinks,Lemon tea,WELLCOME,5,4,0.8,15.8,31,0.5096774193548387,0.21961805555555555,0.21875,5.0,96.2238832243005
2024-01,category3,Drinks,Oriental drinks,Tea,JASONS,5,5,1.0,13.6,31,0.43870967741935485,0.23278597033685267,0.23076923076923078,5.0,98.19655975090213
2024-01,category3,Drinks,Oriental drinks,Tea,PARKNSHOP,5,5,1.0,16.0,31,0.5161290322580645,0.2062631683697269,0.20625000000000004,5.0,103.60688049819575
2024-01,category3,Drinks,Oriental drinks,Tea,WELLCOME,6,6,1.0,16.5,31,0.532258064516129,0.25372546512539396,0.24501239316239318,5.0,98.19655975090213
2024-01,category3,Household / Pet food and care,Batteries,AA batteries,JASONS,4,1,0.25,3.0,31,0.0967741935483871,0.25,0.25,4.0,97.09549468803662
2024-01,category3,Household / Pet food and care,Batteries,AA batteries,PARKNSHOP,5,0,0.0,0.0,31,0.0,,,5.0,106.55212575270725
2024-01,category3,Household / Pet food and care,Batteries,AA batteries,WATSONS,1,0,0.0,0.0,31,0.0,,,1.0,110.6723181363934
2024-01,category3,Household / Pet food and care,Batteries,AA batteries,WELLCOME,5,1,0.2,2.4,31,0.07741935483870968,0.25,0.25,5.0,94.14007582828773
2024-01,category3,Household / Pet food and care,Batteries,AAA batteries,JASONS,2,1,0.5,6.0,31,0.1935483870967742,0.25,0.25,2.0,95.42867268570343
2024-01,category3,Household / Pet food and care,Batteries,AAA batteries,PARKNSHOP,6,0,0.0,0.0,31,0.0,,,5.0,103.59002438028058
2024-01,category3,Household / Pet food and care,Batteries,AAA batteries,WATSONS,2,0,0.0,0.0,31,0.0,,,2.0,109.72755079636858
2024-01,category3,Household / Pet food and care,Batteries,AAA batteries,WELLCOME,5,1,0.2,2.4,31,0.07741935483870968,0.25,0.25,5.0,94.37329379058524
2024-01,category3,Household / Pet food and care,Dehumidfiers / Mold prevention,Dehumidifiers - tank,JASONS,3,1,0.3333333333333333,4.666666666666667,31,0.15053763440860216,0.15625,0.15625,3.0,102.77044881718376
2024-01,category3,Household / Pet food and care,Dehumidfiers / Mold prevention,Dehumidifiers - tank,PARKNSHOP,3,3,1.0,8.666666666666666,31,0.27956989247311825,0.0462962962962963,0.0,1.0,102.57803941113688
2024-01,category3,Household / Pet food and care,Dehumidfiers / Mold prevention,Dehumidifiers - tank,WATSONS,1,0,0.0,0.0,31,0.0,,,1.0,92.99373239734628
2024-01,category3,Household / Pet food and care,Dehumidfiers / Mold prevention,Dehumidifiers - tank,WELLCOME,3,1,0.3333333333333333,4.666666666666667,31,0.15053763440860216,0.13333333333333333,0.13333333333333333,3.0,99.14541042066314
2024-01,category3,Household / Pet food and care,Dehumidfiers / Mold prevention,Dehumidifying bags,JASONS,2,0,0.0,0.0,31,0.0,,,2.0,103.05697664950264
2024-01,category3,Household / Pet food and care,Dehumidfiers / Mold prevention,Dehumidifying bags,PARKNSHOP,3,3,1.0,9.0,31,0.2903225806451613,0.044444444444444474,0.0,2.0,97.7793102633093
2024-01,category3,Household / Pet food and care,Dehumidfiers / Mold prevention,Dehumidifying bags,WELLCOME,2,0,0.0,0.0,31,0.0,,,2.0,99.1637130871881
2024-01,category3,Household / Pet food and care,Electrical products,Compact fluorescent lamps / Energy saving lamps,PARKNSHOP,2,0,0.0,0.0,31,0.0,,,,
2024-01,category3,Household / Pet food and care,Household cleaning,Air Conditioner Cleaner,JASONS,1,0,0.0,0.0,31,0.0,,,1.0,101.87667560321717
2024-01,category3,Household / Pet food and care,Household cleaning,Air Conditioner Cleaner,PARKNSHOP,2,2,1.0,17.5,31,0.5645161290322581,0.2568376068376068,0.25,,
2024-01,category3,Household / Pet food and care,Household cleaning,Air Conditioner Cleaner,WELLCOME,1,0,0.0,0.0,31,0.0,,,1.0,98.12332439678283
2024-01,category3,Household / Pet food and care,Household cleaning,Bathroom cleaners,JASONS,2,1,0.5,3.5,31,0.11290322580645161,0.11764705882352941,0.11764705882352941,2.0,98.81505757677225
2024-01,category3,Household / Pet food and care,Household cleaning,Bathroom cleaners,PARKNSHOP,4,4,1.0,9.5,31,0.3064516129032258,0.057432818753573464,0.0,3.0,97.77542542930489
2024-01,category3,Household / Pet food and care,Household cleaning,Bathroom cleaners,WATSONS,2,0,0.0,0.0,31,0.0,,,2.0,108.96043349849887
2024-01,category3,Household / Pet food and care,Household cleaning,Bathroom cleaners,WELLCOME,2,1,0.5,7.0,31,0.22580645161290322,0.09375,0.09375,2.0,93.86432900305688
2024-01,category3,Household / Pet food and care,Household cleaning,Bleach,JASONS,5,3,0.6,8.4,31,0.2709677419354839,0.24537037037037038,0.3125,5.0,99.6256109312545
2024-01,category3,Household / Pet food and care,Household cleaning,Bleach,PARKNSHOP,8,8,1.0,17.125,31,0.5524193548387096,0.0732621060726909,0.060505542492442006,7.0,102.04125641729125
2024-01,category3,Household / Pet food and care,Household cleaning,Bleach,WATSONS,2,0,0.0,0.0,31,0.0,,,2.0,99.15417575941
2024-01,category3,Household / Pet food and care,Household cleaning,Bleach,WELLCOME,7,4,0.5714285714285714,8.571428571428571,31,0.27649769585253453,0.18566176470588236,0.18566176470588236,7.0,98.42867772574078
2024-01,category3,Household / Pet food and care,Household cleaning,Dishwashing liquid,AEON,2,0,0.0,0.0,31,0.0,,,2.0,94.77171478426753
2024-01,category3,Household / Pet food and care,Household cleaning,Dishwashing liquid,JASONS,10,7,0.7,13.6,31,0.43870967741935485,0.1447038082754755,0.13242009132420085,9.0,98.22436517963283
2024-01,category3,Household / Pet food and care,Household cleaning,Dishwashing liquid,PARKNSHOP,9,9,1.0,16.22222222222222,31,0.5232974910394265,0.08719063859094468,0.09999999999999991,7.0,103.51124460193743
2024-01,category3,Household / Pet food and care,Household cleaning,Dishwashing liquid,WATSONS,2,0,0.0,0.0,31,0.0,,,2.0,126.99267306701618
2024-01,category3,Household / Pet food and care,Household cleaning,Dishwashing liquid,WELLCOME,11,7,0.6363636363636364,12.363636363636363,31,0.39882697947214074,0.15128724812279568,0.13242009132420085,10.0,96.0197954306964
2024-01,category3,Household / Pet food and care,Household cleaning,Disinfectants,JASONS,2,1,0.5,9.5,31,0.3064516129032258,0.19852941176470587,0.19852941176470587,2.0,103.04756096815922
2024-01,category3,Household / Pet food and care,Household cleaning,Disinfectants,PARKNSHOP,2,2,1.0,16.5,31,0.532258064516129,0.08435306454374254,0.08050847457627121,2.0,101.51220029669719
2024-01,category3,Household / Pet food and care,Household cleaning,Disinfectants,WATSONS,2,1,0.5,8.5,31,0.27419354838709675,0.13762109257964644,0.15110356536502545,2.0,93.21911991686706
2024-01,category3,Household / Pet food and care,Household cleaning,Disinfectants,WELLCOME,2,1,0.5,9.5,31,0.3064516129032258,0.16024653312788914,0.16024653312788914,2.0,102.22111881827661
2024-01,category3,Household / Pet food and care,Household cleaning,Drain cleaners,JASONS,2,0,0.0,0.0,31,0.0,,,2.0,99.67899757001734
2024-01,category3,Household / Pet food and care,Household cleaning,Drain cleaners,PARKNSHOP,4,4,1.0,9.75,31,0.31451612903225806,0.06715019102196752,0.0,3.0,100.33850621379561
2024-01,category3,Household / Pet food and care,Household cleaning,Drain cleaners,WATSONS,1,0,0.0,0.0,31,0.0,,,1.0,106.3646060852339
2024-01,category3,Household / Pet food and care,Household cleaning,Drain cleaners,WELLCOME,2,0,0.0,0.0,31,0.0,,,2.0,96.0718785429281
2024-01,category3,Household / Pet food and care,Household cleaning,Furniture polish,JASONS,1,0,0.0,0.0,31,0.0,,,1.0,102.28967267727778
2024-01,category3,Household / Pet food and care,Household cleaning,Furniture polish,PARKNSHOP,1,1,1.0,9.0,31,0.2903225806451613,0.044444444444444446,0.0,1.0,99.02525866779476
2024-01,category3,Household / Pet food and care,Household cleaning,Furniture polish,WATSONS,1,0,0.0,0.0,31,0.0,,,1.0,100.54113126399098
2024-01,category3,Household / Pet food and care,Household cleaning,Furniture polish,WELLCOME,1,0,0.0,0.0,31,0.0,,,1.0,98.1439373909365
2024-01,category3,Household / Pet food and care,Household cleaning,General cleaners,JASONS,4,4,1.0,22.75,31,0.7338709677419355,0.2572751950242463,0.21029411764705883,4.0,94.77491560901716
2024-01,category3,Household / Pet food and care,Household cleaning,General cleaners,PARKNSHOP,4,4,1.0,15.75,31,0.5080645161290323,0.1572299530656463,0.1134498480243161,4.0,110.83746392350855
2024-01,category3,Household / Pet food and care,Household cleaning,General cleaners,WATSONS,1,1,1.0,28.0,31,0.9032258064516129,0.34989495798319326,0.3235294117647059,1.0,104.54726779745897
2024-01,category3,Household / Pet food and care,Household cleaning,General cleaners,WELLCOME,4,4,1.0,22.75,31,0.7338709677419355,0.25024797308952906,0.21363636363636362,4.0,93.90380922429131
2024-01,category3,Household / Pet food and care,Household cleaning,Glass cleaners,JASONS,2,1,0.5,7.0,31,0.22580645161290322,0.11764705882352941,0.11764705882352941,2.0,101.38910556629214
2024-01,category3,Household / Pet food and care,Household cleaning,Glass cleaners,PARKNSHOP,3,3,1.0,9.666666666666666,31,0.3118279569892473,0.061762276856616484,0.0,3.0,99.83115442134208
2024-01,category3,Household / Pet food and care,Household cleaning,Glass cleaners,WATSONS,1,0,0.0,0.0,31,0.0,,,1.0,109.45511967495254
2024-01,category3,Household / Pet food and care,Household cleaning,Glass cleaners,WELLCOME,3,1,0.3333333333333333,4.666666666666667,31,0.15053763440860216,0.09375,0.09375,3.0,96.24197983501375
2024-01,category3,Household / Pet food and care,Household cleaning,Gloves,JASONS,4,3,0.75,10.25,31,0.33064516129032256,0.16263157894736843,0.15789473684210525,4.0,100.33902012248468
2024-01,category3,Household / Pet food and care,Household cleaning,Gloves,PARKNSHOP,5,5,1.0,10.8,31,0.34838709677419355,0.07356837905307602,0.0,5.0,101.45325252222706
2024-01,category3,Household / Pet food and care,Household cleaning,Gloves,WELLCOME,5,3,0.6,12.4,31,0.4,0.18656859833330422,0.16216216216216217,5.0,98.23969683734704
2024-01,category3,Household / Pet food and care,Household cleaning,Kitchen cleaners,JASONS,2,0,0.0,0.0,31,0.0,,,2.0,103.52621310434526
2024-01,category3,Household / Pet food and care,Household cleaning,Kitchen cleaners,PARKNSHOP,2,2,1.0,8.5,31,0.27419354838709675,0.0409722222222222,0.0,2.0,97.88228052085982
2024-01,category3,Household / Pet food and care,Household cleaning,Kitchen cleaners,WELLCOME,2,0,0.0,0.0,31,0.0,,,2.0,98.5915063747949
2024-01,category3,Household / Pet food and care,Household cleaning,Mops,JASONS,4,2,0.5,14.25,31,0.4596774193548387,0.15620365793376173,0.15620365793376173,4.0,102.14111883781246
2024-01,category3,Household / Pet food and care,Household cleaning,Mops,PARKNSHOP,4,4,1.0,15.75,31,0.5080645161290323,0.07420473415443485,0.06792452830188682,4.0,99.29942595098169
2024-01,category3,Household / Pet food and care,Household cleaning,Mops,WELLCOME,4,2,0.5,14.25,31,0.4596774193548387,0.16811386041653065,0.16811386041653065,4.0,98.55945521120586
2024-01,category3,Household / Pet food and care,Household cleaning,Scourers / Sponges,JASONS,2,2,1.0,28.5,31,0.9193548387096774,0.24193548387096775,0.25,2.0,101.704619555311
2024-01,category3,Household / Pet food and care,Household cleaning,Scourers / Sponges,PARKNSHOP,2,2,1.0,24.0,31,0.7741935483870968,0.15579882044560944,0.17431192660550462,2.0,101.80172617919483
2024-01,category3,Household / Pet food and care,Household cleaning,Scourers / Sponges,WELLCOME,2,2,1.0,28.5,31,0.9193548387096774,0.20365833086712046,0.2125366972477064,2.0,96.49365426549417
2024-01,category3,Household / Pet food and care,Household cleaning,Toilet cleaners,JASONS,5,2,0.4,8.0,31,0.25806451612903225,0.215151696129957,0.19293478260869565,5.0,99.97878170201389
2024-01,category3,Household / Pet food and care,Household cleaning,Toilet cleaners,PARKNSHOP,6,6,1.0,20.0,31,0.6451612903225806,0.1044813929422795,0.11439807046979868,4.0,97.91229980737273
2024-01,category3,Household / Pet food and care,Household cleaning,Toilet cleaners,WATSONS,4,0,0.0,0.0,31,0.0,,,4.0,108.07013357988116
2024-01,category3,Household / Pet food and care,Household cleaning,Toilet cleaners,WELLCOME,4,2,0.5,10.0,31,0.3225806451612903,0.20606508875739643,0.175,4.0,94.90174628296556
2024-01,category3,Household / Pet food and care,Insecticides,Insecticides,JASONS,4,0,0.0,0.0,31,0.0,,,4.0,102.6023649729591
2024-01,category3,Household / Pet food and care,Insecticides,Insecticides,PARKNSHOP,5,5,1.0,8.8,31,0.2838709677419355,0.04555555555555555,0.0,4.0,97.42865839960243
2024-01,category3,Household / Pet food and care,Insecticides,Insecticides,WELLCOME,4,0,0.0,0.0,31,0.0,,,4.0,99.96897662743848
2024-01,category3,Household / Pet food and care,Insecticides,Mosquito repellent,JASONS,2,0,0.0,0.0,31,0.0,,,2.0,102.20006284199978
2024-01,category3,Household / Pet food and care,Insecticides,Mosquito repellent,PARKNSHOP,3,3,1.0,8.666666666666666,31,0.27956989247311825,0.04629629629629629,0.0,2.0,99.19016819127683
2024-01,category3,Household / Pet food and care,Insecticides,Mosquito repellent,WELLCOME,2,0,0.0,0.0,31,0.0,,,2.0,98.60976896672338
2024-01,category3,Household / Pet food and care,Laundry needs,Laundry powder detergents,JASONS,7,0,0.0,0.0,31,0.0,,,7.0,100.43841057295326
2024-01,category3,Household / Pet food and care,Laundry needs,Laundry powder detergents,PARKNSHOP,8,8,1.0,5.0,31,0.16129032258064516,0.0,0.0,7.0,100.22588306341564
2024-01,category3,Household / Pet food and care,Laundry needs,Laundry powder detergents,WATSONS,2,0,0.0,0.0,31,0.0,,,2.0,100.43520309477756
2024-01,category3,Household / Pet food and care,Laundry needs,Laundry powder detergents,WELLCOME,8,0,0.0,0.0,31,0.0,,,7.0,99.22595855132887
2024-01,category3,Household / Pet food and care,Laundry needs,Liquid laundry detergents,JASONS,8,3,0.375,6.875,31,0.2217741935483871,0.12749615975422426,0.14285714285714285,8.0,101.92887418119179
2024-01,category3,Household / Pet food and care,Laundry needs,Liquid laundry detergents,PARKNSHOP,8,8,1.0,13.875,31,0.4475806451612903,0.04611032744504955,0.048494983277591955,8.0,98.53557218184703
2024-01,category3,Household / Pet food and care,Laundry needs,Liquid laundry detergents,WATSONS,3,0,0.0,0.0,31,0.0,,,2.0,101.45152156418587
2024-01,category3,Household / Pet food and care,Laundry needs,Liquid laundry detergents,WELLCOME,7,3,0.42857142857142855,7.857142857142857,31,0.2534562211981567,0.11503675576902113,0.12406015037593975,7.0,98.92801785036603
2024-01,category3,Household / Pet food and care,Laundry needs,Softeners,JASONS,5,5,1.0,26.2,31,0.8451612903225806,0.18082778399171434,0.15217391304347827,5.0,102.95903115946157
2024-01,category3,Household / Pet food and care,Laundry needs,Softeners,PARKNSHOP,7,7,1.0,24.428571428571427,31,0.7880184331797234,0.16505991944975018,0.12663755458515277,5.0,97.73085109268918
2024-01,category3,Household / Pet food and care,Laundry needs,Softeners,WELLCOME,5,5,1.0,26.0,31,0.8387096774193549,0.18478281637280963,0.1590909090909091,5.0,99.31011774784922
2024-01,category3,Household / Pet food and care,Laundry needs,Stain Removers,JASONS,1,0,0.0,0.0,31,0.0,,,1.0,103.89212381244255
2024-01,category3,Household / Pet food and care,Laundry needs,Stain Removers,PARKNSHOP,1,1,1.0,5.0,31,0.16129032258064516,0.0,0.0,1.0,95.83588722034936
2024-01,category3,Household / Pet food and care,Laundry needs,Stain Removers,WELLCOME,1,0,0.0,0.0,31,0.0,,,1.0,100.2719889672081
2024-01,category3,Household / Pet food and care,Paper,Bathroom tissues / Toilet tissues / Toilet rolls / Toilet paper,JASONS,11,11,1.0,27.09090909090909,31,0.873900293255132,0.2313655705730831,0.24012158054711244,11.0,99.25928143957596
2024-01,category3,Household / Pet food and care,Paper,Bathroom tissues / Toilet tissues / Toilet rolls / Toilet paper,PARKNSHOP,13,13,1.0,30.307692307692307,31,0.9776674937965261,0.20754207425587656,0.21184210526315791,6.0,98.42663264139944
2024-01,category3,Household / Pet food and care,Paper,Bathroom tissues / Toilet tissues / Toilet rolls / Toilet paper,WATSONS,2,0,0.0,0.0,31,0.0,,,2.0,109.84163942408951
2024-01,category3,Household / Pet food and care,Paper,Bathroom tissues / Toilet tissues / Toilet rolls / Toilet paper,WELLCOME,11,11,1.0,26.454545454545453,31,0.8533724340175952,0.21494602417386374,0.24012158054711244,11.0,99.58678767829224
2024-01,category3,Household / Pet food and care,Paper,Boxed facial tissues,JASONS,5,4,0.8,24.8,31,0.8,0.18471000325839035,0.19444444444444445,5.0,104.06582348978124
2024-01,category3,Household / Pet food and care,Paper,Boxed facial tissues,PARKNSHOP,8,8,1.0,26.5,31,0.8548387096774194,0.23724235080408798,0.2412900188323917,5.0,95.03962496155825
2024-01,category3,Household / Pet food and care,Paper,Boxed facial tissues,WATSONS,2,2,1.0,23.0,31,0.7419354838709677,0.11278284363390743,0.10722728807835188,2.0,103.91639678140963
2024-01,category3,Household / Pet food and care,Paper,Boxed facial tissues,WELLCOME,4,4,1.0,31.0,31,1.0,0.1865386343973663,0.19444444444444445,4.0,98.9485849084703
2024-01,category3,Household / Pet food and care,Paper,Hand paper towels,JASONS,1,1,1.0,31.0,31,1.0,0.3024193548387097,0.28125,1.0,96.13553220672307
2024-01,category3,Household / Pet food and care,Paper,Hand paper towels,PARKNSHOP,2,2,1.0,25.0,31,0.8064516129032258,0.389316199859211,0.3883647798742138,1.0,95.75604691802958
2024-01,category3,Household / Pet food and care,Paper,Hand paper towels,WATSONS,1,0,0.0,0.0,31,0.0,,,1.0,111.97288866852426
2024-01,category3,Household / Pet food and care,Paper,Hand paper towels,WELLCOME,1,1,1.0,31.0,31,1.0,0.3024193548387097,0.28125,1.0,96.13553220672307
2024-01,category3,Household / Pet food and care,Paper,Kitchen paper towels,JASONS,2,2,1.0,14.5,31,0.46774193548387094,0.2569607843137255,0.26416666666666666,2.0,98.10401736700146
2024-01,category3,Household / Pet food and care,Paper,Kitchen paper towels,PARKNSHOP,7,7,1.0,20.857142857142858,31,0.6728110599078341,0.13969673158556223,0.1397849462365591,3.0,99.84296075438439
2024-01,category3,Household / Pet food and care,Paper,Kitchen paper towels,WATSONS,3,2,0.6666666666666666,7.666666666666667,31,0.24731182795698925,0.17559523809523808,0.17559523809523808,3.0,103.03542959961835
2024-01,category3,Household / Pet food and care,Paper,Kitchen paper towels,WELLCOME,4,3,0.75,11.5,31,0.3709677419354839,0.2083442265795207,0.20833333333333334,4.0,99.0297533118827
2024-01,category3,Household / Pet food and care,Paper,Pocket size facial tissues,JASONS,2,2,1.0,31.0,31,1.0,0.23775388291517324,0.25925925925925924,2.0,96.26780307527079
2024-01,category3,Household / Pet food and care,Paper,Pocket size facial tissues,MANNINGS,1,0,0.0,0.0,31,0.0,,,1.0,106.56198899301953
2024-01,category3,Household / Pet food and care,Paper,Pocket size facial tissues,PARKNSHOP,2,2,1.0,31.0,31,1.0,0.23492025422712548,0.2565055762081784,2.0,96.26780307527079
2024-01,category3,Household / Pet food and care,Paper,Pocket size facial tissues,WATSONS,2,2,1.0,12.5,31,0.4032258064516129,0.22228506787330315,0.23076923076923078,2.0,107.88411206243292
2024-01,category3,Household / Pet food and care,Paper,Pocket size facial tissues,WELLCOME,2,2,1.0,31.0,31,1.0,0.20843672456575682,0.23076923076923078,2.0,96.26780307527079
2024-01,category3,Household / Pet food and care,Paper,Soft pack facial tissues,JASONS,2,2,1.0,28.5,31,0.9193548387096774,0.4090378707314191,0.4375,2.0,100.71403892663827
2024-01,category3,Household / Pet food and care,Paper,Soft pack facial tissues,PARKNSHOP,3,3,1.0,19.666666666666668,31,0.6344086021505376,0.2548048484136557,0.2768166089965398,2.0,100.21306000230335
2024-01,category3,Household / Pet food and care,Paper,Soft pack facial tissues,WELLCOME,2,2,1.0,28.5,31,0.9193548387096774,0.38937722515913253,0.42391304347826086,2.0,99.0729010710584
2024-01,category3,Household / Pet food and care,Paper,Wet tissues,JASONS,2,1,0.5,15.0,31,0.4838709677419355,0.22490421455938697,0.1896551724137931,2.0,101.99124933665391
2024-01,category3,Household / Pet food and care,Paper,Wet tissues,PARKNSHOP,2,2,1.0,20.0,31,0.6451612903225806,0.16420086069454934,0.1245819397993311,2.0,97.54501394953503
2024-01,category3,Household / Pet food and care,Paper,Wet tissues,WATSONS,2,1,0.5,2.5,31,0.08064516129032258,0.1164658634538152,0.11646586345381521,2.0,102.58137962773345
2024-01,category3,Household / Pet food and care,Paper,Wet tissues,WELLCOME,2,1,0.5,15.5,31,0.5,0.23205423608649414,0.19642857142857142,2.0,97.88235708607753
2024-01,category3,Household / Pet food and care,Pet care,Cat Litter,JASONS,1,1,1.0,31.0,31,1.0,0.1137154792295196,0.14388489208633093,1.0,100.0996015936255
2024-01,category3,Household / Pet food and care,Pet care,Cat Litter,PARKNSHOP,1,1,1.0,31.0,31,1.0,0.12141769347916387,0.14878397711015745,1.0,99.80079681274901
2024-01,category3,Household / Pet food and care,Pet care,Cat Litter,WELLCOME,1,1,1.0,31.0,31,1.0,0.1137154792295196,0.14388489208633093,1.0,100.0996015936255
2024-01,category3,Household / Pet food and care,Pet food,Canned Cat Foods / Wet Cat Foods,AEON,3,0,0.0,0.0,31,0.0,,,3.0,132.05294735331015
2024-01,category3,Household / Pet food and care,Pet food,Canned Cat Foods / Wet Cat Foods,JASONS,4,4,1.0,30.75,31,0.9919354838709677,0.28171125710678685,0.28125,4.0,103.49330845775111
2024-01,category3,Household / Pet food and care,Pet food,Canned Cat Foods / Wet Cat Foods,PARKNSHOP,7,7,1.0,27.285714285714285,31,0.880184331797235,0.40590150729975255,0.3181818181818181,5.0,74.79098508462162
2024-01,category3,Household / Pet food and care,Pet food,Canned Cat Foods / Wet Cat Foods,WELLCOME,5,5,1.0,31.0,31,1.0,0.27318598826979473,0.3125,5.0,100.91730054248227
2024-01,category3,Household / Pet food and care,Pet food,Canned Dog Foods,AEON,3,0,0.0,0.0,31,0.0,,,3.0,96.07509132279102
2024-01,category3,Household / Pet food and care,Pet food,Canned Dog Foods,JASONS,5,5,1.0,18.4,31,0.5935483870967742,0.036724565756823827,0.0,5.0,105.01450662597125
2024-01,category3,Household / Pet food and care,Pet food,Canned Dog Foods,PARKNSHOP,5,5,1.0,20.8,31,0.6709677419354839,0.13558206641112883,0.07142857142857142,5.0,97.32335919073957
2024-01,category3,Household / Pet food and care,Pet food,Canned Dog Foods,WELLCOME,5,2,0.4,12.4,31,0.4,0.09161290322580645,0.08,5.0,99.81832140670694
2024-01,category3,Household / Pet food and care,Pet food,Dry Cat Foods,JASONS,1,1,1.0,19.0,31,0.6129032258064516,0.08791208791208792,0.08791208791208792,1.0,102.40963855421687
2024-01,category3,Household / Pet food and care,Pet food,Dry Cat Foods,PARKNSHOP,2,2,1.0,25.0,31,0.8064516129032258,0.14858592621735717,0.14518665511061263,2.0,99.73739785143695
2024-01,category3,Household / Pet food and care,Pet food,Dry Cat Foods,WELLCOME,2,2,1.0,12.5,31,0.4032258064516129,0.10795454545454546,0.10795454545454546,2.0,99.10935634927922
2024-01,category3,Household / Pet food and care,Pet food,Dry Dog Foods,JASONS,1,1,1.0,31.0,31,1.0,0.19524617996604413,0.19298245614035087,1.0,101.72280178837556
2024-01,category3,Household / Pet food and care,Pet food,Dry Dog Foods,PARKNSHOP,2,2,1.0,18.0,31,0.5806451612903226,0.09016393442622951,0.09471766848816028,1.0,99.7913561847988
2024-01,category3,Household / Pet food and care,Pet food,Dry Dog Foods,WELLCOME,1,1,1.0,31.0,31,1.0,0.1910511780950702,0.18943533697632056,1.0,98.48584202682564
2024-01,category3,Household / Pet food and care,Wraps / Food bags / Foil,Aluminium foil,JASONS,2,1,0.5,7.0,31,0.22580645161290322,0.21428571428571427,0.21428571428571427,2.0,96.31406971556723
2024-01,category3,Household / Pet food and care,Wraps / Food bags / Foil,Aluminium foil,PARKNSHOP,2,2,1.0,9.5,31,0.3064516129032258,0.07378223495702003,0.07378223495702003,2.0,98.95703968072152
2024-01,category3,Household / Pet food and care,Wraps / Food bags / Foil,Aluminium foil,WATSONS,1,0,0.0,0.0,31,0.0,,,1.0,116.91591729888262
2024-01,category3,Household / Pet food and care,Wraps / Food bags / Foil,Aluminium foil,WELLCOME,2,1,0.5,7.0,31,0.22580645161290322,0.21428571428571427,0.21428571428571427,2.0,96.31406971556723
2024-01,category3,Household / Pet food and care,Wraps / Food bags / Foil,Cling wraps,JASONS,3,3,1.0,14.0,31,0.45161290322580644,0.25892857142857145,0.25,3.0,96.15763191364961
2024-01,category3,Household / Pet food and care,Wraps / Food bags / Foil,Cling wraps,PARKNSHOP,4,4,1.0,14.5,31,0.46774193548387094,0.11413265092711003,0.15032751091703056,3.0,98.26068118940606
2024-01,category3,Household / Pet food and care,Wraps / Food bags / Foil,Cling wraps,WATSONS,3,0,0.0,0.0,31,0.0,,,3.0,110.58960203679345
2024-01,category3,Household / Pet food and care,Wraps / Food bags / Foil,Cling wraps,WELLCOME,3,3,1.0,14.0,31,0.45161290322580644,0.26555839727195224,0.25,3.0,94.99208486015081
2024-01,category3,Household / Pet food and care,Wraps / Food bags / Foil,Storage bags,JASONS,3,3,1.0,14.0,31,0.45161290322580644,0.20695970695970697,0.21428571428571427,3.0,100.33537695763022
2024-01,category3,Household / Pet food and care,Wraps / Food bags / Foil,Storage bags,PARKNSHOP,7,7,1.0,10.142857142857142,31,0.32718894009216587,0.08658355857079283,0.15057915057915053,4.0,100.75573595438331
2024-01,category3,Household / Pet food and care,Wraps / Food bags / Foil,Storage bags,WATSONS,1,0,0.0,0.0,31,0.0,,,1.0,100.73650654061778
2024-01,category3,Household / Pet food and care,Wraps / Food bags / Foil,Storage bags,WELLCOME,3,3,1.0,14.0,31,0.45161290322580644,0.21116138763197587,0.22058823529411764,3.0,98.66114786936994
2024-01,category3,Milk powder / Baby care,Adult milk powder,Full cream milk powder,JASONS,2,1,0.5,8.5,31,0.27419354838709675,0.2889908256880734,0.2889908256880734,2.0,100.20673065838719
2024-01,category3,Milk powder / Baby care,Adult milk powder,Full cream milk powder,MANNINGS,3,1,0.3333333333333333,6.333333333333333,31,0.2043010752688172,0.2,0.2,3.0,97.66903297050007
2024-01,category3,Milk powder / Baby care,Adult milk powder,Full cream milk powder,PARKNSHOP,3,0,0.0,0.0,31,0.0,,,3.0,101.25411498768588
2024-01,category3,Milk powder / Baby care,Adult milk powder,Full cream milk powder,WATSONS,4,0,0.0,0.0,31,0.0,,,4.0,102.32063989147915
2024-01,category3,Milk powder / Baby care,Adult milk powder,Full cream milk powder,WELLCOME,2,1,0.5,8.5,31,0.27419354838709675,0.2857142857142857,0.2857142857142857,2.0,96.78683686722358
2024-01,category3,Milk powder / Baby care,Adult milk powder,Low fat / Skimmed milk powder,JASONS,5,1,0.2,4.2,31,0.13548387096774195,0.15608663181478719,0.15608663181478719,5.0,102.27013436045796
2024-01,category3,Milk powder / Baby care,Adult milk powder,Low fat / Skimmed milk powder,MANNINGS,2,0,0.0,0.0,31,0.0,,,2.0,95.10536096209812
2024-01,category3,Milk powder / Baby care,Adult milk powder,Low fat / Skimmed milk powder,PARKNSHOP,5,1,0.2,3.8,31,0.12258064516129032,0.15704387990762128,0.15704387990762128,5.0,99.75201145366324
2024-01,category3,Milk powder / Baby care,Adult milk powder,Low fat / Skimmed milk powder,WATSONS,5,0,0.0,0.0,31,0.0,,,4.0,101.79989947150823
2024-01,category3,Milk powder / Baby care,Adult milk powder,Low fat / Skimmed milk powder,WELLCOME,5,1,0.2,4.2,31,0.13548387096774195,0.15704387990762128,0.15704387990762128,5.0,98.67988347520567
2024-01,category3,Milk powder / Baby care,Adult milk powder,Nutrition supplements,JASONS,4,0,0.0,0.0,31,0.0,,,4.0,101.20103912429354
2024-01,category3,Milk powder / Baby care,Adult milk powder,Nutrition supplements,MANNINGS,3,0,0.0,0.0,31,0.0,,,3.0,99.22249919451934
2024-01,category3,Milk powder / Baby care,Adult milk powder,Nutrition supplements,PARKNSHOP,3,0,0.0,0.0,31,0.0,,,3.0,100.81014396906953
2024-01,category3,Milk powder / Baby care,Adult milk powder,Nutrition supplements,WATSONS,4,0,0.0,0.0,31,0.0,,,4.0,99.77916046818663
2024-01,category3,Milk powder / Baby care,Adult milk powder,Nutrition supplements,WELLCOME,4,0,0.0,0.0,31,0.0,,,4.0,98.99349778733477
2024-01,category3,Milk powder / Baby care,Adult milk powder,Senior formula,JASONS,5,2,0.4,8.4,31,0.2709677419354839,0.1759219781517275,0.1856822047962825,5.0,100.63464016794053
2024-01,category3,Milk powder / Baby care,Adult milk powder,Senior formula,MANNINGS,6,2,0.3333333333333333,7.0,31,0.22580645161290322,0.18435347343113245,0.18435347343113245,6.0,97.7052120030087
2024-01,category3,Milk powder / Baby care,Adult milk powder,Senior formula,PARKNSHOP,6,2,0.3333333333333333,6.333333333333333,31,0.2043010752688172,0.1656679620729406,0.15704387990762128,6.0,101.76906998750985
2024-01,category3,Milk powder / Baby care,Adult milk powder,Senior formula,WATSONS,6,0,0.0,0.0,31,0.0,,,6.0,102.00858942347797
2024-01,category3,Milk powder / Baby care,Adult milk powder,Senior formula,WELLCOME,5,2,0.4,8.4,31,0.2709677419354839,0.17525027558996206,0.18435347343113245,5.0,97.05374583593375
2024-01,category3,Milk powder / Baby care,Baby foods / Infant foods,Baby snacks,JASONS,4,0,0.0,0.0,31,0.0,,,4.0,115.55988680426341
2024-01,category3,Milk powder / Baby care,Baby foods / Infant foods,Baby snacks,MANNINGS,5,5,1.0,31.0,31,1.0,0.25,0.25,5.0,90.33465663918683
2024-01,category3,Milk powder / Baby care,Baby foods / Infant foods,Baby snacks,PARKNSHOP,11,11,1.0,27.363636363636363,31,0.8826979472140762,0.2930635940465879,0.33277591973244147,10.0,96.02970520296623
2024-01,category3,Milk powder / Baby care,Baby foods / Infant foods,Baby snacks,WATSONS,9,9,1.0,29.22222222222222,31,0.942652329749104,0.22180207088809237,0.25,8.0,95.9787389118112
2024-01,category3,Milk powder / Baby care,Baby foods / Infant foods,Baby snacks,WELLCOME,4,0,0.0,0.0,31,0.0,,,4.0,114.0133604381097
2024-01,category3,Milk powder / Baby care,Baby foods / Infant foods,Infant rice cereals / Baby rice cereals,JASONS,2,0,0.0,0.0,31,0.0,,,2.0,122.9159979608406
2024-01,category3,Milk powder / Baby care,Baby foods / Infant foods,Infant rice cereals / Baby rice cereals,MANNINGS,4,4,1.0,30.75,31,0.9919354838709677,0.25,0.25,4.0,86.24105965303845
2024-01,category3,Milk powder / Baby care,Baby foods / Infant foods,Infant rice cereals / Baby rice cereals,PARKNSHOP,6,2,0.3333333333333333,9.666666666666666,31,0.3118279569892473,0.23275862068965517,0.23275862068965517,5.0,106.08400227012102
2024-01,category3,Milk powder / Baby care,Baby foods / Infant foods,Infant rice cereals / Baby rice cereals,WATSONS,5,5,1.0,30.6,31,0.9870967741935485,0.22238042269187988,0.25,5.0,95.7310555932899
2024-01,category3,Milk powder / Baby care,Baby products,Baby Lotion,MANNINGS,3,2,0.6666666666666666,17.333333333333332,31,0.5591397849462365,0.5,0.5,3.0,86.01604120891801
2024-01,category3,Milk powder / Baby care,Baby products,Baby Lotion,PARKNSHOP,2,1,0.5,14.5,31,0.46774193548387094,0.15,0.15,2.0,93.67129500730064
2024-01,category3,Milk powder / Baby care,Baby products,Baby Lotion,WATSONS,6,6,1.0,8.166666666666666,31,0.26344086021505375,0.05126543209876543,0.0,4.0,113.25937721289453
2024-01,category3,Milk powder / Baby care,Baby products,Baby wipes,AEON,1,0,0.0,0.0,31,0.0,,,1.0,112.17988181473717
2024-01,category3,Milk powder / Baby care,Baby products,Baby wipes,JASONS,1,1,1.0,12.0,31,0.3870967741935484,0.2717391304347826,0.2717391304347826,1.0,101.36066364226359
2024-01,category3,Milk powder / Baby care,Baby products,Baby wipes,PARKNSHOP,1,1,1.0,19.0,31,0.6129032258064516,0.23843700159489636,0.2532467532467533,1.0,94.2828931637952
2024-01,category3,Milk powder / Baby care,Baby products,Baby wipes,WATSONS,2,2,1.0,14.5,31,0.46774193548387094,0.1751225490196079,0.25000000000000006,2.0,101.59862836632433
2024-01,category3,Milk powder / Baby care,Baby products,Baby wipes,WELLCOME,2,2,1.0,9.0,31,0.2903225806451613,0.47434747148643386,0.5159364227972952,2.0,91.53236949054889
2024-01,category3,Milk powder / Baby care,Baby products,Body washes,JASONS,1,1,1.0,17.0,31,0.5483870967741935,0.12566887700534757,0.12121272727272725,1.0,99.17178575415524
2024-01,category3,Milk powder / Baby care,Baby products,Body washes,PARKNSHOP,1,1,1.0,5.0,31,0.16129032258064516,0.15789473684210525,0.15789473684210525,1.0,107.57408384144178
2024-01,category3,Milk powder / Baby care,Baby products,Body washes,WATSONS,1,1,1.0,10.0,31,0.3225806451612903,0.13000000000000003,0.15,1.0,98.14916977108273
2024-01,category3,Milk powder / Baby care,Baby products,Body washes,WELLCOME,1,1,1.0,17.0,31,0.5483870967741935,0.1306576225953519,0.12602457466918712,1.0,95.10496063332023
2024-01,category3,Milk powder / Baby care,Baby products,Diaper pants,AEON,2,0,0.0,0.0,31,0.0,,,2.0,106.77730075712365
2024-01,category3,Milk powder / Baby care,Baby products,Diaper pants,JASONS,4,2,0.5,6.5,31,0.20967741935483872,0.07968967003496003,0.09963603275705189,4.0,104.8971380454542
2024-01,category3,Milk powder / Baby care,Baby products,Diaper pants,MANNINGS,2,1,0.5,6.0,31,0.1935483870967742,0.25,0.25,2.0,103.4802782601429
2024-01,category3,Milk powder / Baby care,Baby products,Diaper pants,PARKNSHOP,6,5,0.8333333333333334,19.0,31,0.6129032258064516,0.17594083388250392,0.15377616014558695,6.0,94.1680673517434
2024-01,category3,Milk powder / Baby care,Baby products,Diaper pants,WATSONS,8,8,1.0,13.125,31,0.42338709677419356,0.10251605576441104,0.10000000000000007,8.0,98.29762683910769
2024-01,category3,Milk powder / Baby care,Baby products,Diaper pants,WELLCOME,3,2,0.6666666666666666,8.666666666666666,31,0.27956989247311825,0.07968967003496003,0.09963603275705189,3.0,101.06451161167517
2024-01,category3,Milk powder / Baby care,Baby products,Diapers,AEON,8,0,0.0,0.0,31,0.0,,,4.0,102.18785499537653
2024-01,category3,Milk powder / Baby care,Baby products,Diapers,JASONS,3,1,0.3333333333333333,4.0,31,0.12903225806451613,0.2214765100671141,0.2214765100671141,3.0,99.61879888040176
2024-01,category3,Milk powder / Baby care,Baby products,Diapers,MANNINGS,8,1,0.125,1.5,31,0.04838709677419355,0.14999999999999997,0.14999999999999997,7.0,103.05809372555998
2024-01,category3,Milk powder / Baby care,Baby products,Diapers,PARKNSHOP,5,2,0.4,4.8,31,0.15483870967741936,0.20132583973403648,0.20132583973403648,5.0,99.79043092712988
2024-01,category3,Milk powder / Baby care,Baby products,Diapers,WATSONS,5,5,1.0,10.2,31,0.3290322580645161,0.11266666666666665,0.14999999999999997,5.0,98.28037747910291
2024-01,category3,Milk powder / Baby care,Baby products,Diapers,WELLCOME,6,3,0.5,6.0,31,0.1935483870967742,0.20000000000000004,0.2,6.0,97.18404618360344
2024-01,category3,Milk powder / Baby care,Baby products,Shampoos,JASONS,1,1,1.0,26.0,31,0.8387096774193549,0.10463823529411763,0.11029411764705882,1.0,103.19352914725451
2024-01,category3,Milk powder / Baby care,Baby products,Shampoos,PARKNSHOP,1,1,1.0,14.0,31,0.45161290322580644,0.15671641791044774,0.15671641791044777,1.0,103.56919016218265
2024-01,category3,Milk powder / Baby care,Baby products,Shampoos,WATSONS,1,1,1.0,23.0,31,0.7419354838709677,0.19782608695652185,0.2500000000000001,1.0,93.53719935655093
2024-01,category3,Milk powder / Baby care,Baby products,Shampoos,WELLCOME,1,1,1.0,26.0,31,0.8387096774193549,0.10797268588770874,0.11380880121396064,1.0,99.70008133401194
2024-01,category3,Milk powder / Baby care,Infant formula / Growing-up formula,Children's nutrition supplements,JASONS,3,0,0.0,0.0,31,0.0,,,3.0,102.57397779061554
2024-01,category3,Milk powder / Baby care,Infant formula / Growing-up formula,Children's nutrition supplements,MANNINGS,3,0,0.0,0.0,31,0.0,,,3.0,99.49290711855701
2024-01,category3,Milk powder / Baby care,Infant formula / Growing-up formula,Children's nutrition supplements,PARKNSHOP,3,3,1.0,9.333333333333334,31,0.3010752688172043,0.01393939393939394,0.0,3.0,99.1077732845497
2024-01,category3,Milk powder / Baby care,Infant formula / Growing-up formula,Children's nutrition supplements,WATSONS,3,3,1.0,4.666666666666667,31,0.15053763440860216,0.010833333333333334,0.0,3.0,99.33243468772064
2024-01,category3,Milk powder / Baby care,Infant formula / Growing-up formula,Children's nutrition supplements,WELLCOME,3,0,0.0,0.0,31,0.0,,,3.0,99.49290711855701
2024-01,category3,Milk powder / Baby care,Infant formula / Growing-up formula,Infant formula / Follow-on formula / Toddler formula / Growing-up formula,AEON,4,0,0.0,0.0,31,0.0,,,,
2024-01,category3,Milk powder / Baby care,Infant formula / Growing-up formula,Infant formula / Follow-on formula / Toddler formula / Growing-up formula,JASONS,22,7,0.3181818181818182,2.227272727272727,31,0.07184750733137829,0.026408979382575897,0.0,22.0,101.88099118980725
2024-01,category3,Milk powder / Baby care,Infant formula / Growing-up formula,Infant formula / Follow-on formula / Toddler formula / Growing-up formula,MANNINGS,59,12,0.2033898305084746,2.6440677966101696,31,0.08529250956806998,0.155,0.14999999999999997,59.0,100.51833636955942
2024-01,category3,Milk powder / Baby care,Infant formula / Growing-up formula,Infant formula / Follow-on formula / Toddler formula / Growing-up formula,PARKNSHOP,44,33,0.75,12.545454545454545,31,0.4046920821114369,0.06508719592218139,0.08021390374331551,44.0,98.6668610122482
2024-01,category3,Milk powder / Baby care,Infant formula / Growing-up formula,Infant formula / Follow-on formula / Toddler formula / Growing-up formula,WATSONS,58,57,0.9827586206896551,5.310344827586207,31,0.17130144605116798,0.01833432987498512,0.0,57.0,98.83223496689737
2024-01,category3,Milk powder / Baby care,Infant formula / Growing-up formula,Infant formula / Follow-on formula / Toddler formula / Growing-up formula,WELLCOME,38,6,0.15789473684210525,1.3421052631578947,31,0.0432937181663837,0.059962034439539985,0.059574468085106386,36.0,101.39056792904995
2024-01,category3,Milk powder / Baby care,Pregnant women's milk powder,Pregnant women's milk powder,JASONS,2,0,0.0,0.0,31,0.0,,,2.0,100.0
2024-01,category3,Milk powder / Baby care,Pregnant women's milk powder,Pregnant women's milk powder,MANNINGS,2,0,0.0,0.0,31,0.0,,,2.0,100.0
2024-01,category3,Milk powder / Baby care,Pregnant women's milk powder,Pregnant women's milk powder,WATSONS,3,0,0.0,0.0,31,0.0,,,3.0,100.0
2024-01,category3,Milk powder / Baby care,Pregnant women's milk powder,Pregnant women's milk powder,WELLCOME,2,0,0.0,0.0,31,0.0,,,2.0,100.0
2024-01,category3,Noodles / Cooking needs / Processed food (cold),Baking needs / Wheat flour,Baking soda,JASONS,1,0,0.0,0.0,31,0.0,,,1.0,103.34346504559271
2024-01,category3,Noodles / Cooking needs / Processed food (cold),Baking needs / Wheat flour,Baking soda,WELLCOME,1,0,0.0,0.0,31,0.0,,,1.0,96.6565349544073
2024-01,category3,Noodles / Cooking needs / Processed food (cold),Baking needs / Wheat flour,Bread flour / High gluten flour / Strong flour,JASONS,1,0,0.0,0.0,31,0.0,,,1.0,91.63719050025264
2024-01,category3,Noodles / Cooking needs / Processed food (cold),Baking needs / Wheat flour,Bread flour / High gluten flour / Strong flour,PARKNSHOP,2,1,0.5,6.0,31,0.1935483870967742,0.2736447520184544,0.30968858131487886,2.0,109.58844082611654
2024-01,category3,Noodles / Cooking needs / Processed food (cold),Baking needs / Wheat flour,Bread flour / High gluten flour / Strong flour,WELLCOME,2,0,0.0,0.0,31,0.0,,,2.0,94.22848510706994
2024-01,category3,Noodles / Cooking needs / Processed food (cold),Baking needs / Wheat flour,Bread mix / Bread premix,AEON,1,0,0.0,0.0,31,0.0,,,,
2024-01,category3,Noodles / Cooking needs / Processed food (cold),Baking needs / Wheat flour,Bread mix / Bread premix,PARKNSHOP,1,1,1.0,31.0,31,1.0,0.5,0.5,1.0,66.66666666666666
2024-01,category3,Noodles / Cooking needs / Processed food (cold),Baking needs / Wheat flour,Bread mix / Bread premix,WELLCOME,1,0,0.0,0.0,31,0.0,,,1.0,133.33333333333331
2024-01,category3,Noodles / Cooking needs / Processed food (cold),Baking needs / Wheat flour,Cake flour / Low gluten flour,JASONS,1,0,0.0,0.0,31,0.0,,,1.0,100.0
2024-01,category3,Noodles / Cooking needs / Processed food (cold),Baking needs / Wheat flour,Cake flour / Low gluten flour,WELLCOME,1,0,0.0,0.0,31,0.0,,,1.0,100.0
2024-01,category3,Noodles / Cooking needs / Processed food (cold),Baking needs / Wheat flour,Cake mix / Cake premix,JASONS,1,0,0.0,0.0,31,0.0,,,1.0,101.41746684956561
2024-01,category3,Noodles / Cooking needs / Processed food (cold),Baking needs / Wheat flour,Cake mix / Cake premix,WELLCOME,1,0,0.0,0.0,31,0.0,,,1.0,98.58253315043439
2024-01,category3,Noodles / Cooking needs / Processed food (cold),Baking needs / Wheat flour,Pancake mix / Pancake premix,JASONS,2,0,0.0,0.0,31,0.0,,,2.0,102.50443262411346
2024-01,category3,Noodles / Cooking needs / Processed food (cold),Baking needs / Wheat flour,Pancake mix / Pancake premix,PARKNSHOP,2,0,0.0,0.0,31,0.0,,,2.0,99.146719858156
2024-01,category3,Noodles / Cooking needs / Processed food (cold),Baking needs / Wheat flour,Pancake mix / Pancake premix,WELLCOME,2,0,0.0,0.0,31,0.0,,,2.0,98.34884751773049
2024-01,category3,Noodles / Cooking needs / Processed food (cold),Baking needs / Wheat flour,Plain flour / All purpose flour,JASONS,3,0,0.0,0.0,31,0.0,,,3.0,98.20498665383843
2024-01,category3,Noodles / Cooking needs / Processed food (cold),Baking needs / Wheat flour,Plain flour / All purpose flour,PARKNSHOP,4,1,0.25,3.0,31,0.0967741935483871,0.2736447520184544,0.30968858131487886,3.0,106.25706090387548
2024-01,category3,Noodles / Cooking needs / Processed food (cold),Baking needs / Wheat flour,Plain flour / All purpose flour,WELLCOME,3,0,0.0,0.0,31,0.0,,,3.0,95.5379524422861
2024-01,category3,Noodles / Cooking needs / Processed food (cold),Baking needs / Wheat flour,Self-raising flour,JASONS,2,0,0.0,0.0,31,0.0,,,2.0,98.8961523048142
2024-01,category3,Noodles / Cooking needs / Processed food (cold),Baking needs / Wheat flour,Self-raising flour,PARKNSHOP,2,0,0.0,0.0,31,0.0,,,1.0,94.05695313497638
2024-01,category3,Noodles / Cooking needs / Processed food (cold),Baking needs / Wheat flour,Self-raising flour,WELLCOME,2,0,0.0,0.0,31,0.0,,,2.0,104.73184848994718
2024-01,category3,Noodles / Cooking needs / Processed food (cold),Condiments & sauces / Cooking needs,Bean sauces,JASONS,2,2,1.0,18.5,31,0.5967741935483871,0.1781879162415106,0.13125,2.0,100.37023396460485
2024-01,category3,Noodles / Cooking needs / Processed food (cold),Condiments & sauces / Cooking needs,Bean sauces,PARKNSHOP,3,2,0.6666666666666666,10.333333333333334,31,0.33333333333333337,0.418617421107801,0.48958333333333337,2.0,101.5856093353234
2024-01,category3,Noodles / Cooking needs / Processed food (cold),Condiments & sauces / Cooking needs,Bean sauces,WELLCOME,2,2,1.0,18.5,31,0.5967741935483871,0.1577972709551657,0.11666666666666667,2.0,98.04415670007171
2024-01,category3,Noodles / Cooking needs / Processed food (cold),Condiments & sauces / Cooking needs,Chicken broth / Chicken soup base,DCHFOOD,1,1,1.0,3.0,31,0.0967741935483871,,,,
2024-01,category3,Noodles / Cooking needs / Processed food (cold),Condiments & sauces / Cooking needs,Chicken broth / Chicken soup base,PARKNSHOP,3,3,1.0,16.0,31,0.5161290322580645,0.2970958770005053,0.33136094674556205,,
2024-01,category3,Noodles / Cooking needs / Processed food (cold),Condiments & sauces / Cooking needs,Chicken broth concentrate,DCHFOOD,1,0,0.0,0.0,31,0.0,,,1.0,135.60875322854343
2024-01,category3,Noodles / Cooking needs / Processed food (cold),Condiments & sauces / Cooking needs,Chicken broth concentrate,JASONS,1,0,0.0,0.0,31,0.0,,,1.0,91.72286228801585
2024-01,category3,Noodles / Cooking needs / Processed food (cold),Condiments & sauces / Cooking needs,Chicken broth concentrate,PARKNSHOP,2,1,0.5,7.0,31,0.22580645161290322,0.4847560975609756,0.4847560975609756,1.0,80.94552219542483
2024-01,category3,Noodles / Cooking needs / Processed food (cold),Condiments & sauces / Cooking needs,Chicken broth concentrate,WELLCOME,1,0,0.0,0.0,31,0.0,,,1.0,91.72286228801585
2024-01,category3,Noodles / Cooking needs / Processed food (cold),Condiments & sauces / Cooking needs,Chicken broth cubes,DCHFOOD,1,0,0.0,0.0,31,0.0,,,1.0,96.19377162629759
2024-01,category3,Noodles / Cooking needs / Processed food (cold),Condiments & sauces / Cooking needs,Chicken broth cubes,JASONS,1,0,0.0,0.0,31,0.0,,,1.0,124.5674740484429
2024-01,category3,Noodles / Cooking needs / Processed food (cold),Condiments & sauces / Cooking needs,Chicken broth cubes,PARKNSHOP,1,0,0.0,0.0,31,0.0,,,1.0,89.27335640138409
2024-01,category3,Noodles / Cooking needs / Processed food (cold),Condiments & sauces / Cooking needs,Chicken broth cubes,WELLCOME,1,0,0.0,0.0,31,0.0,,,1.0,89.96539792387543
2024-01,category3,Noodles / Cooking needs / Processed food (cold),Condiments & sauces / Cooking needs,Chicken powder / Mushroom powder,JASONS,4,0,0.0,0.0,31,0.0,,,4.0,101.84058414828911
2024-01,category3,Noodles / Cooking needs / Processed food (cold),Condiments & sauces / Cooking needs,Chicken powder / Mushroom powder,PARKNSHOP,4,0,0.0,0.0,31,0.0,,,4.0,99.12452362713961
2024-01,category3,Noodles / Cooking needs / Processed food (cold),Condiments & sauces / Cooking needs,Chicken powder / Mushroom powder,WELLCOME,4,0,0.0,0.0,31,0.0,,,4.0,99.03489222457125
2024-01,category3,Noodles / Cooking needs / Processed food (cold),Condiments & sauces / Cooking needs,Chili sauces / Chili bean sauces,DCHFOOD,1,0,0.0,0.0,31,0.0,,,1.0,99.50078636773672
2024-01,category3,Noodles / Cooking needs / Processed food (cold),Condiments & sauces / Cooking needs,Chili sauces / Chili bean sauces,JASONS,4,1,0.25,4.75,31,0.1532258064516129,0.27054871220604704,0.2,4.0,102.66471025299231
2024-01,category3,Noodles / Cooking needs / Processed food (cold),Condiments & sauces / Cooking needs,Chili sauces / Chili bean sauces,PARKNSHOP,9,4,0.4444444444444444,4.0,31,0.12903225806451613,0.40574326929774807,0.4878048780487805,5.0,99.69489577562256
2024-01,category3,Noodles / Cooking needs / Processed food (cold),Condiments & sauces / Cooking needs,Chili sauces / Chili bean sauces,WELLCOME,5,1,0.2,3.8,31,0.12258064516129032,0.2732265446224256,0.2,5.0,98.14741967174623
2024-01,category3,Noodles / Cooking needs / Processed food (cold),Condiments & sauces / Cooking needs,Coconut milk / Coconut cream,JASONS,3,1,0.3333333333333333,4.0,31,0.12903225806451613,0.16744186046511633,0.16744186046511633,3.0,100.2959129676071
2024-01,category3,Noodles / Cooking needs / Processed food (cold),Condiments & sauces / Cooking needs,Coconut milk / Coconut cream,PARKNSHOP,3,2,0.6666666666666666,12.333333333333334,31,0.39784946236559143,0.19910554561717353,0.19910554561717356,3.0,100.56032323890194
2024-01,category3,Noodles / Cooking needs / Processed food (cold),Condiments & sauces / Cooking needs,Coconut milk / Coconut cream,WELLCOME,3,1,0.3333333333333333,4.0,31,0.12903225806451613,0.16744186046511633,0.16744186046511633,3.0,99.14376379349096
2024-01,category3,Noodles / Cooking needs / Processed food (cold),Condiments & sauces / Cooking needs,Corn starch,JASONS,2,1,0.5,6.0,31,0.1935483870967742,0.10714285714285714,0.10714285714285714,2.0,100.28191703584375
2024-01,category3,Noodles / Cooking needs / Processed food (cold),Condiments & sauces / Cooking needs,Corn starch,PARKNSHOP,2,1,0.5,6.0,31,0.1935483870967742,0.10431654676259,0.10431654676259,2.0,99.43616592831252
2024-01,category3,Noodles / Cooking needs / Processed food (cold),Condiments & sauces / Cooking needs,Corn starch,WELLCOME,2,1,0.5,6.0,31,0.1935483870967742,0.10714285714285714,0.10714285714285714,2.0,100.28191703584375
2024-01,category3,Noodles / Cooking needs / Processed food (cold),Condiments & sauces / Cooking needs,Curry sauces / Coconut curry sauces,JASONS,2,0,0.0,0.0,31,0.0,,,2.0,104.1310625257823
2024-01,category3,Noodles / Cooking needs / Processed food (cold),Condiments & sauces / Cooking needs,Curry sauces / Coconut curry sauces,PARKNSHOP,2,0,0.0,0.0,31,0.0,,,2.0,97.21845718663445
2024-01,category3,Noodles / Cooking needs / Processed food (cold),Condiments & sauces / Cooking needs,Curry sauces / Coconut curry sauces,WELLCOME,2,0,0.0,0.0,31,0.0,,,2.0,98.65048028758324
2024-01,category3,Noodles / Cooking needs / Processed food (cold),Condiments & sauces / Cooking needs,Dark soy sauces,JASONS,3,0,0.0,0.0,31,0.0,,,3.0,104.45479645209628
2024-01,category3,Noodles / Cooking needs / Processed food (cold),Condiments & sauces / Cooking needs,Dark soy sauces,PARKNSHOP,4,0,0.0,0.0,31,0.0,,,3.0,97.20899318014577
2024-01,category3,Noodles / Cooking needs / Processed food (cold),Condiments & sauces / Cooking needs,Dark soy sauces,WELLCOME,3,0,0.0,0.0,31,0.0,,,3.0,98.33621036775791
2024-01,category3,Noodles / Cooking needs / Processed food (cold),Condiments & sauces / Cooking needs,Dry spices,JASONS,2,0,0.0,0.0,31,0.0,,,2.0,102.07805081275994
2024-01,category3,Noodles / Cooking needs / Processed food (cold),Condiments & sauces / Cooking needs,Dry spices,PARKNSHOP,7,0,0.0,0.0,31,0.0,,,1.0,98.70021104820607
2024-01,category3,Noodles / Cooking needs / Processed food (cold),Condiments & sauces / Cooking needs,Dry spices,WELLCOME,2,0,0.0,0.0,31,0.0,,,2.0,98.47935237794236
2024-01,category3,Noodles / Cooking needs / Processed food (cold),Condiments & sauces / Cooking needs,Gelatine,JASONS,1,0,0.0,0.0,31,0.0,,,1.0,106.79611650485438
2024-01,category3,Noodles / Cooking needs / Processed food (cold),Condiments & sauces / Cooking needs,Gelatine,PARKNSHOP,1,0,0.0,0.0,31,0.0,,,1.0,96.11650485436894
2024-01,category3,Noodles / Cooking needs / Processed food (cold),Condiments & sauces / Cooking needs,Gelatine,WELLCOME,1,0,0.0,0.0,31,0.0,,,1.0,97.0873786407767
2024-01,category3,Noodles / Cooking needs / Processed food (cold),Condiments & sauces / Cooking needs,Hot pot soup base,PARKNSHOP,2,2,1.0,25.5,31,0.8225806451612904,0.43859999999999993,0.43859999999999993,2.0,100.0
2024-01,category3,Noodles / Cooking needs / Processed food (cold),Condiments & sauces / Cooking needs,Hot pot soup base,WELLCOME,2,2,1.0,18.0,31,0.5806451612903226,0.33333749999999995,0.33333749999999995,2.0,100.0
2024-01,category3,Noodles / Cooking needs / Processed food (cold),Condiments & sauces / Cooking needs,Ketchup,DCHFOOD,1,0,0.0,0.0,31,0.0,,,1.0,110.67403211240514
2024-01,category3,Noodles / Cooking needs / Processed food (cold),Condiments & sauces / Cooking needs,Ketchup,JASONS,4,2,0.5,10.5,31,0.3387096774193548,0.268542199488491,0.22058823529411764,4.0,99.17019298400217
2024-01,category3,Noodles / Cooking needs / Processed food (cold),Condiments & sauces / Cooking needs,Ketchup,PARKNSHOP,4,2,0.5,9.75,31,0.31451612903225806,0.36531333627569973,0.3691069182389938,4.0,102.76535065260009
2024-01,category3,Noodles / Cooking needs / Processed food (cold),Condiments & sauces / Cooking needs,Ketchup,WELLCOME,4,2,0.5,10.5,31,0.3387096774193548,0.2648657289002557,0.21691176470588236,4.0,96.80952320662993
2024-01,category3,Noodles / Cooking needs / Processed food (cold),Condiments & sauces / Cooking needs,Light soy sauces,AEON,1,0,0.0,0.0,31,0.0,,,,
2024-01,category3,Noodles / Cooking needs / Processed food (cold),Condiments & sauces / Cooking needs,Light soy sauces,DCHFOOD,2,0,0.0,0.0,31,0.0,,,2.0,99.47355226873901
2024-01,category3,Noodles / Cooking needs / Processed food (cold),Condiments & sauces / Cooking needs,Light soy sauces,JASONS,7,3,0.42857142857142855,9.571428571428571,31,0.3087557603686636,0.1612156604213442,0.14705882352941177,7.0,102.48767900015451
2024-01,category3,Noodles / Cooking needs / Processed food (cold),Condiments & sauces / Cooking needs,Light soy sauces,PARKNSHOP,10,5,0.5,14.5,31,0.46774193548387094,0.2302444392953488,0.15503875968992248,9.0,99.3424039162852
2024-01,category3,Noodles / Cooking needs / Processed food (cold),Condiments & sauces / Cooking needs,Light soy sauces,WELLCOME,9,5,0.5555555555555556,9.444444444444445,31,0.3046594982078853,0.18334108292641269,0.2248062015503876,9.0,98.62295442618519
2024-01,category3,Noodles / Cooking needs / Processed food (cold),Condiments & sauces / Cooking needs,Liquid seasoning / Wheat sauces,JASONS,3,2,0.6666666666666666,8.0,31,0.25806451612903225,0.49617224880382776,0.48863636363636365,3.0,103.99594373683243
2024-01,category3,Noodles / Cooking needs / Processed food (cold),Condiments & sauces / Cooking needs,Liquid seasoning / Wheat sauces,PARKNSHOP,3,1,0.3333333333333333,6.333333333333333,31,0.2043010752688172,0.4864661654135339,0.4785714285714286,3.0,95.20766493867524
2024-01,category3,Noodles / Cooking needs / Processed food (cold),Condiments & sauces / Cooking needs,Liquid seasoning / Wheat sauces,WELLCOME,3,2,0.6666666666666666,8.0,31,0.25806451612903225,0.49223057644110274,0.4880952380952381,3.0,100.79639132449232
2024-01,category3,Noodles / Cooking needs / Processed food (cold),Condiments & sauces / Cooking needs,MSG,JASONS,1,0,0.0,0.0,31,0.0,,,1.0,101.51933701657457
2024-01,category3,Noodles / Cooking needs / Processed food (cold),Condiments & sauces / Cooking needs,MSG,PARKNSHOP,1,0,0.0,0.0,31,0.0,,,1.0,99.0331491712707
2024-01,category3,Noodles / Cooking needs / Processed food (cold),Condiments & sauces / Cooking needs,MSG,WELLCOME,1,0,0.0,0.0,31,0.0,,,1.0,99.44751381215468
2024-01,category3,Noodles / Cooking needs / Processed food (cold),Condiments & sauces / Cooking needs,Marinades / Pickles,JASONS,2,2,1.0,10.0,31,0.3225806451612903,0.2966589861751152,0.2966589861751152,2.0,95.65311185416891
2024-01,category3,Noodles / Cooking needs / Processed food (cold),Condiments & sauces / Cooking needs,Marinades / Pickles,PARKNSHOP,2,0,0.0,0.0,31,0.0,,,2.0,109.14680185524755
2024-01,category3,Noodles / Cooking needs / Processed food (cold),Condiments & sauces / Cooking needs,Marinades / Pickles,WELLCOME,2,2,1.0,10.0,31,0.3225806451612903,0.28214285714285714,0.28214285714285714,2.0,95.20008629058354
2024-01,category3,Noodles / Cooking needs / Processed food (cold),Condiments & sauces / Cooking needs,Other sauces,DCHFOOD,3,0,0.0,0.0,31,0.0,,,3.0,112.2603432379458
2024-01,category3,Noodles / Cooking needs / Processed food (cold),Condiments & sauces / Cooking needs,Other sauces,JASONS,11,5,0.45454545454545453,7.454545454545454,31,0.24046920821114368,0.22172664041094534,0.2,11.0,99.20036983167864
2024-01,category3,Noodles / Cooking needs / Processed food (cold),Condiments & sauces / Cooking needs,Other sauces,PARKNSHOP,11,4,0.36363636363636365,4.909090909090909,31,0.15835777126099707,0.40561611990217517,0.5,11.0,102.53588420389536
2024-01,category3,Noodles / Cooking needs / Processed food (cold),Condiments & sauces / Cooking needs,Other sauces,WELLCOME,11,5,0.45454545454545453,7.454545454545454,31,0.24046920821114368,0.2100825708637212,0.1875,11.0,95.6216018539814
2024-01,category3,Noodles / Cooking needs / Processed food (cold),Condiments & sauces / Cooking needs,Oyster sauces,AEON,1,0,0.0,0.0,31,0.0,,,,
2024-01,category3,Noodles / Cooking needs / Processed food (cold),Condiments & sauces / Cooking needs,Oyster sauces,JASONS,4,0,0.0,0.0,31,0.0,,,4.0,102.419745608722
2024-01,category3,Noodles / Cooking needs / Processed food (cold),Condiments & sauces / Cooking needs,Oyster sauces,PARKNSHOP,6,1,0.16666666666666666,2.0,31,0.06451612903225806,0.3453420669577875,0.5,4.0,97.976983646275
2024-01,category3,Noodles / Cooking needs / Processed food (cold),Condiments & sauces / Cooking needs,Oyster sauces,WELLCOME,4,0,0.0,0.0,31,0.0,,,4.0,99.60327074500304
2024-01,category3,Noodles / Cooking needs / Processed food (cold),Condiments & sauces / Cooking needs,Pasta sauce,DCHFOOD,1,0,0.0,0.0,31,0.0,,,1.0,87.49358652006688
2024-01,category3,Noodles / Cooking needs / Processed food (cold),Condiments & sauces / Cooking needs,Pasta sauce,JASONS,4,3,0.75,9.25,31,0.29838709677419356,0.2729184643337279,0.25675675675675674,4.0,100.96108436727815
2024-01,category3,Noodles / Cooking needs / Processed food (cold),Condiments & sauces / Cooking needs,Pasta sauce,PARKNSHOP,4,3,0.75,14.25,31,0.4596774193548387,0.24925060346224626,0.2,4.0,102.91438676098544
2024-01,category3,Noodles / Cooking needs / Processed food (cold),Condiments & sauces / Cooking needs,Pasta sauce,WELLCOME,4,3,0.75,9.25,31,0.29838709677419356,0.2674376566555432,0.25,4.0,99.6070299210596
2024-01,category3,Noodles / Cooking needs / Processed food (cold),Condiments & sauces / Cooking needs,Reconstituted Dessert,JASONS,3,2,0.6666666666666666,17.0,31,0.5483870967741935,0.3398543608124253,0.27314814814814814,3.0,97.6641381946321
2024-01,category3,Noodles / Cooking needs / Processed food (cold),Condiments & sauces / Cooking needs,Reconstituted Dessert,PARKNSHOP,3,2,0.6666666666666666,16.0,31,0.5161290322580645,0.3635009775171065,0.3484848484848485,3.0,100.83663716637534
2024-01,category3,Noodles / Cooking needs / Processed food (cold),Condiments & sauces / Cooking needs,Reconstituted Dessert,WELLCOME,3,2,0.6666666666666666,14.0,31,0.45161290322580644,0.26271075025543716,0.251131221719457,3.0,101.49922463899262
2024-01,category3,Noodles / Cooking needs / Processed food (cold),Condiments & sauces / Cooking needs,Reduced salt light soy sauces,JASONS,2,2,1.0,14.5,31,0.46774193548387094,0.2404513888888889,0.2013888888888889,2.0,103.55202112116476
2024-01,category3,Noodles / Cooking needs / Processed food (cold),Condiments & sauces / Cooking needs,Reduced salt light soy sauces,PARKNSHOP,2,2,1.0,18.0,31,0.5806451612903226,0.2306575710454577,0.2511718333865985,2.0,98.34606413246865
2024-01,category3,Noodles / Cooking needs / Processed food (cold),Condiments & sauces / Cooking needs,Reduced salt light soy sauces,WELLCOME,2,2,1.0,14.5,31,0.46774193548387094,0.22401960784313726,0.1823529411764706,2.0,98.10191474636662
2024-01,category3,Noodles / Cooking needs / Processed food (cold),Condiments & sauces / Cooking needs,Rice flour / Glutinous rice flour,PARKNSHOP,2,0,0.0,0.0,31,0.0,,,,
2024-01,category3,Noodles / Cooking needs / Processed food (cold),Condiments & sauces / Cooking needs,Salad Dressing / Miracle Whip Dressing / Mayonnaise,DCHFOOD,1,0,0.0,0.0,31,0.0,,,1.0,125.06289804216348
2024-01,category3,Noodles / Cooking needs / Processed food (cold),Condiments & sauces / Cooking needs,Salad Dressing / Miracle Whip Dressing / Mayonnaise,JASONS,5,2,0.4,6.2,31,0.2,0.3688034188034188,0.4,5.0,100.40230975148394
2024-01,category3,Noodles / Cooking needs / Processed food (cold),Condiments & sauces / Cooking needs,Salad Dressing / Miracle Whip Dressing / Mayonnaise,PARKNSHOP,4,3,0.75,15.25,31,0.49193548387096775,0.31679974753081847,0.2898305084745763,4.0,98.68013883620493
2024-01,category3,Noodles / Cooking needs / Processed food (cold),Condiments & sauces / Cooking needs,Salad Dressing / Miracle Whip Dressing / Mayonnaise,WELLCOME,5,2,0.4,6.2,31,0.2,0.3604940318302387,0.3879310344827586,5.0,96.88162763120646
2024-01,category3,Noodles / Cooking needs / Processed food (cold),Condiments & sauces / Cooking needs,Salt,DCHFOOD,1,0,0.0,0.0,31,0.0,,,,
2024-01,category3,Noodles / Cooking needs / Processed food (cold),Condiments & sauces / Cooking needs,Salt,JASONS,3,0,0.0,0.0,31,0.0,,,3.0,101.28189476254425
2024-01,category3,Noodles / Cooking needs / Processed food (cold),Condiments & sauces / Cooking needs,Salt,PARKNSHOP,3,0,0.0,0.0,31,0.0,,,2.0,101.29390018484288
2024-01,category3,Noodles / Cooking needs / Processed food (cold),Condiments & sauces / Cooking needs,Salt,WELLCOME,4,0,0.0,0.0,31,0.0,,,4.0,98.44183116337672
2024-01,category3,Noodles / Cooking needs / Processed food (cold),Condiments & sauces / Cooking needs,Satay sauces,JASONS,2,1,0.5,5.5,31,0.1774193548387097,0.13694638694638694,0.08333333333333333,2.0,100.85383502170768
2024-01,category3,Noodles / Cooking needs / Processed food (cold),Condiments & sauces / Cooking needs,Satay sauces,PARKNSHOP,2,1,0.5,3.5,31,0.11290322580645161,0.19597989949748737,0.19597989949748737,2.0,103.0246020260492
2024-01,category3,Noodles / Cooking needs / Processed food (cold),Condiments & sauces / Cooking needs,Satay sauces,WELLCOME,2,1,0.5,5.5,31,0.1774193548387097,0.09803921568627451,0.058823529411764705,2.0,96.12156295224314
2024-01,category3,Noodles / Cooking needs / Processed food (cold),Condiments & sauces / Cooking needs,Sesame oil,DCHFOOD,1,0,0.0,0.0,31,0.0,,,1.0,96.45441389290883
2024-01,category3,Noodles / Cooking needs / Processed food (cold),Condiments & sauces / Cooking needs,Sesame oil,PARKNSHOP,1,0,0.0,0.0,31,0.0,,,1.0,103.93150024119633
2024-01,category3,Noodles / Cooking needs / Processed food (cold),Condiments & sauces / Cooking needs,Sesame oil,WELLCOME,1,1,1.0,7.0,31,0.22580645161290322,0.5,0.5,1.0,99.61408586589484
2024-01,category3,Noodles / Cooking needs / Processed food (cold),Condiments & sauces / Cooking needs,Soy sauces,JASONS,3,1,0.3333333333333333,10.333333333333334,31,0.33333333333333337,0.13004032258064516,0.125,3.0,103.95187217893506
2024-01,category3,Noodles / Cooking needs / Processed food (cold),Condiments & sauces / Cooking needs,Soy sauces,PARKNSHOP,3,2,0.6666666666666666,14.666666666666666,31,0.47311827956989244,0.3941798941798942,0.3941798941798942,3.0,97.1671943176665
2024-01,category3,Noodles / Cooking needs / Processed food (cold),Condiments & sauces / Cooking needs,Soy sauces,WELLCOME,3,1,0.3333333333333333,10.333333333333334,31,0.33333333333333337,0.1,0.1,3.0,98.88093350339842
2024-01,category3,Noodles / Cooking needs / Processed food (cold),Condiments & sauces / Cooking needs,Sugar / Sweeteners,DCHFOOD,1,0,0.0,0.0,31,0.0,,,1.0,107.03216907100446
2024-01,category3,Noodles / Cooking needs / Processed food (cold),Condiments & sauces / Cooking needs,Sugar / Sweeteners,JASONS,7,2,0.2857142857142857,3.4285714285714284,31,0.11059907834101382,0.14285714285714285,0.14285714285714285,7.0,102.29610195953612
2024-01,category3,Noodles / Cooking needs / Processed food (cold),Condiments & sauces / Cooking needs,Sugar / Sweeteners,PARKNSHOP,10,4,0.4,11.6,31,0.3741935483870968,0.23670556969052883,0.2353846153846154,7.0,98.56722460409095
2024-01,category3,Noodles / Cooking needs / Processed food (cold),Condiments & sauces / Cooking needs,Sugar / Sweeteners,WELLCOME,7,2,0.2857142857142857,3.4285714285714284,31,0.11059907834101382,0.10000000000000002,0.1,7.0,98.65533685497535
2024-01,category3,Noodles / Cooking needs / Processed food (cold),Condiments & sauces / Cooking needs,Sweet soy sauces / Soy sauces for seafood,JASONS,3,2,0.6666666666666666,20.666666666666668,31,0.6666666666666667,0.3324390282153512,0.3810096153846154,3.0,101.30310968637053
2024-01,category3,Noodles / Cooking needs / Processed food (cold),Condiments & sauces / Cooking needs,Sweet soy sauces / Soy sauces for seafood,PARKNSHOP,4,3,0.75,21.25,31,0.6854838709677419,0.4990551776266062,0.5,3.0,99.04349506321056
2024-01,category3,Noodles / Cooking needs / Processed food (cold),Condiments & sauces / Cooking needs,Sweet soy sauces / Soy sauces for seafood,WELLCOME,3,2,0.6666666666666666,20.666666666666668,31,0.6666666666666667,0.3199188669250286,0.3653846153846154,3.0,99.65339525041892
2024-01,category3,Noodles / Cooking needs / Processed food (cold),Condiments & sauces / Cooking needs,Tomato paste / Tomato puree,JASONS,2,0,0.0,0.0,31,0.0,,,2.0,100.45581738109841
2024-01,category3,Noodles / Cooking needs / Processed food (cold),Condiments & sauces / Cooking needs,Tomato paste / Tomato puree,PARKNSHOP,2,2,1.0,10.5,31,0.3387096774193548,0.5,0.5,2.0,104.66659524899846
2024-01,category3,Noodles / Cooking needs / Processed food (cold),Condiments & sauces / Cooking needs,Tomato paste / Tomato puree,WELLCOME,2,0,0.0,0.0,31,0.0,,,2.0,94.8775873699031
2024-01,category3,Noodles / Cooking needs / Processed food (cold),Condiments & sauces / Cooking needs,Water chestnut flour,JASONS,1,0,0.0,0.0,31,0.0,,,1.0,99.56656346749226
2024-01,category3,Noodles / Cooking needs / Processed food (cold),Condiments & sauces / Cooking needs,Water chestnut flour,PARKNSHOP,1,0,0.0,0.0,31,0.0,,,1.0,103.09597523219813
2024-01,category3,Noodles / Cooking needs / Processed food (cold),Condiments & sauces / Cooking needs,Water chestnut flour,WELLCOME,1,0,0.0,0.0,31,0.0,,,1.0,97.33746130030958
2024-01,category3,Noodles / Cooking needs / Processed food (cold),Condiments & sauces / Cooking needs,XO sauces,DCHFOOD,2,0,0.0,0.0,31,0.0,,,2.0,97.14445596537138
2024-01,category3,Noodles / Cooking needs / Processed food (cold),Condiments & sauces / Cooking needs,XO sauces,JASONS,4,0,0.0,0.0,31,0.0,,,4.0,103.13512931098985
2024-01,category3,Noodles / Cooking needs / Processed food (cold),Condiments & sauces / Cooking needs,XO sauces,PARKNSHOP,6,3,0.5,11.0,31,0.3548387096774194,0.16740621471182315,0.10154241645244205,4.0,98.77857157821958
2024-01,category3,Noodles / Cooking needs / Processed food (cold),Condiments & sauces / Cooking needs,XO sauces,WELLCOME,4,0,0.0,0.0,31,0.0,,,4.0,99.64413663477166
2024-01,category3,Noodles / Cooking needs / Processed food (cold),Frozen / Chilled processed food,Bacon,JASONS,2,0,0.0,0.0,31,0.0,,,1.0,94.48615437619328
2024-01,category3,Noodles / Cooking needs / Processed food (cold),Frozen / Chilled processed food,Bacon,PARKNSHOP,2,0,0.0,0.0,31,0.0,,,2.0,109.95555469295861
2024-01,category3,Noodles / Cooking needs / Processed food (cold),Frozen / Chilled processed food,Bacon,WELLCOME,2,0,0.0,0.0,31,0.0,,,2.0,93.77183448490024
2024-01,category3,Noodles / Cooking needs / Processed food (cold),Frozen / Chilled processed food,Congee / Noodles / Spaghetti,JASONS,3,3,1.0,31.0,31,1.0,0.2761064921041975,0.31659832635983254,3.0,98.09676016198978
2024-01,category3,Noodles / Cooking needs / Processed food (cold),Frozen / Chilled processed food,Congee / Noodles / Spaghetti,PARKNSHOP,3,3,1.0,25.333333333333332,31,0.8172043010752688,0.2647364533999827,0.19678714859437746,3.0,103.80647967602037
2024-01,category3,Noodles / Cooking needs / Processed food (cold),Frozen / Chilled processed food,Congee / Noodles / Spaghetti,WELLCOME,3,3,1.0,31.0,31,1.0,0.24778022440392702,0.2898565217391304,3.0,98.09676016198978
2024-01,category3,Noodles / Cooking needs / Processed food (cold),Frozen / Chilled processed food,Desserts,JASONS,2,2,1.0,13.5,31,0.43548387096774194,0.28736128351539225,0.27908805031446543,2.0,103.4591792571803
2024-01,category3,Noodles / Cooking needs / Processed food (cold),Frozen / Chilled processed food,Desserts,PARKNSHOP,3,3,1.0,29.333333333333332,31,0.9462365591397849,0.22615483462745242,0.225,2.0,94.13719590428148
2024-01,category3,Noodles / Cooking needs / Processed food (cold),Frozen / Chilled processed food,Desserts,WELLCOME,2,2,1.0,15.5,31,0.5,0.28996545018205894,0.29158805031446544,2.0,102.40362483853822
2024-01,category3,Noodles / Cooking needs / Processed food (cold),Frozen / Chilled processed food,Dim sum,DCHFOOD,14,8,0.5714285714285714,1.7142857142857142,31,0.05529953917050691,,,6.0,93.24599838642456
2024-01,category3,Noodles / Cooking needs / Processed food (cold),Frozen / Chilled processed food,Dim sum,JASONS,15,15,1.0,18.266666666666666,31,0.589247311827957,0.35597769452866934,0.3799283154121863,15.0,101.41567564978895
2024-01,category3,Noodles / Cooking needs / Processed food (cold),Frozen / Chilled processed food,Dim sum,PARKNSHOP,25,23,0.92,11.72,31,0.3780645161290323,0.2637643202768682,0.26861702127659576,24.0,100.96423625530318
2024-01,category3,Noodles / Cooking needs / Processed food (cold),Frozen / Chilled processed food,Dim sum,WELLCOME,22,22,1.0,18.454545454545453,31,0.595307917888563,0.3696755164653284,0.4172108695652174,22.0,99.9863099215971
2024-01,category3,Noodles / Cooking needs / Processed food (cold),Frozen / Chilled processed food,Fish balls,JASONS,4,4,1.0,19.75,31,0.6370967741935484,0.3409796920547351,0.40064038461538465,4.0,104.75050472401237
2024-01,category3,Noodles / Cooking needs / Processed food (cold),Frozen / Chilled processed food,Fish balls,PARKNSHOP,5,5,1.0,28.8,31,0.9290322580645162,0.22923438982137587,0.25489999999999996,4.0,95.13452641814573
2024-01,category3,Noodles / Cooking needs / Processed food (cold),Frozen / Chilled processed food,Fish balls,WELLCOME,4,4,1.0,18.5,31,0.5967741935483871,0.33356587439394925,0.38666600000000007,4.0,100.11496885784193
2024-01,category3,Noodles / Cooking needs / Processed food (cold),Frozen / Chilled processed food,Ham,JASONS,2,1,0.5,2.5,31,0.08064516129032258,0.2857142857142857,0.2857142857142857,2.0,102.67882587631804
2024-01,category3,Noodles / Cooking needs / Processed food (cold),Frozen / Chilled processed food,Ham,PARKNSHOP,3,2,0.6666666666666666,6.666666666666667,31,0.21505376344086022,0.26253687315634217,0.26253687315634217,3.0,98.42713663066137
2024-01,category3,Noodles / Cooking needs / Processed food (cold),Frozen / Chilled processed food,Ham,WELLCOME,3,2,0.6666666666666666,4.666666666666667,31,0.15053763440860216,0.2421968787515006,0.2647058823529412,3.0,99.4771984973637
2024-01,category3,Noodles / Cooking needs / Processed food (cold),Frozen / Chilled processed food,Pastry,JASONS,1,0,0.0,0.0,31,0.0,,,1.0,100.0
2024-01,category3,Noodles / Cooking needs / Processed food (cold),Frozen / Chilled processed food,Pastry,PARKNSHOP,1,1,1.0,19.0,31,0.6129032258064516,0.3333333333333333,0.3333333333333333,,
2024-01,category3,Noodles / Cooking needs / Processed food (cold),Frozen / Chilled processed food,Pastry,WELLCOME,1,0,0.0,0.0,31,0.0,,,1.0,100.0
2024-01,category3,Noodles / Cooking needs / Processed food (cold),Frozen / Chilled processed food,Pig knuckles,JASONS,1,0,0.0,0.0,31,0.0,,,1.0,100.0
2024-01,category3,Noodles / Cooking needs / Processed food (cold),Frozen / Chilled processed food,Pig knuckles,WELLCOME,1,0,0.0,0.0,31,0.0,,,1.0,100.0
2024-01,category3,Noodles / Cooking needs / Processed food (cold),Frozen / Chilled processed food,Sausages,DCHFOOD,1,0,0.0,0.0,31,0.0,,,1.0,83.03105757259665
2024-01,category3,Noodles / Cooking needs / Processed food (cold),Frozen / Chilled processed food,Sausages,JASONS,1,1,1.0,27.0,31,0.8709677419354839,0.25280583613916946,0.25,1.0,107.37238803459066
2024-01,category3,Noodles / Cooking needs / Processed food (cold),Frozen / Chilled processed food,Sausages,PARKNSHOP,5,5,1.0,14.8,31,0.4774193548387097,0.14728237357785418,0.18060200668896317,2.0,100.00508705436117
2024-01,category3,Noodles / Cooking needs / Processed food (cold),Frozen / Chilled processed food,Sausages,WELLCOME,2,1,0.5,13.5,31,0.43548387096774194,0.25280583613916946,0.25,2.0,104.07027222599781
2024-01,category3,Noodles / Cooking needs / Processed food (cold),Instant noodles,Cups / Bowls / Trays,DCHFOOD,1,1,1.0,3.0,31,0.0967741935483871,,,1.0,135.35496846319597
2024-01,category3,Noodles / Cooking needs / Processed food (cold),Instant noodles,Cups / Bowls / Trays,JASONS,8,8,1.0,26.5,31,0.8548387096774194,0.22822337890130293,0.15966386554621848,8.0,96.15267514004705
2024-01,category3,Noodles / Cooking needs / Processed food (cold),Instant noodles,Cups / Bowls / Trays,PARKNSHOP,11,10,0.9090909090909091,25.90909090909091,31,0.8357771260997068,0.2575401893850972,0.2842336206097674,9.0,104.08821129329367
2024-01,category3,Noodles / Cooking needs / Processed food (cold),Instant noodles,Cups / Bowls / Trays,WELLCOME,9,9,1.0,27.333333333333332,31,0.8817204301075269,0.21517873742375654,0.125,9.0,95.79128123545809
2024-01,category3,Noodles / Cooking needs / Processed food (cold),Instant noodles,Packs,AEON,1,0,0.0,0.0,31,0.0,,,,
2024-01,category3,Noodles / Cooking needs / Processed food (cold),Instant noodles,Packs,DCHFOOD,6,4,0.6666666666666666,2.0,31,0.06451612903225806,,,6.0,123.69612586853674
2024-01,category3,Noodles / Cooking needs / Processed food (cold),Instant noodles,Packs,JASONS,11,10,0.9090909090909091,25.09090909090909,31,0.8093841642228738,0.356905250665379,0.362,11.0,97.07977370217189
2024-01,category3,Noodles / Cooking needs / Processed food (cold),Instant noodles,Packs,PARKNSHOP,23,17,0.7391304347826086,17.652173913043477,31,0.5694249649368863,0.2985568901509317,0.2592592592592592,17.0,98.69892611296805
2024-01,category3,Noodles / Cooking needs / Processed food (cold),Instant noodles,Packs,WELLCOME,18,15,0.8333333333333334,22.0,31,0.7096774193548387,0.29837783302427046,0.2857142857142857,16.0,94.93767130154109
2024-01,category3,Noodles / Cooking needs / Processed food (cold),Non-instant Italian pasta,Long Italian pasta,DCHFOOD,2,0,0.0,0.0,31,0.0,,,2.0,99.50865414057897
2024-01,category3,Noodles / Cooking needs / Processed food (cold),Non-instant Italian pasta,Long Italian pasta,JASONS,5,5,1.0,10.8,31,0.34838709677419355,0.21632996632996632,0.11363636363636363,5.0,95.56934170196278
2024-01,category3,Noodles / Cooking needs / Processed food (cold),Non-instant Italian pasta,Long Italian pasta,PARKNSHOP,8,3,0.375,2.125,31,0.06854838709677419,0.1994235738421785,0.22093023255813954,5.0,111.65767637752857
2024-01,category3,Noodles / Cooking needs / Processed food (cold),Non-instant Italian pasta,Long Italian pasta,WELLCOME,5,5,1.0,11.0,31,0.3548387096774194,0.20664335664335662,0.11363636363636363,5.0,92.94483926245391
2024-01,category3,Noodles / Cooking needs / Processed food (cold),Non-instant Italian pasta,Shaped Italian pasta,DCHFOOD,2,0,0.0,0.0,31,0.0,,,2.0,99.87413986206619
2024-01,category3,Noodles / Cooking needs / Processed food (cold),Non-instant Italian pasta,Shaped Italian pasta,JASONS,6,5,0.8333333333333334,13.166666666666666,31,0.4247311827956989,0.267726939973881,0.37037037037037035,6.0,101.58116824697191
2024-01,category3,Noodles / Cooking needs / Processed food (cold),Non-instant Italian pasta,Shaped Italian pasta,PARKNSHOP,7,3,0.42857142857142855,3.0,31,0.0967741935483871,0.18753473090494843,0.22093023255813954,5.0,97.70500784660176
2024-01,category3,Noodles / Cooking needs / Processed food (cold),Non-instant Italian pasta,Shaped Italian pasta,WELLCOME,5,4,0.8,9.8,31,0.31612903225806455,0.28802447552447547,0.34615384615384615,5.0,100.52033723229246
2024-01,category3,Noodles / Cooking needs / Processed food (cold),Non-instant oriental noodles,Buckwheat noodles / Soba Noodles,PARKNSHOP,1,0,0.0,0.0,31,0.0,,,,
2024-01,category3,Noodles / Cooking needs / Processed food (cold),Non-instant oriental noodles,Chinese noodles,AEON,1,0,0.0,0.0,31,0.0,,,,
2024-01,category3,Noodles / Cooking needs / Processed food (cold),Non-instant oriental noodles,Chinese noodles,JASONS,1,0,0.0,0.0,31,0.0,,,1.0,102.73381294964028
2024-01,category3,Noodles / Cooking needs / Processed food (cold),Non-instant oriental noodles,Chinese noodles,PARKNSHOP,2,1,0.5,15.5,31,0.5,0.12400000000000005,0.12400000000000005,2.0,95.99260172626387
2024-01,category3,Noodles / Cooking needs / Processed food (cold),Non-instant oriental noodles,Chinese noodles,WELLCOME,2,0,0.0,0.0,31,0.0,,,2.0,102.8360049321825
2024-01,category3,Noodles / Cooking needs / Processed food (cold),Non-instant oriental noodles,Plain noodles / Somen noodles / Ramen noodles,JASONS,2,2,1.0,13.5,31,0.43548387096774194,0.3434343434343435,0.3434343434343435,2.0,107.4859046893169
2024-01,category3,Noodles / Cooking needs / Processed food (cold),Non-instant oriental noodles,Plain noodles / Somen noodles / Ramen noodles,PARKNSHOP,3,3,1.0,31.0,31,1.0,0.3684312403221927,0.40075280898876403,2.0,85.02819062136626
2024-01,category3,Noodles / Cooking needs / Processed food (cold),Non-instant oriental noodles,Plain noodles / Somen noodles / Ramen noodles,WELLCOME,2,2,1.0,28.5,31,0.9193548387096774,0.3157894736842105,0.3157894736842105,2.0,107.4859046893169
2024-01,category3,Noodles / Cooking needs / Processed food (cold),Non-instant oriental noodles,Rice vermicelli / Rice noodles / Rice sticks,JASONS,1,1,1.0,31.0,31,1.0,0.4753320683111954,0.47058823529411764,1.0,91.72539213457604
2024-01,category3,Noodles / Cooking needs / Processed food (cold),Non-instant oriental noodles,Rice vermicelli / Rice noodles / Rice sticks,PARKNSHOP,3,1,0.3333333333333333,1.6666666666666667,31,0.053763440860215055,0.264516129032258,0.264516129032258,2.0,114.21381258754539
2024-01,category3,Noodles / Cooking needs / Processed food (cold),Non-instant oriental noodles,Rice vermicelli / Rice noodles / Rice sticks,WELLCOME,2,2,1.0,21.5,31,0.6935483870967742,0.47379032258064513,0.46875,2.0,89.2428954678189
2024-01,category3,Noodles / Cooking needs / Processed food (cold),Udon noodles,Wet noodles,DCHFOOD,1,0,0.0,0.0,31,0.0,,,,
2024-01,category3,Noodles / Cooking needs / Processed food (cold),Udon noodles,Wet noodles,PARKNSHOP,1,1,1.0,12.0,31,0.3870967741935484,0.09130434782608703,0.09130434782608701,,
2024-01,category3,Personal care,Adult diapers / diaper pants,Adult Diapers/Diaper Pants,JASONS,1,0,0.0,0.0,31,0.0,,,1.0,102.09493549283583
2024-01,category3,Personal care,Adult diapers / diaper pants,Adult Diapers/Diaper Pants,MANNINGS,7,5,0.7142857142857143,13.0,31,0.41935483870967744,0.21906980256143097,0.18556701030927836,7.0,97.31428244887007
2024-01,category3,Personal care,Adult diapers / diaper pants,Adult Diapers/Diaper Pants,PARKNSHOP,8,2,0.25,4.5,31,0.14516129032258066,0.15906131891659173,0.1623233703845149,8.0,103.15364597707142
2024-01,category3,Personal care,Adult diapers / diaper pants,Adult Diapers/Diaper Pants,WATSONS,9,2,0.2222222222222222,2.5555555555555554,31,0.08243727598566307,0.2513157894736842,0.25131578947368416,9.0,100.5475742990944
2024-01,category3,Personal care,Adult diapers / diaper pants,Adult Diapers/Diaper Pants,WELLCOME,4,0,0.0,0.0,31,0.0,,,4.0,97.73510388628222
2024-01,category3,Personal care,Adult diapers / diaper pants,Underpads,JASONS,2,2,1.0,26.0,31,0.8387096774193549,0.24999999999999997,0.25,2.0,96.90070276718961
2024-01,category3,Personal care,Adult diapers / diaper pants,Underpads,MANNINGS,3,1,0.3333333333333333,1.6666666666666667,31,0.053763440860215055,0.14999999999999997,0.14999999999999997,3.0,101.37431191443373
2024-01,category3,Personal care,Adult diapers / diaper pants,Underpads,PARKNSHOP,3,3,1.0,12.0,31,0.3870967741935484,0.0625,0.0,3.0,96.71360198512524
2024-01,category3,Personal care,Adult diapers / diaper pants,Underpads,WATSONS,4,3,0.75,4.5,31,0.14516129032258066,0.09999999999999999,0.0,4.0,103.58875537954624
2024-01,category3,Personal care,Adult diapers / diaper pants,Underpads,WELLCOME,3,2,0.6666666666666666,17.333333333333332,31,0.5591397849462365,0.24999999999999997,0.25,3.0,98.70760186872327
2024-01,category3,Personal care,Antiperspirants / Deodorants,Roll on,JASONS,4,2,0.5,0.5,31,0.016129032258064516,0.0,0.0,4.0,101.68822193701254
2024-01,category3,Personal care,Antiperspirants / Deodorants,Roll on,MANNINGS,6,0,0.0,0.0,31,0.0,,,6.0,98.38456179010645
2024-01,category3,Personal care,Antiperspirants / Deodorants,Roll on,PARKNSHOP,6,0,0.0,0.0,31,0.0,,,6.0,103.09705596378531
2024-01,category3,Personal care,Antiperspirants / Deodorants,Roll on,WATSONS,6,0,0.0,0.0,31,0.0,,,6.0,98.38456179010645
2024-01,category3,Personal care,Antiperspirants / Deodorants,Roll on,WELLCOME,3,1,0.3333333333333333,0.3333333333333333,31,0.01075268817204301,0.0,0.0,3.0,97.7465613110916
2024-01,category3,Personal care,Antiperspirants / Deodorants,Sprays,JASONS,6,2,0.3333333333333333,0.3333333333333333,31,0.01075268817204301,0.0,0.0,6.0,101.92845073242465
2024-01,category3,Personal care,Antiperspirants / Deodorants,Sprays,MANNINGS,4,0,0.0,0.0,31,0.0,,,4.0,98.22581161383931
2024-01,category3,Personal care,Antiperspirants / Deodorants,Sprays,PARKNSHOP,6,0,0.0,0.0,31,0.0,,,6.0,103.58712893331973
2024-01,category3,Personal care,Antiperspirants / Deodorants,Sprays,WATSONS,6,0,0.0,0.0,31,0.0,,,6.0,98.0915707734342
2024-01,category3,Personal care,Antiperspirants / Deodorants,Sprays,WELLCOME,6,2,0.3333333333333333,0.3333333333333333,31,0.01075268817204301,0.0,0.0,6.0,97.54097936231504
2024-01,category3,Personal care,Bathing lotions / Liquid soap / Soap,Body washes / Shower gels,JASONS,8,5,0.625,9.0,31,0.2903225806451613,0.25806451612903225,0.25,8.0,102.3290009289479
2024-01,category3,Personal care,Bathing lotions / Liquid soap / Soap,Body washes / Shower gels,MANNINGS,4,1,0.25,4.75,31,0.1532258064516129,0.5,0.5,4.0,101.34812080093572
2024-01,category3,Personal care,Bathing lotions / Liquid soap / Soap,Body washes / Shower gels,PARKNSHOP,14,6,0.42857142857142855,5.928571428571429,31,0.1912442396313364,0.2261520003773599,0.20537435732647813,12.0,100.30147909754005
2024-01,category3,Personal care,Bathing lotions / Liquid soap / Soap,Body washes / Shower gels,WATSONS,11,7,0.6363636363636364,6.909090909090909,31,0.22287390029325513,0.20378151260504201,0.25,9.0,97.94643696312929
2024-01,category3,Personal care,Bathing lotions / Liquid soap / Soap,Body washes / Shower gels,WELLCOME,11,7,0.6363636363636364,7.7272727272727275,31,0.24926686217008798,0.23742060032382614,0.25,10.0,99.39938738634007
2024-01,category3,Personal care,Bathing lotions / Liquid soap / Soap,Hand washes,JASONS,3,3,1.0,11.666666666666666,31,0.3763440860215054,0.27777745098039214,0.25,3.0,106.06761217746342
2024-01,category3,Personal care,Bathing lotions / Liquid soap / Soap,Hand washes,MANNINGS,2,0,0.0,0.0,31,0.0,,,2.0,85.54541204657687
2024-01,category3,Personal care,Bathing lotions / Liquid soap / Soap,Hand washes,PARKNSHOP,5,4,0.8,11.6,31,0.3741935483870968,0.2117568815606956,0.18164332358887092,3.0,105.66289624098752
2024-01,category3,Personal care,Bathing lotions / Liquid soap / Soap,Hand washes,WATSONS,3,3,1.0,11.666666666666666,31,0.3763440860215054,0.24999999999999992,0.24999999999999994,3.0,95.1349040841839
2024-01,category3,Personal care,Bathing lotions / Liquid soap / Soap,Hand washes,WELLCOME,3,3,1.0,12.666666666666666,31,0.4086021505376344,0.27777777777777773,0.25,3.0,103.22885050388702
2024-01,category3,Personal care,Bathing lotions / Liquid soap / Soap,Soaps,JASONS,2,1,0.5,3.0,31,0.0967741935483871,0.08695652173913043,0.08695652173913043,2.0,101.7605059415507
2024-01,category3,Personal care,Bathing lotions / Liquid soap / Soap,Soaps,PARKNSHOP,2,0,0.0,0.0,31,0.0,,,2.0,107.45875001962415
2024-01,category3,Personal care,Bathing lotions / Liquid soap / Soap,Soaps,WATSONS,1,0,0.0,0.0,31,0.0,,,1.0,83.19327731092437
2024-01,category3,Personal care,Bathing lotions / Liquid soap / Soap,Soaps,WELLCOME,2,1,0.5,3.5,31,0.11290322580645161,0.09318181818181821,0.09318181818181821,2.0,96.94577942855707
2024-01,category3,Personal care,Contraceptives,Condoms,JASONS,4,0,0.0,0.0,31,0.0,,,4.0,97.24621895632265
2024-01,category3,Personal care,Contraceptives,Condoms,MANNINGS,10,6,0.6,7.2,31,0.23225806451612904,0.5,0.5,10.0,96.29838580583001
2024-01,category3,Personal care,Contraceptives,Condoms,PARKNSHOP,10,10,1.0,6.0,31,0.1935483870967742,0.0,0.0,10.0,106.8052571804044
2024-01,category3,Personal care,Contraceptives,Condoms,WATSONS,18,11,0.6111111111111112,7.166666666666667,31,0.23118279569892475,0.25000000000000006,0.25000000000000006,17.0,98.51060512886548
2024-01,category3,Personal care,Contraceptives,Condoms,WELLCOME,15,0,0.0,0.0,31,0.0,,,15.0,100.30320239471257
2024-01,category3,Personal care,Drugs / Herbs,Alcohol of mint / Essential oil of peppermint,JASONS,1,0,0.0,0.0,31,0.0,,,1.0,99.32320785893751
2024-01,category3,Personal care,Drugs / Herbs,Alcohol of mint / Essential oil of peppermint,MANNINGS,1,0,0.0,0.0,31,0.0,,,1.0,98.23671880305123
2024-01,category3,Personal care,Drugs / Herbs,Alcohol of mint / Essential oil of peppermint,PARKNSHOP,1,1,1.0,1.0,31,0.03225806451612903,0.13157894736842105,0.13157894736842105,1.0,99.42506620792686
2024-01,category3,Personal care,Drugs / Herbs,Alcohol of mint / Essential oil of peppermint,WATSONS,1,0,0.0,0.0,31,0.0,,,1.0,104.12186785576858
2024-01,category3,Personal care,Drugs / Herbs,Alcohol of mint / Essential oil of peppermint,WELLCOME,1,0,0.0,0.0,31,0.0,,,1.0,98.89313927431584
2024-01,category3,Personal care,Drugs / Herbs,Cough medicines,JASONS,1,1,1.0,7.0,31,0.22580645161290322,0.10000000000000005,0.10000000000000005,1.0,107.8404931612406
2024-01,category3,Personal care,Drugs / Herbs,Cough medicines,MANNINGS,3,0,0.0,0.0,31,0.0,,,3.0,90.5238140202068
2024-01,category3,Personal care,Drugs / Herbs,Cough medicines,WATSONS,2,1,0.5,2.5,31,0.08064516129032258,0.0,0.0,2.0,94.09690884476535
2024-01,category3,Personal care,Drugs / Herbs,Cough medicines,WELLCOME,3,0,0.0,0.0,31,0.0,,,3.0,110.93604659339069
2024-01,category3,Personal care,Drugs / Herbs,Gastro-intestinal drugs,JASONS,1,1,1.0,14.0,31,0.45161290322580644,0.14655172413793102,0.14655172413793102,1.0,100.79275198187996
2024-01,category3,Personal care,Drugs / Herbs,Gastro-intestinal drugs,MANNINGS,1,0,0.0,0.0,31,0.0,,,1.0,99.4714986787467
2024-01,category3,Personal care,Drugs / Herbs,Gastro-intestinal drugs,PARKNSHOP,1,0,0.0,0.0,31,0.0,,,1.0,99.4714986787467
2024-01,category3,Personal care,Drugs / Herbs,Gastro-intestinal drugs,WATSONS,1,0,0.0,0.0,31,0.0,,,1.0,99.4714986787467
2024-01,category3,Personal care,Drugs / Herbs,Gastro-intestinal drugs,WELLCOME,1,1,1.0,14.0,31,0.45161290322580644,0.14655172413793102,0.14655172413793102,1.0,100.79275198187996
2024-01,category3,Personal care,Drugs / Herbs,Insect repellents,JASONS,7,0,0.0,0.0,31,0.0,,,6.0,101.80923494601993
2024-01,category3,Personal care,Drugs / Herbs,Insect repellents,MANNINGS,6,2,0.3333333333333333,4.0,31,0.12903225806451613,0.20000000000000004,0.2,6.0,96.03716862530747
2024-01,category3,Personal care,Drugs / Herbs,Insect repellents,PARKNSHOP,8,0,0.0,0.0,31,0.0,,,6.0,106.59426898848284
2024-01,category3,Personal care,Drugs / Herbs,Insect repellents,WATSONS,8,0,0.0,0.0,31,0.0,,,8.0,97.00667302192565
2024-01,category3,Personal care,Drugs / Herbs,Insect repellents,WELLCOME,5,0,0.0,0.0,31,0.0,,,5.0,98.82453515708485
2024-01,category3,Personal care,Drugs / Herbs,Nasal spray,MANNINGS,4,2,0.5,6.5,31,0.20967741935483872,0.22500000000000003,0.22500000000000006,4.0,99.36722873874078
2024-01,category3,Personal care,Drugs / Herbs,Nasal spray,PARKNSHOP,1,0,0.0,0.0,31,0.0,,,1.0,108.13953488372093
2024-01,category3,Personal care,Drugs / Herbs,Nasal spray,WATSONS,4,2,0.5,10.0,31,0.3225806451612903,0.22500000000000006,0.22500000000000003,4.0,98.76599270101705
2024-01,category3,Personal care,Drugs / Herbs,Ointments,JASONS,2,0,0.0,0.0,31,0.0,,,2.0,105.74018126888218
2024-01,category3,Personal care,Drugs / Herbs,Ointments,MANNINGS,2,2,1.0,31.0,31,1.0,0.07408802991567137,0.07408802991567137,2.0,91.23867069486407
2024-01,category3,Personal care,Drugs / Herbs,Ointments,PARKNSHOP,2,0,0.0,0.0,31,0.0,,,2.0,102.41691842900305
2024-01,category3,Personal care,Drugs / Herbs,Ointments,WELLCOME,2,0,0.0,0.0,31,0.0,,,2.0,100.60422960725077
2024-01,category3,Personal care,Drugs / Herbs,Other health supplements,PARKNSHOP,3,1,0.3333333333333333,4.666666666666667,31,0.15053763440860216,0.1715976331360946,0.1715976331360946,2.0,100.52817451636089
2024-01,category3,Personal care,Drugs / Herbs,Other health supplements,WATSONS,2,1,0.5,7.0,31,0.22580645161290322,0.1715976331360946,0.1715976331360946,2.0,103.15342063318434
2024-01,category3,Personal care,Drugs / Herbs,Other health supplements,WELLCOME,1,0,0.0,0.0,31,0.0,,,1.0,93.06569343065694
2024-01,category3,Personal care,Drugs / Herbs,Pain / Fever / Cold / Flu medicines,JASONS,1,0,0.0,0.0,31,0.0,,,1.0,99.43479706401371
2024-01,category3,Personal care,Drugs / Herbs,Pain / Fever / Cold / Flu medicines,WATSONS,7,3,0.42857142857142855,4.428571428571429,31,0.14285714285714288,0.05000000000000002,0.0,2.0,101.00402047813874
2024-01,category3,Personal care,Drugs / Herbs,Pain / Fever / Cold / Flu medicines,WELLCOME,2,0,0.0,0.0,31,0.0,,,2.0,99.35031535164767
2024-01,category3,Personal care,Drugs / Herbs,Pain relief patches,JASONS,1,0,0.0,0.0,31,0.0,,,1.0,110.12550721902423
2024-01,category3,Personal care,Drugs / Herbs,Pain relief patches,WATSONS,2,0,0.0,0.0,31,0.0,,,2.0,95.62814527769468
2024-01,category3,Personal care,Drugs / Herbs,Pain relief patches,WELLCOME,2,0,0.0,0.0,31,0.0,,,2.0,101.58125381984631
2024-01,category3,Personal care,Drugs / Herbs,Proprietary Chinese medicines - Medicinal oils,JASONS,2,0,0.0,0.0,31,0.0,,,2.0,99.8062762104985
2024-01,category3,Personal care,Drugs / Herbs,Proprietary Chinese medicines - Medicinal oils,MANNINGS,5,1,0.2,2.4,31,0.07741935483870968,0.5,0.5,5.0,102.62832900685082
2024-01,category3,Personal care,Drugs / Herbs,Proprietary Chinese medicines - Medicinal oils,PARKNSHOP,5,2,0.4,11.2,31,0.36129032258064514,0.06932703380071796,0.07559269796111896,5.0,92.89699021868132
2024-01,category3,Personal care,Drugs / Herbs,Proprietary Chinese medicines - Medicinal oils,WATSONS,5,0,0.0,0.0,31,0.0,,,5.0,105.24975568227504
2024-01,category3,Personal care,Drugs / Herbs,Proprietary Chinese medicines - Medicinal oils,WELLCOME,2,0,0.0,0.0,31,0.0,,,2.0,98.36676261130862
2024-01,category3,Personal care,Drugs / Herbs,Proprietary Chinese medicines - Oral,JASONS,2,0,0.0,0.0,31,0.0,,,2.0,101.74975422262837
2024-01,category3,Personal care,Drugs / Herbs,Proprietary Chinese medicines - Oral,MANNINGS,3,1,0.3333333333333333,10.333333333333334,31,0.33333333333333337,0.1,0.1,3.0,96.62460238190562
2024-01,category3,Personal care,Drugs / Herbs,Proprietary Chinese medicines - Oral,PARKNSHOP,3,1,0.3333333333333333,8.666666666666666,31,0.27956989247311825,0.10099999999999995,0.10099999999999994,3.0,98.50074225363342
2024-01,category3,Personal care,Drugs / Herbs,Proprietary Chinese medicines - Oral,WATSONS,3,1,0.3333333333333333,9.666666666666666,31,0.3118279569892473,0.1,0.1,3.0,99.58059696739694
2024-01,category3,Personal care,Drugs / Herbs,Proprietary Chinese medicines - Oral,WELLCOME,3,0,0.0,0.0,31,0.0,,,3.0,104.15878886803505
2024-01,category3,Personal care,Drugs / Herbs,Proprietary Chinese medicines - powder for oral solution,MANNINGS,1,1,1.0,31.0,31,1.0,0.08904109589041093,0.08904109589041093,1.0,100.75757575757575
2024-01,category3,Personal care,Drugs / Herbs,Proprietary Chinese medicines - powder for oral solution,PARKNSHOP,1,1,1.0,31.0,31,1.0,0.04545454545454542,0.04545454545454542,1.0,100.75757575757575
2024-01,category3,Personal care,Drugs / Herbs,Proprietary Chinese medicines - powder for oral solution,WATSONS,1,1,1.0,31.0,31,1.0,0.15285371179442991,0.1841004184100418,1.0,98.48484848484848
2024-01,category3,Personal care,Feminine care,Feminine washes,MANNINGS,2,2,1.0,10.0,31,0.3225806451612903,0.325,0.32499999999999996,2.0,90.45208460384627
2024-01,category3,Personal care,Feminine care,Feminine washes,PARKNSHOP,4,4,1.0,10.0,31,0.3225806451612903,0.0,0.0,4.0,106.91207301889038
2024-01,category3,Personal care,Feminine care,Feminine washes,WATSONS,4,4,1.0,3.25,31,0.10483870967741936,0.0,0.0,4.0,98.46840527000677
2024-01,category3,Personal care,Feminine care,Sanitary napkins,JASONS,12,11,0.9166666666666666,11.833333333333334,31,0.3817204301075269,0.2799642392609945,0.25,11.0,104.87274511074254
2024-01,category3,Personal care,Feminine care,Sanitary napkins,MANNINGS,19,18,0.9473684210526315,15.0,31,0.4838709677419355,0.42282495211754223,0.3333342618384401,18.0,96.7618305922221
2024-01,category3,Personal care,Feminine care,Sanitary napkins,PARKNSHOP,26,26,1.0,21.26923076923077,31,0.6861042183622829,0.20828914588254424,0.307439446366782,26.0,95.5605078346666
2024-01,category3,Personal care,Feminine care,Sanitary napkins,WATSONS,28,28,1.0,14.0,31,0.45161290322580644,0.15051661424172383,0.24999999999999994,27.0,103.40857958181795
2024-01,category3,Personal care,Feminine care,Sanitary napkins,WELLCOME,13,12,0.9230769230769231,12.307692307692308,31,0.3970223325062035,0.28126218323586744,0.25,13.0,101.79580230514989
2024-01,category3,Personal care,Feminine care,Sanitary pads,JASONS,4,4,1.0,16.25,31,0.5241935483870968,0.28143625176241066,0.2596153846153846,4.0,99.18477956411954
2024-01,category3,Personal care,Feminine care,Sanitary pads,MANNINGS,1,1,1.0,6.0,31,0.1935483870967742,0.5,0.5,1.0,96.45690584846595
2024-01,category3,Personal care,Feminine care,Sanitary pads,PARKNSHOP,7,6,0.8571428571428571,10.285714285714286,31,0.3317972350230415,0.12920629638400905,0.0,5.0,104.58791559648239
2024-01,category3,Personal care,Feminine care,Sanitary pads,WATSONS,3,3,1.0,10.0,31,0.3225806451612903,0.07539571104932548,0.0,3.0,102.91495068934047
2024-01,category3,Personal care,Feminine care,Sanitary pads,WELLCOME,5,5,1.0,14.4,31,0.4645161290322581,0.3626931760249554,0.26666799999999996,5.0,95.0835358814135
2024-01,category3,Personal care,Feminine care,Sanitary tampons,JASONS,1,1,1.0,24.0,31,0.7741935483870968,0.3116827205882353,0.2769602941176471,1.0,93.84660251144231
2024-01,category3,Personal care,Feminine care,Sanitary tampons,PARKNSHOP,1,1,1.0,12.0,31,0.3870967741935484,0.40277836879432627,0.3333343465045593,1.0,95.30373195634314
2024-01,category3,Personal care,Feminine care,Sanitary tampons,WATSONS,2,2,1.0,5.0,31,0.16129032258064516,0.26388888888888895,0.375,1.0,120.07393498415679
2024-01,category3,Personal care,Feminine care,Sanitary tampons,WELLCOME,1,1,1.0,24.0,31,0.7741935483870968,0.31502525252525254,0.2803030303030303,1.0,90.77573054805774
2024-01,category3,Personal care,First aid,Cooling gel sheets,JASONS,1,0,0.0,0.0,31,0.0,,,1.0,125.72381317170989
2024-01,category3,Personal care,First aid,Cooling gel sheets,MANNINGS,1,0,0.0,0.0,31,0.0,,,1.0,86.95897077709932
2024-01,category3,Personal care,First aid,Cooling gel sheets,PARKNSHOP,1,0,0.0,0.0,31,0.0,,,1.0,82.06971137597728
2024-01,category3,Personal care,First aid,Cooling gel sheets,WATSONS,1,0,0.0,0.0,31,0.0,,,1.0,83.36525246152806
2024-01,category3,Personal care,First aid,Cooling gel sheets,WELLCOME,1,0,0.0,0.0,31,0.0,,,1.0,121.8822522136854
2024-01,category3,Personal care,First aid,Tape,PARKNSHOP,2,0,0.0,0.0,31,0.0,,,2.0,108.2951036612263
2024-01,category3,Personal care,First aid,Tape,WATSONS,3,2,0.6666666666666666,1.3333333333333333,31,0.04301075268817204,0.11999999999999991,0.11999999999999991,1.0,76.77865612648222
2024-01,category3,Personal care,First aid,Tape,WELLCOME,3,1,0.3333333333333333,0.3333333333333333,31,0.01075268817204301,0.0,0.0,2.0,107.7723864137627
2024-01,category3,Personal care,Hair care,Conditioners,JASONS,3,3,1.0,16.666666666666668,31,0.5376344086021506,0.26113182382134,0.25,3.0,109.96732728072342
2024-01,category3,Personal care,Hair care,Conditioners,MANNINGS,4,4,1.0,27.25,31,0.8790322580645161,0.30351668313700436,0.19538564888461624,4.0,86.75833072925067
2024-01,category3,Personal care,Hair care,Conditioners,PARKNSHOP,5,5,1.0,13.4,31,0.432258064516129,0.27174442062509563,0.27499999999999997,4.0,104.5056383940268
2024-01,category3,Personal care,Hair care,Conditioners,WATSONS,4,4,1.0,29.25,31,0.9435483870967742,0.21202144713039994,0.2500000000000001,4.0,94.50559734357775
2024-01,category3,Personal care,Hair care,Conditioners,WELLCOME,3,3,1.0,16.666666666666668,31,0.5376344086021506,0.2568376068376068,0.25,3.0,108.22321141625312
2024-01,category3,Personal care,Hair care,Hair colourings,PARKNSHOP,1,1,1.0,19.0,31,0.6129032258064516,0.15060240963855423,0.15060240963855423,1.0,104.00222655162818
2024-01,category3,Personal care,Hair care,Hair colourings,WATSONS,1,1,1.0,19.0,31,0.6129032258064516,0.25,0.25,1.0,95.99777344837185
2024-01,category3,Personal care,Hair care,Hair stylings,JASONS,3,0,0.0,0.0,31,0.0,,,3.0,105.18622395479392
2024-01,category3,Personal care,Hair care,Hair stylings,MANNINGS,1,1,1.0,19.0,31,0.6129032258064516,0.5,0.5,1.0,82.18397228121158
2024-01,category3,Personal care,Hair care,Hair stylings,WELLCOME,3,0,0.0,0.0,31,0.0,,,3.0,101.98748695995774
2024-01,category3,Personal care,Hair care,Hair treatment,JASONS,2,2,1.0,14.5,31,0.46774193548387094,0.3872549019607844,0.375,2.0,100.64528779129618
2024-01,category3,Personal care,Hair care,Hair treatment,MANNINGS,3,3,1.0,19.0,31,0.6129032258064516,0.48655913978494625,0.5,1.0,84.91647968087757
2024-01,category3,Personal care,Hair care,Hair treatment,PARKNSHOP,4,2,0.5,3.25,31,0.10483870967741936,0.3075264968776958,0.3075264968776958,4.0,107.01101179704959
2024-01,category3,Personal care,Hair care,Hair treatment,WATSONS,3,3,1.0,22.0,31,0.7096774193548387,0.2653437050449438,0.25,3.0,94.43023540654251
2024-01,category3,Personal care,Hair care,Hair treatment,WELLCOME,4,3,0.75,8.5,31,0.27419354838709675,0.3415032679738563,0.25000000000000006,3.0,96.95463323307708
2024-01,category3,Personal care,Hair care,Shampoos,JASONS,11,9,0.8181818181818182,14.090909090909092,31,0.4545454545454546,0.2612792623076017,0.25,10.0,107.09634849186199
2024-01,category3,Personal care,Hair care,Shampoos,MANNINGS,9,9,1.0,28.0,31,0.9032258064516129,0.3547630697094401,0.41666666666666663,9.0,84.12330021128135
2024-01,category3,Personal care,Hair care,Shampoos,PARKNSHOP,21,17,0.8095238095238095,12.238095238095237,31,0.39477726574500765,0.2528610378488875,0.24969474969474972,18.0,103.52421762717708
2024-01,category3,Personal care,Hair care,Shampoos,WATSONS,21,21,1.0,22.38095238095238,31,0.7219662058371735,0.16495696390019363,0.25,19.0,96.93285558465536
2024-01,category3,Personal care,Hair care,Shampoos,WELLCOME,12,10,0.8333333333333334,14.916666666666666,31,0.4811827956989247,0.2575747863247863,0.25,12.0,104.78102161244858
2024-01,category3,Personal care,Hand sanitation,Hand sanitizers,JASONS,1,1,1.0,14.0,31,0.45161290322580644,0.3125,0.3125,1.0,104.23970787042094
2024-01,category3,Personal care,Hand sanitation,Hand sanitizers,MANNINGS,1,1,1.0,24.0,31,0.7741935483870968,0.3333318777292576,0.3333318777292576,1.0,85.92040301583255
2024-01,category3,Personal care,Hand sanitation,Hand sanitizers,PARKNSHOP,2,2,1.0,15.5,31,0.5,0.32532751091703055,0.32532751091703055,1.0,107.9264330627081
2024-01,category3,Personal care,Hand sanitation,Hand sanitizers,WATSONS,1,1,1.0,14.0,31,0.45161290322580644,0.24999999999999992,0.24999999999999992,1.0,102.73076061251578
2024-01,category3,Personal care,Hand sanitation,Hand sanitizers,WELLCOME,1,1,1.0,14.0,31,0.45161290322580644,0.32608695652173914,0.32608695652173914,1.0,99.18269543852259
2024-01,category3,Personal care,Hand sanitation,Hand sanitizing moist wipes,JASONS,2,2,1.0,22.5,31,0.7258064516129032,0.305814633580705,0.2803045454545454,2.0,102.57906674930746
2024-01,category3,Personal care,Hand sanitation,Hand sanitizing moist wipes,MANNINGS,1,0,0.0,0.0,31,0.0,,,1.0,108.06338028169013
2024-01,category3,Personal care,Hand sanitation,Hand sanitizing moist wipes,WATSONS,3,3,1.0,7.666666666666667,31,0.24731182795698925,0.267979797979798,0.205,2.0,97.5981886486965
2024-01,category3,Personal care,Hand sanitation,Hand sanitizing moist wipes,WELLCOME,2,2,1.0,22.5,31,0.7258064516129032,0.29197315184815187,0.26329797979797986,2.0,95.65157696345672
2024-01,category3,Personal care,Health protection products,Face masks / Surgical masks,PARKNSHOP,2,2,1.0,31.0,31,1.0,0.3413974829653269,0.33333294786096257,1.0,97.29221701669331
2024-01,category3,Personal care,Health protection products,Face masks / Surgical masks,WATSONS,1,1,1.0,30.0,31,0.967741935483871,0.49958298582151794,0.49958298582151794,1.0,102.7077829833067
2024-01,category3,Personal care,Health supplements / Dietary supplements,Bird's nest,JASONS,1,1,1.0,13.0,31,0.41935483870967744,0.25806451612903225,0.25806451612903225,1.0,99.00606528212862
2024-01,category3,Personal care,Health supplements / Dietary supplements,Bird's nest,MANNINGS,1,1,1.0,18.0,31,0.5806451612903226,0.07537688442211055,0.07537688442211055,1.0,99.55752869810779
2024-01,category3,Personal care,Health supplements / Dietary supplements,Bird's nest,PARKNSHOP,1,1,1.0,14.0,31,0.45161290322580644,0.17235106866757618,0.17235106866757618,1.0,100.19105512241721
2024-01,category3,Personal care,Health supplements / Dietary supplements,Bird's nest,WATSONS,1,1,1.0,13.0,31,0.41935483870967744,0.015516318887105434,0.015516318887105434,1.0,102.23928561521775
2024-01,category3,Personal care,Health supplements / Dietary supplements,Bird's nest,WELLCOME,1,1,1.0,13.0,31,0.41935483870967744,0.25806451612903225,0.25806451612903225,1.0,99.00606528212862
2024-01,category3,Personal care,Health supplements / Dietary supplements,Chicken essence,JASONS,1,1,1.0,5.0,31,0.16129032258064516,0.0,0.0,1.0,102.67049817920577
2024-01,category3,Personal care,Health supplements / Dietary supplements,Chicken essence,MANNINGS,3,3,1.0,9.0,31,0.2903225806451613,0.24710773285496465,0.10069444444444445,,
2024-01,category3,Personal care,Health supplements / Dietary supplements,Chicken essence,PARKNSHOP,1,0,0.0,0.0,31,0.0,,,1.0,100.01499250374812
2024-01,category3,Personal care,Health supplements / Dietary supplements,Chicken essence,WATSONS,2,0,0.0,0.0,31,0.0,,,2.0,99.72272761489805
2024-01,category3,Personal care,Health supplements / Dietary supplements,Chicken essence,WELLCOME,1,0,0.0,0.0,31,0.0,,,1.0,99.09951197760547
2024-01,category3,Personal care,Health supplements / Dietary supplements,Fish oil / Fish liver oil / Liver oil,AEON,1,0,0.0,0.0,31,0.0,,,1.0,104.76309852093257
2024-01,category3,Personal care,Health supplements / Dietary supplements,Fish oil / Fish liver oil / Liver oil,MANNINGS,4,2,0.5,7.75,31,0.25,0.36470588235294116,0.35,1.0,103.296565555277
2024-01,category3,Personal care,Health supplements / Dietary supplements,Fish oil / Fish liver oil / Liver oil,PARKNSHOP,1,0,0.0,0.0,31,0.0,,,1.0,110.66845495338865
2024-01,category3,Personal care,Health supplements / Dietary supplements,Fish oil / Fish liver oil / Liver oil,WATSONS,6,5,0.8333333333333334,11.833333333333334,31,0.3817204301075269,0.39017504800963454,0.25,2.0,89.78673497562802
2024-01,category3,Personal care,Health supplements / Dietary supplements,Lozenges,JASONS,4,4,1.0,10.75,31,0.3467741935483871,0.1907950024744937,0.10000000000000009,4.0,100.26373342977901
2024-01,category3,Personal care,Health supplements / Dietary supplements,Lozenges,MANNINGS,4,2,0.5,8.5,31,0.27419354838709675,0.19999999999999996,0.19999999999999996,4.0,100.38904676147718
2024-01,category3,Personal care,Health supplements / Dietary supplements,Lozenges,PARKNSHOP,3,3,1.0,15.666666666666666,31,0.5053763440860215,0.1996462884768374,0.20047732696897372,3.0,105.52287744717694
2024-01,category3,Personal care,Health supplements / Dietary supplements,Lozenges,WATSONS,7,3,0.42857142857142855,5.428571428571429,31,0.1751152073732719,0.1529411764705882,0.1999999999999999,5.0,97.82849754234199
2024-01,category3,Personal care,Health supplements / Dietary supplements,Lozenges,WELLCOME,5,3,0.6,4.4,31,0.14193548387096774,0.2835726046195634,0.2894736842105263,5.0,98.09689190098058
2024-01,category3,Personal care,Health supplements / Dietary supplements,Vitamins / Minerals,JASONS,1,1,1.0,7.0,31,0.22580645161290322,0.38613861386138615,0.38613861386138615,1.0,85.87648112165199
2024-01,category3,Personal care,Health supplements / Dietary supplements,Vitamins / Minerals,MANNINGS,7,6,0.8571428571428571,15.142857142857142,31,0.48847926267281105,0.4692982456140351,0.5,7.0,90.35377848849629
2024-01,category3,Personal care,Health supplements / Dietary supplements,Vitamins / Minerals,PARKNSHOP,4,0,0.0,0.0,31,0.0,,,4.0,102.71652695996643
2024-01,category3,Personal care,Health supplements / Dietary supplements,Vitamins / Minerals,WATSONS,9,7,0.7777777777777778,10.222222222222221,31,0.3297491039426523,0.22611283643892335,0.2499999999999999,8.0,105.44006055260331
2024-01,category3,Personal care,Health supplements / Dietary supplements,Vitamins / Minerals,WELLCOME,4,2,0.5,3.0,31,0.0967741935483871,0.2937828540507112,0.2937828540507112,4.0,106.7235851203748
2024-01,category3,Personal care,Medical equipment,Medical thermometers,MANNINGS,1,0,0.0,0.0,31,0.0,,,1.0,96.94656488549617
2024-01,category3,Personal care,Medical equipment,Medical thermometers,PARKNSHOP,2,0,0.0,0.0,31,0.0,,,2.0,101.41359406290493
2024-01,category3,Personal care,Medical equipment,Medical thermometers,WATSONS,2,0,0.0,0.0,31,0.0,,,2.0,101.41359406290493
2024-01,category3,Personal care,Medical equipment,Rapid Antigen Test kits,WATSONS,1,1,1.0,30.0,31,0.967741935483871,0.6,0.6,,
2024-01,category3,Personal care,Men's care,Razor blade refill cartridges,JASONS,5,2,0.4,2.8,31,0.09032258064516129,0.25,0.25,4.0,100.46048387818367
2024-01,category3,Personal care,Men's care,Razor blade refill cartridges,WATSONS,2,2,1.0,3.5,31,0.11290322580645161,0.0,0.0,1.0,99.18185198958722
2024-01,category3,Personal care,Men's care,Razor blade refill cartridges,WELLCOME,5,2,0.4,1.6,31,0.05161290322580645,0.25,0.25,4.0,99.68745229560012
2024-01,category3,Personal care,Men's care,Razor kits,JASONS,4,2,0.5,3.5,31,0.11290322580645161,0.25,0.25,4.0,100.27653187626578
2024-01,category3,Personal care,Men's care,Razor kits,MANNINGS,1,0,0.0,0.0,31,0.0,,,,
2024-01,category3,Personal care,Men's care,Razor kits,WATSONS,3,3,1.0,5.666666666666667,31,0.1827956989247312,0.05555555555555555,0.0,3.0,99.64955054289136
2024-01,category3,Personal care,Men's care,Razor kits,WELLCOME,4,2,0.5,2.25,31,0.07258064516129033,0.234375,0.25,4.0,99.99306349036428
2024-01,category3,Personal care,Men's care,Shaving foam / Shaving cream / Shaving gel,JASONS,4,0,0.0,0.0,31,0.0,,,4.0,98.93343407459282
2024-01,category3,Personal care,Men's care,Shaving foam / Shaving cream / Shaving gel,MANNINGS,1,0,0.0,0.0,31,0.0,,,1.0,92.47482776894542
2024-01,category3,Personal care,Men's care,Shaving foam / Shaving cream / Shaving gel,PARKNSHOP,3,0,0.0,0.0,31,0.0,,,3.0,123.79072516324491
2024-01,category3,Personal care,Men's care,Shaving foam / Shaving cream / Shaving gel,WATSONS,4,4,1.0,5.0,31,0.16129032258064516,0.04166666666666667,0.0,4.0,91.419037408293
2024-01,category3,Personal care,Men's care,Shaving foam / Shaving cream / Shaving gel,WELLCOME,4,0,0.0,0.0,31,0.0,,,4.0,93.52003144865351
2024-01,category3,Personal care,Men's care,razors,JASONS,3,3,1.0,7.0,31,0.22580645161290322,0.12642450142450143,0.125,3.0,99.08088352542721
2024-01,category3,Personal care,Men's care,razors,MANNINGS,1,0,0.0,0.0,31,0.0,,,1.0,96.1110736671834
2024-01,category3,Personal care,Men's care,razors,WATSONS,2,2,1.0,2.5,31,0.08064516129032258,0.0,0.0,2.0,109.63828190686277
2024-01,category3,Personal care,Men's care,razors,WELLCOME,3,2,0.6666666666666666,4.666666666666667,31,0.15053763440860216,0.11621301775147924,0.11621301775147924,3.0,95.22327322826108
2024-01,category3,Personal care,Oral care,Electric toothbrush brushheads,MANNINGS,1,0,0.0,0.0,31,0.0,,,,
2024-01,category3,Personal care,Oral care,Electric toothbrushes (alkaline Battery),JASONS,1,0,0.0,0.0,31,0.0,,,1.0,102.22222222222221
2024-01,category3,Personal care,Oral care,Electric toothbrushes (alkaline Battery),MANNINGS,2,0,0.0,0.0,31,0.0,,,2.0,99.4413407821229
2024-01,category3,Personal care,Oral care,Electric toothbrushes (alkaline Battery),WATSONS,2,0,0.0,0.0,31,0.0,,,2.0,99.4413407821229
2024-01,category3,Personal care,Oral care,Floss,JASONS,1,1,1.0,12.0,31,0.3870967741935484,0.3333333333333333,0.3333333333333333,1.0,99.07584929000399
2024-01,category3,Personal care,Oral care,Floss,PARKNSHOP,3,2,0.6666666666666666,9.0,31,0.2903225806451613,0.2996987951807229,0.2996987951807229,1.0,101.32510210996224
2024-01,category3,Personal care,Oral care,Floss,WATSONS,1,1,1.0,5.0,31,0.16129032258064516,0.5,0.5,1.0,104.1927295722655
2024-01,category3,Personal care,Oral care,Floss,WELLCOME,1,1,1.0,12.0,31,0.3870967741935484,0.33333461538461534,0.33333461538461534,1.0,95.40631902776829
2024-01,category3,Personal care,Oral care,Mouthwashes,JASONS,1,1,1.0,26.0,31,0.8387096774193549,0.25,0.25,1.0,100.47706501776767
2024-01,category3,Personal care,Oral care,Mouthwashes,MANNINGS,2,0,0.0,0.0,31,0.0,,,2.0,100.71357969029083
2024-01,category3,Personal care,Oral care,Mouthwashes,PARKNSHOP,9,5,0.5555555555555556,6.555555555555555,31,0.2114695340501792,0.2730575895075379,0.20000000000000007,7.0,97.18228534309623
2024-01,category3,Personal care,Oral care,Mouthwashes,WATSONS,8,5,0.625,11.375,31,0.36693548387096775,0.3263510943228273,0.2785571142284569,8.0,101.75110035580764
2024-01,category3,Personal care,Oral care,Mouthwashes,WELLCOME,3,2,0.6666666666666666,15.0,31,0.4838709677419355,0.2069482917820868,0.1907894736842105,3.0,100.49399845908738
2024-01,category3,Personal care,Oral care,Toothbrushes,AEON,1,0,0.0,0.0,31,0.0,,,1.0,110.00597365781594
2024-01,category3,Personal care,Oral care,Toothbrushes,JASONS,1,1,1.0,5.0,31,0.16129032258064516,0.25,0.25,1.0,102.55463954453931
2024-01,category3,Personal care,Oral care,Toothbrushes,MANNINGS,1,0,0.0,0.0,31,0.0,,,1.0,96.21570482497636
2024-01,category3,Personal care,Oral care,Toothbrushes,PARKNSHOP,6,3,0.5,4.0,31,0.12903225806451613,0.3667595171773445,0.5,4.0,98.28579432178094
2024-01,category3,Personal care,Oral care,Toothbrushes,WATSONS,3,1,0.3333333333333333,1.6666666666666667,31,0.053763440860215055,0.24999999999999994,0.24999999999999994,3.0,100.11260683191432
2024-01,category3,Personal care,Oral care,Toothbrushes,WELLCOME,2,2,1.0,6.0,31,0.1935483870967742,0.2916675,0.2916675,2.0,101.00873905874646
2024-01,category3,Personal care,Oral care,Toothpastes,JASONS,12,5,0.4166666666666667,6.333333333333333,31,0.2043010752688172,0.282268784974993,0.28735632183908044,12.0,100.32783650297594
2024-01,category3,Personal care,Oral care,Toothpastes,MANNINGS,10,4,0.4,5.7,31,0.18387096774193548,0.4012020114095177,0.439209726443769,9.0,96.62684261662926
2024-01,category3,Personal care,Oral care,Toothpastes,PARKNSHOP,16,4,0.25,3.125,31,0.10080645161290322,0.2670757282086321,0.2666651376146789,11.0,103.19144991602143
2024-01,category3,Personal care,Oral care,Toothpastes,WATSONS,13,6,0.46153846153846156,4.153846153846154,31,0.1339950372208437,0.342759418896674,0.3333333333333333,11.0,100.57469879984151
2024-01,category3,Personal care,Oral care,Toothpastes,WELLCOME,13,5,0.38461538461538464,5.846153846153846,31,0.18858560794044663,0.28435850050983796,0.2857142857142857,12.0,98.1633334986275
2024-01,category3,Personal care,Skin care,Anti-stretch mark products,WATSONS,3,3,1.0,4.666666666666667,31,0.15053763440860216,0.0033333333333333335,0.0,,
2024-01,category3,Personal care,Skin care,Body lotions/creams,AEON,1,0,0.0,0.0,31,0.0,,,1.0,100.72559862651305
2024-01,category3,Personal care,Skin care,Body lotions/creams,JASONS,7,4,0.5714285714285714,4.857142857142857,31,0.15668202764976957,0.0625,0.0,7.0,101.15564700226716
2024-01,category3,Personal care,Skin care,Body lotions/creams,MANNINGS,5,2,0.4,11.6,31,0.3741935483870968,0.4774193548387097,0.5,5.0,86.11896499527982
2024-01,category3,Personal care,Skin care,Body lotions/creams,PARKNSHOP,11,10,0.9090909090909091,10.090909090909092,31,0.32551319648093846,0.10439574522619502,0.09999999999999995,11.0,102.94444319848304
2024-01,category3,Personal care,Skin care,Body lotions/creams,WATSONS,15,15,1.0,12.066666666666666,31,0.38924731182795697,0.15770800963154785,0.24999999999999994,14.0,102.19074279405159
2024-01,category3,Personal care,Skin care,Body lotions/creams,WELLCOME,7,3,0.42857142857142855,1.1428571428571428,31,0.03686635944700461,0.08333333333333333,0.0,7.0,101.59507258627572
2024-01,category3,Personal care,Skin care,Body oils,JASONS,1,1,1.0,15.0,31,0.4838709677419355,0.2009811764705882,0.19607941176470584,1.0,98.43646342697696
2024-01,category3,Personal care,Skin care,Body oils,MANNINGS,1,1,1.0,1.0,31,0.03225806451612903,0.15,0.15,1.0,110.46816281631351
2024-01,category3,Personal care,Skin care,Body oils,PARKNSHOP,1,1,1.0,17.0,31,0.5483870967741935,0.16666666666666666,0.16666666666666666,1.0,109.73848663882644
2024-01,category3,Personal care,Skin care,Body oils,WATSONS,2,2,1.0,22.0,31,0.7096774193548387,0.26571559440559445,0.29166681818181817,2.0,90.73834207856785
2024-01,category3,Personal care,Skin care,Body oils,WELLCOME,1,1,1.0,17.0,31,0.5483870967741935,0.21008474879313424,0.20263525835866258,1.0,97.66071641763541
2024-01,category3,Personal care,Skin care,Cleansing cotton,JASONS,1,1,1.0,30.0,31,0.967741935483871,0.25,0.25,1.0,89.52924943041427
2024-01,category3,Personal care,Skin care,Cleansing cotton,PARKNSHOP,2,1,0.5,5.0,31,0.16129032258064516,0.12869822485207094,0.12869822485207094,1.0,120.94150113917146
2024-01,category3,Personal care,Skin care,Cleansing cotton,WATSONS,2,2,1.0,11.0,31,0.3548387096774194,0.11494117647058825,0.12500000000000003,,
2024-01,category3,Personal care,Skin care,Cleansing cotton,WELLCOME,1,1,1.0,31.0,31,1.0,0.25,0.25,1.0,89.52924943041427
2024-01,category3,Personal care,Skin care,Face cleansing foams / Facial cleansers / Face cleansing gels,JASONS,3,1,0.3333333333333333,5.666666666666667,31,0.1827956989247312,0.16102941176470587,0.15,3.0,103.72731849053822
2024-01,category3,Personal care,Skin care,Face cleansing foams / Facial cleansers / Face cleansing gels,MANNINGS,3,3,1.0,15.333333333333334,31,0.4946236559139785,0.3516129032258064,0.35,3.0,89.52355817698916
2024-01,category3,Personal care,Skin care,Face cleansing foams / Facial cleansers / Face cleansing gels,PARKNSHOP,2,0,0.0,0.0,31,0.0,,,2.0,98.60120260304912
2024-01,category3,Personal care,Skin care,Face cleansing foams / Facial cleansers / Face cleansing gels,WATSONS,8,7,0.875,15.25,31,0.49193548387096775,0.2120999743983615,0.24999999999999994,5.0,106.88489637247957
2024-01,category3,Personal care,Skin care,Face cleansing foams / Facial cleansers / Face cleansing gels,WELLCOME,3,1,0.3333333333333333,5.666666666666667,31,0.1827956989247312,0.165158371040724,0.15384615384615385,3.0,100.54999874551388
2024-01,category3,Personal care,Skin care,Face moisturising creams/gel creams/lotions,MANNINGS,2,0,0.0,0.0,31,0.0,,,2.0,100.0
2024-01,category3,Personal care,Skin care,Face moisturising creams/gel creams/lotions,WATSONS,3,3,1.0,4.0,31,0.12903225806451613,0.0,0.0,2.0,100.0
2024-01,category3,Personal care,Skin care,Facial masks / Eye masks,MANNINGS,4,4,1.0,18.0,31,0.5806451612903226,0.29497314308156564,0.31666694490818026,3.0,93.26592456897602
2024-01,category3,Personal care,Skin care,Facial masks / Eye masks,PARKNSHOP,1,1,1.0,18.0,31,0.5806451612903226,0.31090033122553445,0.33333333333333326,1.0,108.49537037037035
2024-01,category3,Personal care,Skin care,Facial masks / Eye masks,WATSONS,3,3,1.0,16.333333333333332,31,0.5268817204301075,0.2674043248327311,0.33333333333333337,3.0,104.24649555915657
2024-01,category3,Personal care,Skin care,Facial masks / Eye masks,WELLCOME,1,1,1.0,14.0,31,0.45161290322580644,0.3333333333333333,0.3333333333333333,1.0,109.87268518518518
2024-01,category3,Personal care,Skin care,Lip balms,JASONS,1,0,0.0,0.0,31,0.0,,,1.0,106.44091474906021
2024-01,category3,Personal care,Skin care,Lip balms,MANNINGS,5,5,1.0,19.0,31,0.6129032258064516,0.3333337579154264,0.3333341404358353,5.0,94.6648433500269
2024-01,category3,Personal care,Skin care,Lip balms,PARKNSHOP,7,5,0.7142857142857143,8.571428571428571,31,0.27649769585253453,0.09999999999999998,0.1,4.0,103.88224854087917
2024-01,category3,Personal care,Skin care,Lip balms,WATSONS,11,10,0.9090909090909091,15.181818181818182,31,0.4897360703812317,0.3299813341192651,0.5,7.0,99.11795267702746
2024-01,category3,Personal care,Skin care,Lip balms,WELLCOME,1,0,0.0,0.0,31,0.0,,,1.0,106.44091474906021
2024-01,category3,Personal care,Skin care,Makeup removers,JASONS,2,0,0.0,0.0,31,0.0,,,2.0,111.0478643238197
2024-01,category3,Personal care,Skin care,Makeup removers,MANNINGS,4,2,0.5,14.25,31,0.4596774193548387,0.40576923076923077,0.325,4.0,93.7785555267763
2024-01,category3,Personal care,Skin care,Makeup removers,PARKNSHOP,2,0,0.0,0.0,31,0.0,,,2.0,102.84800032585886
2024-01,category3,Personal care,Skin care,Makeup removers,WATSONS,6,6,1.0,15.666666666666666,31,0.5053763440860215,0.14524562513177317,0.22499999999999998,4.0,101.49590220152105
2024-01,category3,Personal care,Skin care,Petroleum jelly,JASONS,1,1,1.0,14.0,31,0.45161290322580644,0.24999999999999994,0.24999999999999994,1.0,98.60803146263987
2024-01,category3,Personal care,Skin care,Petroleum jelly,MANNINGS,2,2,1.0,14.0,31,0.45161290322580644,0.5,0.5,2.0,83.38860634791577
2024-01,category3,Personal care,Skin care,Petroleum jelly,PARKNSHOP,2,0,0.0,0.0,31,0.0,,,2.0,112.03599738410573
2024-01,category3,Personal care,Skin care,Petroleum jelly,WATSONS,2,2,1.0,5.0,31,0.16129032258064516,0.009999999999999981,0.0,2.0,107.53655693616639
2024-01,category3,Personal care,Skin care,Petroleum jelly,WELLCOME,1,1,1.0,14.0,31,0.45161290322580644,0.24999999999999994,0.24999999999999994,1.0,96.41530872246344
2024-01,category3,Personal care,Skin care,Sunscreen products,MANNINGS,1,0,0.0,0.0,31,0.0,,,1.0,101.18526637818914
2024-01,category3,Personal care,Skin care,Sunscreen products,WATSONS,3,3,1.0,7.666666666666667,31,0.24731182795698925,0.04374999999999999,0.0,1.0,98.81473362181086
2024-01,category3,Personal care,Wet wipes,Disposable wet wipes,AEON,1,0,0.0,0.0,31,0.0,,,,
2024-01,category3,Personal care,Wet wipes,Disposable wet wipes,WATSONS,1,0,0.0,0.0,31,0.0,,,,
2024-01,category3,Personal care,Wet wipes,Wet bath tissues,JASONS,1,1,1.0,7.0,31,0.22580645161290322,0.5,0.5,1.0,98.07932152656524
2024-01,category3,Personal care,Wet wipes,Wet bath tissues,PARKNSHOP,1,1,1.0,4.0,31,0.12903225806451613,0.0,0.0,1.0,105.16338238962335
2024-01,category3,Personal care,Wet wipes,Wet bath tissues,WATSONS,1,0,0.0,0.0,31,0.0,,,1.0,105.16338238962335
2024-01,category3,Personal care,Wet wipes,Wet bath tissues,WELLCOME,1,1,1.0,8.0,31,0.25806451612903225,0.5,0.5,1.0,91.59391369418809
2024-01,category3,Personal care,Women's hair removers,Women's disposable razors,JASONS,1,1,1.0,7.0,31,0.22580645161290322,0.125,0.125,1.0,100.69637883008356
2024-01,category3,Personal care,Women's hair removers,Women's disposable razors,WELLCOME,1,0,0.0,0.0,31,0.0,,,1.0,99.30362116991643
2024-01,category3,Personal care,Women's hair removers,Women's razor sets,WATSONS,1,1,1.0,3.0,31,0.0967741935483871,0.0,0.0,,
2024-01,category3,Rice / Oil / Canned food / Fruits / Vegetables / Meat,Aseptically packaged food,Fruits / Vegetables,DCHFOOD,2,0,0.0,0.0,31,0.0,,,2.0,105.49457597709713
2024-01,category3,Rice / Oil / Canned food / Fruits / Vegetables / Meat,Aseptically packaged food,Fruits / Vegetables,JASONS,2,2,1.0,27.5,31,0.8870967741935484,0.3041792334764408,0.288895668090299,2.0,97.60420070042225
2024-01,category3,Rice / Oil / Canned food / Fruits / Vegetables / Meat,Aseptically packaged food,Fruits / Vegetables,PARKNSHOP,2,2,1.0,29.0,31,0.9354838709677419,0.3344076947226295,0.3322147651006712,2.0,99.18044931573496
2024-01,category3,Rice / Oil / Canned food / Fruits / Vegetables / Meat,Aseptically packaged food,Fruits / Vegetables,WELLCOME,2,2,1.0,27.0,31,0.8709677419354839,0.3047907558417917,0.288895668090299,2.0,97.7207740067457
2024-01,category3,Rice / Oil / Canned food / Fruits / Vegetables / Meat,Canned food,Canned baked beans,DCHFOOD,1,0,0.0,0.0,31,0.0,,,1.0,108.21440350861553
2024-01,category3,Rice / Oil / Canned food / Fruits / Vegetables / Meat,Canned food,Canned baked beans,JASONS,5,3,0.6,10.4,31,0.33548387096774196,0.43160058895353015,0.4666666666666667,5.0,108.38474403352343
2024-01,category3,Rice / Oil / Canned food / Fruits / Vegetables / Meat,Canned food,Canned baked beans,PARKNSHOP,5,5,1.0,28.6,31,0.9225806451612903,0.3299119356547898,0.3542713567839195,4.0,82.48753016933532
2024-01,category3,Rice / Oil / Canned food / Fruits / Vegetables / Meat,Canned food,Canned baked beans,WELLCOME,5,3,0.6,10.4,31,0.33548387096774196,0.41179859198117114,0.42857142857142855,5.0,104.838161623025
2024-01,category3,Rice / Oil / Canned food / Fruits / Vegetables / Meat,Canned food,Canned corn (cream style),DCHFOOD,2,1,0.5,1.5,31,0.04838709677419355,,,2.0,111.36882491613682
2024-01,category3,Rice / Oil / Canned food / Fruits / Vegetables / Meat,Canned food,Canned corn (cream style),JASONS,1,1,1.0,30.0,31,0.967741935483871,0.19829174093879978,0.13865546218487398,1.0,100.70529997160669
2024-01,category3,Rice / Oil / Canned food / Fruits / Vegetables / Meat,Canned food,Canned corn (cream style),PARKNSHOP,3,3,1.0,23.0,31,0.7419354838709677,0.2462110163587977,0.18348623853211007,3.0,95.21692027871651
2024-01,category3,Rice / Oil / Canned food / Fruits / Vegetables / Meat,Canned food,Canned corn (cream style),WELLCOME,2,2,1.0,18.5,31,0.5967741935483871,0.22877364824717766,0.1989555088702148,2.0,95.48951495077397
2024-01,category3,Rice / Oil / Canned food / Fruits / Vegetables / Meat,Canned food,Canned corn (whole kernel),DCHFOOD,2,1,0.5,1.5,31,0.04838709677419355,,,2.0,105.08261316717523
2024-01,category3,Rice / Oil / Canned food / Fruits / Vegetables / Meat,Canned food,Canned corn (whole kernel),JASONS,1,0,0.0,0.0,31,0.0,,,1.0,99.35628323537645
2024-01,category3,Rice / Oil / Canned food / Fruits / Vegetables / Meat,Canned food,Canned corn (whole kernel),PARKNSHOP,2,2,1.0,31.0,31,1.0,0.24658002735978113,0.21922024623803013,2.0,95.49347611618934
2024-01,category3,Rice / Oil / Canned food / Fruits / Vegetables / Meat,Canned food,Canned corn (whole kernel),WELLCOME,2,1,0.5,3.5,31,0.11290322580645161,0.23809523809523808,0.23809523809523808,2.0,99.96648275856673
2024-01,category3,Rice / Oil / Canned food / Fruits / Vegetables / Meat,Canned food,Canned dace,DCHFOOD,2,0,0.0,0.0,31,0.0,,,1.0,94.51194724242288
2024-01,category3,Rice / Oil / Canned food / Fruits / Vegetables / Meat,Canned food,Canned dace,JASONS,5,1,0.2,6.2,31,0.2,0.18831168831168832,0.18831168831168832,5.0,106.16421282879588
2024-01,category3,Rice / Oil / Canned food / Fruits / Vegetables / Meat,Canned food,Canned dace,PARKNSHOP,5,4,0.8,18.2,31,0.5870967741935483,0.1912267648686138,0.12951807228915663,5.0,90.42524992811775
2024-01,category3,Rice / Oil / Canned food / Fruits / Vegetables / Meat,Canned food,Canned dace,WELLCOME,5,1,0.2,6.2,31,0.2,0.19732441471571902,0.19732441471571902,5.0,104.2471753617753
2024-01,category3,Rice / Oil / Canned food / Fruits / Vegetables / Meat,Canned food,Canned fish fillets,JASONS,1,1,1.0,30.0,31,0.967741935483871,0.4779874213836478,0.4339622641509434,1.0,103.27485380116958
2024-01,category3,Rice / Oil / Canned food / Fruits / Vegetables / Meat,Canned food,Canned fish fillets,PARKNSHOP,1,1,1.0,31.0,31,1.0,0.292803970223325,0.1775147928994082,1.0,93.6842105263158
2024-01,category3,Rice / Oil / Canned food / Fruits / Vegetables / Meat,Canned food,Canned fish fillets,WELLCOME,1,1,1.0,30.0,31,0.967741935483871,0.45751633986928103,0.4117647058823529,1.0,103.04093567251459
2024-01,category3,Rice / Oil / Canned food / Fruits / Vegetables / Meat,Canned food,Canned fruit mix,JASONS,1,1,1.0,31.0,31,1.0,0.08415147265077139,0.0625,1.0,105.22086271256741
2024-01,category3,Rice / Oil / Canned food / Fruits / Vegetables / Meat,Canned food,Canned fruit mix,PARKNSHOP,2,1,0.5,15.5,31,0.5,0.17260874240957758,0.19650655021834063,2.0,98.67253506177384
2024-01,category3,Rice / Oil / Canned food / Fruits / Vegetables / Meat,Canned food,Canned fruit mix,WELLCOME,2,1,0.5,15.5,31,0.5,0.08830804539079434,0.06521739130434782,2.0,98.47723638216273
2024-01,category3,Rice / Oil / Canned food / Fruits / Vegetables / Meat,Canned food,Canned ham / luncheon meat,DCHFOOD,6,1,0.16666666666666666,0.5,31,0.016129032258064516,,,6.0,118.46465689337793
2024-01,category3,Rice / Oil / Canned food / Fruits / Vegetables / Meat,Canned food,Canned ham / luncheon meat,JASONS,11,8,0.7272727272727273,5.363636363636363,31,0.17302052785923752,0.24074477594914484,0.2345666666666667,11.0,99.67883733546097
2024-01,category3,Rice / Oil / Canned food / Fruits / Vegetables / Meat,Canned food,Canned ham / luncheon meat,PARKNSHOP,17,11,0.6470588235294118,8.058823529411764,31,0.25996204933586337,0.19920177997471483,0.2,13.0,95.36482946841227
2024-01,category3,Rice / Oil / Canned food / Fruits / Vegetables / Meat,Canned food,Canned ham / luncheon meat,WELLCOME,13,9,0.6923076923076923,5.076923076923077,31,0.16377171215880892,0.2338449361924607,0.23076923076923078,13.0,97.1508759649132
2024-01,category3,Rice / Oil / Canned food / Fruits / Vegetables / Meat,Canned food,Canned kidney beans,DCHFOOD,1,0,0.0,0.0,31,0.0,,,1.0,92.99734293305906
2024-01,category3,Rice / Oil / Canned food / Fruits / Vegetables / Meat,Canned food,Canned kidney beans,JASONS,1,1,1.0,7.0,31,0.22580645161290322,0.36363636363636365,0.36363636363636365,1.0,107.31121967943776
2024-01,category3,Rice / Oil / Canned food / Fruits / Vegetables / Meat,Canned food,Canned kidney beans,PARKNSHOP,1,1,1.0,7.0,31,0.22580645161290322,0.3349282296650717,0.3349282296650717,1.0,98.55146995800119
2024-01,category3,Rice / Oil / Canned food / Fruits / Vegetables / Meat,Canned food,Canned kidney beans,WELLCOME,1,1,1.0,7.0,31,0.22580645161290322,0.3170731707317073,0.3170731707317073,1.0,101.13996742950202
2024-01,category3,Rice / Oil / Canned food / Fruits / Vegetables / Meat,Canned food,Canned mushrooms,PARKNSHOP,1,1,1.0,25.0,31,0.8064516129032258,0.1965923984272608,0.18348623853211007,,
2024-01,category3,Rice / Oil / Canned food / Fruits / Vegetables / Meat,Canned food,Canned peaches,JASONS,1,1,1.0,7.0,31,0.22580645161290322,0.11111111111111109,0.1111111111111111,1.0,101.16120500847143
2024-01,category3,Rice / Oil / Canned food / Fruits / Vegetables / Meat,Canned food,Canned peaches,PARKNSHOP,1,1,1.0,24.0,31,0.7741935483870968,0.1505016722408027,0.1505016722408027,1.0,101.52072399685936
2024-01,category3,Rice / Oil / Canned food / Fruits / Vegetables / Meat,Canned food,Canned peaches,WELLCOME,1,1,1.0,7.0,31,0.22580645161290322,0.11538461538461539,0.11538461538461539,1.0,97.31807099466921
2024-01,category3,Rice / Oil / Canned food / Fruits / Vegetables / Meat,Canned food,Canned pineapples,JASONS,3,3,1.0,31.0,31,1.0,0.13644047152051214,0.08888888888888889,3.0,104.4092360610093
2024-01,category3,Rice / Oil / Canned food / Fruits / Vegetables / Meat,Canned food,Canned pineapples,PARKNSHOP,4,3,0.75,23.25,31,0.75,0.24753378981560112,0.23297491039426524,4.0,96.30590748302194
2024-01,category3,Rice / Oil / Canned food / Fruits / Vegetables / Meat,Canned food,Canned pineapples,WELLCOME,4,3,0.75,23.25,31,0.75,0.14366666835782474,0.10958904109589035,4.0,100.41190204657045
2024-01,category3,Rice / Oil / Canned food / Fruits / Vegetables / Meat,Canned food,Canned pork cubes,JASONS,1,1,1.0,31.0,31,1.0,0.4187574671445639,0.35185185185185186,1.0,97.67441860465117
2024-01,category3,Rice / Oil / Canned food / Fruits / Vegetables / Meat,Canned food,Canned pork cubes,PARKNSHOP,2,2,1.0,30.5,31,0.9838709677419355,0.3116772872439019,0.2918036198705344,2.0,104.66557962096972
2024-01,category3,Rice / Oil / Canned food / Fruits / Vegetables / Meat,Canned food,Canned pork cubes,WELLCOME,2,2,1.0,31.0,31,1.0,0.334378733572282,0.30092592592592593,2.0,96.40351956682254
2024-01,category3,Rice / Oil / Canned food / Fruits / Vegetables / Meat,Canned food,Canned sardines,DCHFOOD,3,0,0.0,0.0,31,0.0,,,2.0,110.47959564749739
2024-01,category3,Rice / Oil / Canned food / Fruits / Vegetables / Meat,Canned food,Canned sardines,JASONS,8,6,0.75,20.375,31,0.657258064516129,0.3244100086070015,0.34299191374663074,7.0,101.28425668197075
2024-01,category3,Rice / Oil / Canned food / Fruits / Vegetables / Meat,Canned food,Canned sardines,PARKNSHOP,7,6,0.8571428571428571,20.285714285714285,31,0.6543778801843317,0.28508803121539067,0.1775147928994082,6.0,94.67243022352314
2024-01,category3,Rice / Oil / Canned food / Fruits / Vegetables / Meat,Canned food,Canned sardines,WELLCOME,7,6,0.8571428571428571,23.571428571428573,31,0.7603686635944701,0.31214703940205984,0.3254901960784314,7.0,100.10725930394757
2024-01,category3,Rice / Oil / Canned food / Fruits / Vegetables / Meat,Canned food,Canned sausages,JASONS,1,0,0.0,0.0,31,0.0,,,1.0,106.52243079860007
2024-01,category3,Rice / Oil / Canned food / Fruits / Vegetables / Meat,Canned food,Canned sausages,PARKNSHOP,2,0,0.0,0.0,31,0.0,,,1.0,93.47756920139993
2024-01,category3,Rice / Oil / Canned food / Fruits / Vegetables / Meat,Canned food,Canned shredded pork,JASONS,1,1,1.0,17.0,31,0.5483870967741935,0.1956521739130435,0.1956521739130435,1.0,98.87378640776699
2024-01,category3,Rice / Oil / Canned food / Fruits / Vegetables / Meat,Canned food,Canned shredded pork,PARKNSHOP,1,1,1.0,7.0,31,0.22580645161290322,0.12882096069868992,0.12882096069868992,1.0,107.06796116504856
2024-01,category3,Rice / Oil / Canned food / Fruits / Vegetables / Meat,Canned food,Canned shredded pork,WELLCOME,1,1,1.0,17.0,31,0.5483870967741935,0.20454545454545456,0.20454545454545456,1.0,94.05825242718447
2024-01,category3,Rice / Oil / Canned food / Fruits / Vegetables / Meat,Canned food,Canned sliced pork,JASONS,1,1,1.0,14.0,31,0.45161290322580644,0.4127,0.4127,1.0,101.65476705620075
2024-01,category3,Rice / Oil / Canned food / Fruits / Vegetables / Meat,Canned food,Canned sliced pork,PARKNSHOP,1,1,1.0,11.0,31,0.3548387096774194,0.2680225757148833,0.2645502645502645,1.0,99.95314536375807
2024-01,category3,Rice / Oil / Canned food / Fruits / Vegetables / Meat,Canned food,Canned sliced pork,WELLCOME,1,1,1.0,14.0,31,0.45161290322580644,0.38333500000000004,0.38333500000000004,1.0,98.39208758004122
2024-01,category3,Rice / Oil / Canned food / Fruits / Vegetables / Meat,Canned food,Canned soups,DCHFOOD,2,0,0.0,0.0,31,0.0,,,2.0,119.85294270068255
2024-01,category3,Rice / Oil / Canned food / Fruits / Vegetables / Meat,Canned food,Canned soups,JASONS,1,1,1.0,31.0,31,1.0,0.442268509984639,0.41428571428571426,1.0,102.18224392121196
2024-01,category3,Rice / Oil / Canned food / Fruits / Vegetables / Meat,Canned food,Canned soups,PARKNSHOP,4,4,1.0,21.75,31,0.7016129032258065,0.42291268287306044,0.3758389261744966,3.0,84.81960359962706
2024-01,category3,Rice / Oil / Canned food / Fruits / Vegetables / Meat,Canned food,Canned soups,WELLCOME,1,1,1.0,31.0,31,1.0,0.4143819354838709,0.38499999999999995,1.0,102.18224392121196
2024-01,category3,Rice / Oil / Canned food / Fruits / Vegetables / Meat,Canned food,Canned tuna,AEON,1,0,0.0,0.0,31,0.0,,,,
2024-01,category3,Rice / Oil / Canned food / Fruits / Vegetables / Meat,Canned food,Canned tuna,JASONS,3,0,0.0,0.0,31,0.0,,,3.0,103.09325315475375
2024-01,category3,Rice / Oil / Canned food / Fruits / Vegetables / Meat,Canned food,Canned tuna,PARKNSHOP,5,2,0.4,10.4,31,0.33548387096774196,0.2876447876447876,0.2876447876447876,3.0,93.81349369049245
2024-01,category3,Rice / Oil / Canned food / Fruits / Vegetables / Meat,Canned food,Canned tuna,WELLCOME,3,0,0.0,0.0,31,0.0,,,3.0,103.09325315475375
2024-01,category3,Rice / Oil / Canned food / Fruits / Vegetables / Meat,Chilled / Fresh meat,Chilled whole chicken,JASONS,2,0,0.0,0.0,31,0.0,,,1.0,101.3433637829124
2024-01,category3,Rice / Oil / Canned food / Fruits / Vegetables / Meat,Chilled / Fresh meat,Chilled whole chicken,WELLCOME,1,0,0.0,0.0,31,0.0,,,1.0,98.6566362170876
2024-01,category3,Rice / Oil / Canned food / Fruits / Vegetables / Meat,Edible oil / Cooking oil,Blended pomace olive oil,AEON,1,0,0.0,0.0,31,0.0,,,,
2024-01,category3,Rice / Oil / Canned food / Fruits / Vegetables / Meat,Edible oil / Cooking oil,Blended pomace olive oil,DCHFOOD,1,0,0.0,0.0,31,0.0,,,1.0,101.84219499158395
2024-01,category3,Rice / Oil / Canned food / Fruits / Vegetables / Meat,Edible oil / Cooking oil,Blended pomace olive oil,PARKNSHOP,3,0,0.0,0.0,31,0.0,,,1.0,98.15780500841605
2024-01,category3,Rice / Oil / Canned food / Fruits / Vegetables / Meat,Edible oil / Cooking oil,Canola oil,DCHFOOD,1,0,0.0,0.0,31,0.0,,,1.0,111.3508826858698
2024-01,category3,Rice / Oil / Canned food / Fruits / Vegetables / Meat,Edible oil / Cooking oil,Canola oil,JASONS,2,2,1.0,5.0,31,0.16129032258064516,0.0,0.0,2.0,99.68528095396245
2024-01,category3,Rice / Oil / Canned food / Fruits / Vegetables / Meat,Edible oil / Cooking oil,Canola oil,PARKNSHOP,11,0,0.0,0.0,31,0.0,,,3.0,96.99954121000712
2024-01,category3,Rice / Oil / Canned food / Fruits / Vegetables / Meat,Edible oil / Cooking oil,Canola oil,WELLCOME,2,0,0.0,0.0,31,0.0,,,2.0,99.77384510762126
2024-01,category3,Rice / Oil / Canned food / Fruits / Vegetables / Meat,Edible oil / Cooking oil,Canola oil blends,AEON,1,0,0.0,0.0,31,0.0,,,,
2024-01,category3,Rice / Oil / Canned food / Fruits / Vegetables / Meat,Edible oil / Cooking oil,Canola oil blends,JASONS,2,2,1.0,5.0,31,0.16129032258064516,0.0,0.0,2.0,101.24821522074544
2024-01,category3,Rice / Oil / Canned food / Fruits / Vegetables / Meat,Edible oil / Cooking oil,Canola oil blends,PARKNSHOP,5,0,0.0,0.0,31,0.0,,,2.0,99.38415354403524
2024-01,category3,Rice / Oil / Canned food / Fruits / Vegetables / Meat,Edible oil / Cooking oil,Canola oil blends,WELLCOME,2,0,0.0,0.0,31,0.0,,,2.0,99.3676312352193
2024-01,category3,Rice / Oil / Canned food / Fruits / Vegetables / Meat,Edible oil / Cooking oil,Corn oil,DCHFOOD,3,0,0.0,0.0,31,0.0,,,2.0,112.90441813542445
2024-01,category3,Rice / Oil / Canned food / Fruits / Vegetables / Meat,Edible oil / Cooking oil,Corn oil,JASONS,4,4,1.0,5.0,31,0.16129032258064516,0.0,0.0,4.0,98.84085783784481
2024-01,category3,Rice / Oil / Canned food / Fruits / Vegetables / Meat,Edible oil / Cooking oil,Corn oil,PARKNSHOP,8,0,0.0,0.0,31,0.0,,,4.0,97.69279129009632
2024-01,category3,Rice / Oil / Canned food / Fruits / Vegetables / Meat,Edible oil / Cooking oil,Corn oil,WELLCOME,4,0,0.0,0.0,31,0.0,,,4.0,98.55714271414129
2024-01,category3,Rice / Oil / Canned food / Fruits / Vegetables / Meat,Edible oil / Cooking oil,Extra light olive oil,JASONS,3,3,1.0,5.0,31,0.16129032258064516,0.0,0.0,3.0,103.94142836769802
2024-01,category3,Rice / Oil / Canned food / Fruits / Vegetables / Meat,Edible oil / Cooking oil,Extra light olive oil,PARKNSHOP,2,0,0.0,0.0,31,0.0,,,1.0,87.29191516642165
2024-01,category3,Rice / Oil / Canned food / Fruits / Vegetables / Meat,Edible oil / Cooking oil,Extra light olive oil,WELLCOME,3,0,0.0,0.0,31,0.0,,,3.0,101.66525556758053
2024-01,category3,Rice / Oil / Canned food / Fruits / Vegetables / Meat,Edible oil / Cooking oil,Extra virgin olive oil,AEON,1,0,0.0,0.0,31,0.0,,,,
2024-01,category3,Rice / Oil / Canned food / Fruits / Vegetables / Meat,Edible oil / Cooking oil,Extra virgin olive oil,JASONS,2,2,1.0,5.0,31,0.16129032258064516,0.0,0.0,2.0,105.85928472382716
2024-01,category3,Rice / Oil / Canned food / Fruits / Vegetables / Meat,Edible oil / Cooking oil,Extra virgin olive oil,PARKNSHOP,4,0,0.0,0.0,31,0.0,,,1.0,85.89317781875184
2024-01,category3,Rice / Oil / Canned food / Fruits / Vegetables / Meat,Edible oil / Cooking oil,Extra virgin olive oil,WELLCOME,2,0,0.0,0.0,31,0.0,,,2.0,102.62234226947078
2024-01,category3,Rice / Oil / Canned food / Fruits / Vegetables / Meat,Edible oil / Cooking oil,Grapeseed oil,DCHFOOD,1,0,0.0,0.0,31,0.0,,,1.0,112.81930415809155
2024-01,category3,Rice / Oil / Canned food / Fruits / Vegetables / Meat,Edible oil / Cooking oil,Grapeseed oil,PARKNSHOP,2,0,0.0,0.0,31,0.0,,,1.0,87.18069584190845
2024-01,category3,Rice / Oil / Canned food / Fruits / Vegetables / Meat,Edible oil / Cooking oil,Olive oil,JASONS,5,4,0.8,4.0,31,0.12903225806451613,0.0,0.0,4.0,104.00665541371626
2024-01,category3,Rice / Oil / Canned food / Fruits / Vegetables / Meat,Edible oil / Cooking oil,Olive oil,PARKNSHOP,4,0,0.0,0.0,31,0.0,,,1.0,88.15146915940078
2024-01,category3,Rice / Oil / Canned food / Fruits / Vegetables / Meat,Edible oil / Cooking oil,Olive oil,WELLCOME,4,0,0.0,0.0,31,0.0,,,4.0,100.53329446628823
2024-01,category3,Rice / Oil / Canned food / Fruits / Vegetables / Meat,Edible oil / Cooking oil,Peanut oil,AEON,1,0,0.0,0.0,31,0.0,,,,
2024-01,category3,Rice / Oil / Canned food / Fruits / Vegetables / Meat,Edible oil / Cooking oil,Peanut oil,JASONS,7,7,1.0,5.0,31,0.16129032258064516,0.0,0.0,7.0,99.96786159214842
2024-01,category3,Rice / Oil / Canned food / Fruits / Vegetables / Meat,Edible oil / Cooking oil,Peanut oil,PARKNSHOP,12,0,0.0,0.0,31,0.0,,,7.0,100.06427681570315
2024-01,category3,Rice / Oil / Canned food / Fruits / Vegetables / Meat,Edible oil / Cooking oil,Peanut oil,WELLCOME,7,0,0.0,0.0,31,0.0,,,7.0,99.96786159214842
2024-01,category3,Rice / Oil / Canned food / Fruits / Vegetables / Meat,Edible oil / Cooking oil,Peanut oil blends,PARKNSHOP,2,0,0.0,0.0,31,0.0,,,,
2024-01,category3,Rice / Oil / Canned food / Fruits / Vegetables / Meat,Edible oil / Cooking oil,Rice bran oil,JASONS,1,1,1.0,10.0,31,0.3225806451612903,0.25,0.25,1.0,100.0
2024-01,category3,Rice / Oil / Canned food / Fruits / Vegetables / Meat,Edible oil / Cooking oil,Rice bran oil,PARKNSHOP,1,0,0.0,0.0,31,0.0,,,,
2024-01,category3,Rice / Oil / Canned food / Fruits / Vegetables / Meat,Edible oil / Cooking oil,Rice bran oil,WELLCOME,1,1,1.0,5.0,31,0.16129032258064516,0.5,0.5,1.0,100.0
2024-01,category3,Rice / Oil / Canned food / Fruits / Vegetables / Meat,Edible oil / Cooking oil,Sunflower oil,AEON,1,0,0.0,0.0,31,0.0,,,,
2024-01,category3,Rice / Oil / Canned food / Fruits / Vegetables / Meat,Edible oil / Cooking oil,Sunflower oil blends,JASONS,1,1,1.0,5.0,31,0.16129032258064516,0.0,0.0,1.0,99.9950336470413
2024-01,category3,Rice / Oil / Canned food / Fruits / Vegetables / Meat,Edible oil / Cooking oil,Sunflower oil blends,PARKNSHOP,4,1,0.25,2.0,31,0.06451612903225806,0.11999999999999998,0.11999999999999995,1.0,100.00993270591741
2024-01,category3,Rice / Oil / Canned food / Fruits / Vegetables / Meat,Edible oil / Cooking oil,Sunflower oil blends,WELLCOME,1,0,0.0,0.0,31,0.0,,,1.0,99.9950336470413
2024-01,category3,Rice / Oil / Canned food / Fruits / Vegetables / Meat,Fresh fruits,Apples,JASONS,2,2,1.0,31.0,31,1.0,0.23883040293040292,0.23883040293040292,2.0,103.70300506979133
2024-01,category3,Rice / Oil / Canned food / Fruits / Vegetables / Meat,Fresh fruits,Apples,PARKNSHOP,2,2,1.0,30.5,31,0.9838709677419355,0.22569417733194974,0.2146949152542373,,
2024-01,category3,Rice / Oil / Canned food / Fruits / Vegetables / Meat,Fresh fruits,Apples,WELLCOME,2,2,1.0,26.0,31,0.8387096774193549,0.19162929212762547,0.1857142857142857,2.0,96.29699493020868
2024-01,category3,Rice / Oil / Canned food / Fruits / Vegetables / Meat,Fresh fruits,Bananas,PARKNSHOP,1,0,0.0,0.0,31,0.0,,,,
2024-01,category3,Rice / Oil / Canned food / Fruits / Vegetables / Meat,Fresh fruits,Blueberries,JASONS,1,1,1.0,30.0,31,0.967741935483871,0.09215725490196078,0.09804117647058827,1.0,104.46135026362356
2024-01,category3,Rice / Oil / Canned food / Fruits / Vegetables / Meat,Fresh fruits,Blueberries,WELLCOME,1,1,1.0,30.0,31,0.967741935483871,0.11875,0.125,1.0,95.53864973637644
2024-01,category3,Rice / Oil / Canned food / Fruits / Vegetables / Meat,Fresh fruits,Grapefruits,PARKNSHOP,1,1,1.0,31.0,31,1.0,0.23714770299619486,0.23188405797101455,,
2024-01,category3,Rice / Oil / Canned food / Fruits / Vegetables / Meat,Fresh fruits,Kiwifruits,JASONS,2,2,1.0,17.0,31,0.5483870967741935,0.20507015565080083,0.19609557109557113,2.0,100.65365690794081
2024-01,category3,Rice / Oil / Canned food / Fruits / Vegetables / Meat,Fresh fruits,Kiwifruits,WELLCOME,2,2,1.0,25.5,31,0.8225806451612904,0.1457332275416891,0.13686363636363635,2.0,99.34634309205919
2024-01,category3,Rice / Oil / Canned food / Fruits / Vegetables / Meat,Fresh fruits,Lemons,JASONS,1,1,1.0,30.0,31,0.967741935483871,0.21212727272727266,0.21212727272727266,1.0,103.999615998464
2024-01,category3,Rice / Oil / Canned food / Fruits / Vegetables / Meat,Fresh fruits,Lemons,PARKNSHOP,1,1,1.0,31.0,31,1.0,0.2146949152542373,0.2146949152542373,,
2024-01,category3,Rice / Oil / Canned food / Fruits / Vegetables / Meat,Fresh fruits,Lemons,WELLCOME,1,1,1.0,24.0,31,0.7741935483870968,0.20000000000000004,0.2,1.0,96.00038400153599
2024-01,category3,Rice / Oil / Canned food / Fruits / Vegetables / Meat,Fresh fruits,Pears,JASONS,1,1,1.0,30.0,31,0.967741935483871,0.273994,0.26666,1.0,100.07776692909913
2024-01,category3,Rice / Oil / Canned food / Fruits / Vegetables / Meat,Fresh fruits,Pears,WELLCOME,1,1,1.0,26.0,31,0.8387096774193549,0.27512230769230767,0.26666,1.0,99.92223307090087
2024-01,category3,Rice / Oil / Canned food / Fruits / Vegetables / Meat,Fresh fruits,Pineapples,JASONS,1,0,0.0,0.0,31,0.0,,,1.0,100.0
2024-01,category3,Rice / Oil / Canned food / Fruits / Vegetables / Meat,Fresh fruits,Pineapples,PARKNSHOP,1,0,0.0,0.0,31,0.0,,,,
2024-01,category3,Rice / Oil / Canned food / Fruits / Vegetables / Meat,Fresh fruits,Pineapples,WELLCOME,1,0,0.0,0.0,31,0.0,,,1.0,100.0
2024-01,category3,Rice / Oil / Canned food / Fruits / Vegetables / Meat,Fresh vegetables,Baby Corn,PARKNSHOP,1,0,0.0,0.0,31,0.0,,,,
2024-01,category3,Rice / Oil / Canned food / Fruits / Vegetables / Meat,Fresh vegetables,Baby cabbage,PARKNSHOP,1,1,1.0,4.0,31,0.12903225806451613,0.09090909090909094,0.09090909090909094,,
2024-01,category3,Rice / Oil / Canned food / Fruits / Vegetables / Meat,Fresh vegetables,Bell pepper / Capsicum,PARKNSHOP,1,0,0.0,0.0,31,0.0,,,,
2024-01,category3,Rice / Oil / Canned food / Fruits / Vegetables / Meat,Fresh vegetables,Bitter cucumber,PARKNSHOP,1,0,0.0,0.0,31,0.0,,,,
2024-01,category3,Rice / Oil / Canned food / Fruits / Vegetables / Meat,Fresh vegetables,Broccoli,JASONS,1,1,1.0,31.0,31,1.0,0.2260545905707196,0.23846153846153845,1.0,102.32385714027947
2024-01,category3,Rice / Oil / Canned food / Fruits / Vegetables / Meat,Fresh vegetables,Broccoli,PARKNSHOP,1,1,1.0,31.0,31,1.0,0.18279661016949153,0.1610169491525424,,
2024-01,category3,Rice / Oil / Canned food / Fruits / Vegetables / Meat,Fresh vegetables,Broccoli,WELLCOME,1,1,1.0,31.0,31,1.0,0.289342786246012,0.29047142857142855,1.0,97.67614285972051
2024-01,category3,Rice / Oil / Canned food / Fruits / Vegetables / Meat,Fresh vegetables,Carrots,PARKNSHOP,2,0,0.0,0.0,31,0.0,,,,
2024-01,category3,Rice / Oil / Canned food / Fruits / Vegetables / Meat,Fresh vegetables,Cauliflower,JASONS,1,0,0.0,0.0,31,0.0,,,1.0,100.8056682475287
2024-01,category3,Rice / Oil / Canned food / Fruits / Vegetables / Meat,Fresh vegetables,Cauliflower,WELLCOME,1,0,0.0,0.0,31,0.0,,,1.0,99.19433175247129
2024-01,category3,Rice / Oil / Canned food / Fruits / Vegetables / Meat,Fresh vegetables,Celery,JASONS,1,0,0.0,0.0,31,0.0,,,1.0,105.00113662195953
2024-01,category3,Rice / Oil / Canned food / Fruits / Vegetables / Meat,Fresh vegetables,Celery,PARKNSHOP,1,0,0.0,0.0,31,0.0,,,,
2024-01,category3,Rice / Oil / Canned food / Fruits / Vegetables / Meat,Fresh vegetables,Celery,WELLCOME,1,0,0.0,0.0,31,0.0,,,1.0,94.99886337804047
2024-01,category3,Rice / Oil / Canned food / Fruits / Vegetables / Meat,Fresh vegetables,Corn,PARKNSHOP,1,1,1.0,2.0,31,0.06451612903225806,0.09090909090909094,0.09090909090909094,,
2024-01,category3,Rice / Oil / Canned food / Fruits / Vegetables / Meat,Fresh vegetables,Garlics,PARKNSHOP,1,0,0.0,0.0,31,0.0,,,,
2024-01,category3,Rice / Oil / Canned food / Fruits / Vegetables / Meat,Fresh vegetables,Green cabbage,PARKNSHOP,1,0,0.0,0.0,31,0.0,,,,
2024-01,category3,Rice / Oil / Canned food / Fruits / Vegetables / Meat,Fresh vegetables,Potatoes,PARKNSHOP,2,1,0.5,2.0,31,0.06451612903225806,0.09090909090909094,0.09090909090909094,,
2024-01,category3,Rice / Oil / Canned food / Fruits / Vegetables / Meat,Fresh vegetables,Sweet bean / Sugar snap,PARKNSHOP,1,0,0.0,0.0,31,0.0,,,,
2024-01,category3,Rice / Oil / Canned food / Fruits / Vegetables / Meat,Fresh vegetables,Tomatoes,PARKNSHOP,1,1,1.0,4.0,31,0.12903225806451613,0.09090909090909094,0.09090909090909094,,
2024-01,category3,Rice / Oil / Canned food / Fruits / Vegetables / Meat,Frozen meat / poultry,Frozen chicken wings,PARKNSHOP,1,1,1.0,7.0,31,0.22580645161290322,0.10000000000000005,0.10000000000000005,,
2024-01,category3,Rice / Oil / Canned food / Fruits / Vegetables / Meat,Frozen meat / poultry,Frozen pork chops / steaks,JASONS,1,1,1.0,12.0,31,0.3870967741935484,0.14458897071872223,0.11594260869565215,1.0,97.87289636977641
2024-01,category3,Rice / Oil / Canned food / Fruits / Vegetables / Meat,Frozen meat / poultry,Frozen pork chops / steaks,PARKNSHOP,1,1,1.0,8.0,31,0.25806451612903225,0.317094017094017,0.317094017094017,1.0,102.6472268722269
2024-01,category3,Rice / Oil / Canned food / Fruits / Vegetables / Meat,Frozen meat / poultry,Frozen pork chops / steaks,WELLCOME,1,1,1.0,8.0,31,0.25806451612903225,0.12725392219387752,0.11904821428571426,1.0,99.47987675799672
2024-01,category3,Rice / Oil / Canned food / Fruits / Vegetables / Meat,Frozen seafood,Frozen Halibut,PARKNSHOP,1,1,1.0,12.0,31,0.3870967741935484,0.24480151228733452,0.24480151228733452,,
2024-01,category3,Rice / Oil / Canned food / Fruits / Vegetables / Meat,Frozen seafood,Frozen Salmon,JASONS,1,1,1.0,20.0,31,0.6451612903225806,0.09090909090909088,0.09090909090909088,1.0,101.61180916696276
2024-01,category3,Rice / Oil / Canned food / Fruits / Vegetables / Meat,Frozen seafood,Frozen Salmon,PARKNSHOP,1,1,1.0,7.0,31,0.22580645161290322,0.1867398044359647,0.1736227045075125,,
2024-01,category3,Rice / Oil / Canned food / Fruits / Vegetables / Meat,Frozen seafood,Frozen Salmon,WELLCOME,1,1,1.0,24.0,31,0.7741935483870968,0.09433962264150945,0.09433962264150944,1.0,98.38819083303724
2024-01,category3,Rice / Oil / Canned food / Fruits / Vegetables / Meat,Frozen seafood,Frozen Yellow Coraker,PARKNSHOP,1,1,1.0,30.0,31,0.967741935483871,0.4147157190635451,0.4147157190635451,,
2024-01,category3,Rice / Oil / Canned food / Fruits / Vegetables / Meat,Frozen seafood,Frozen pacific saury,PARKNSHOP,1,1,1.0,31.0,31,1.0,0.1366782006920415,0.1366782006920415,,
2024-01,category3,Rice / Oil / Canned food / Fruits / Vegetables / Meat,Frozen vegetables,Frozen corn kernels,PARKNSHOP,1,0,0.0,0.0,31,0.0,,,,
2024-01,category3,Rice / Oil / Canned food / Fruits / Vegetables / Meat,Frozen vegetables,Frozen mixed vegetables,PARKNSHOP,2,0,0.0,0.0,31,0.0,,,,
2024-01,category3,Rice / Oil / Canned food / Fruits / Vegetables / Meat,Frozen vegetables,Frozen peas,PARKNSHOP,1,0,0.0,0.0,31,0.0,,,,
2024-01,category3,Rice / Oil / Canned food / Fruits / Vegetables / Meat,Previously frozen meat,Previously frozen whole chicken,JASONS,1,0,0.0,0.0,31,0.0,,,,
2024-01,category3,Rice / Oil / Canned food / Fruits / Vegetables / Meat,Rice,Glutinous rice,AEON,1,0,0.0,0.0,31,0.0,,,,
2024-01,category3,Rice / Oil / Canned food / Fruits / Vegetables / Meat,Rice,Red / Brown / Mixed rice,JASONS,2,2,1.0,5.0,31,0.16129032258064516,0.0,0.0,2.0,101.8018018018018
2024-01,category3,Rice / Oil / Canned food / Fruits / Vegetables / Meat,Rice,Red / Brown / Mixed rice,PARKNSHOP,2,0,0.0,0.0,31,0.0,,,,
2024-01,category3,Rice / Oil / Canned food / Fruits / Vegetables / Meat,Rice,Red / Brown / Mixed rice,WELLCOME,2,0,0.0,0.0,31,0.0,,,2.0,98.1981981981982
2024-01,category3,Rice / Oil / Canned food / Fruits / Vegetables / Meat,Rice,White rice,DCHFOOD,4,0,0.0,0.0,31,0.0,,,3.0,114.911867401819
2024-01,category3,Rice / Oil / Canned food / Fruits / Vegetables / Meat,Rice,White rice,JASONS,12,12,1.0,5.0,31,0.16129032258064516,0.0,0.0,12.0,99.00659059336682
2024-01,category3,Rice / Oil / Canned food / Fruits / Vegetables / Meat,Rice,White rice,PARKNSHOP,17,0,0.0,0.0,31,0.0,,,5.0,96.67987671716492
2024-01,category3,Rice / Oil / Canned food / Fruits / Vegetables / Meat,Rice,White rice,WELLCOME,13,0,0.0,0.0,31,0.0,,,12.0,98.46824372329557
2024-02,category3,Bakery / Cereals / Spreads,Breads,Bread loaf,JASONS,14,0,0.0,0.0,29,0.0,,,11.0,99.9751236248502
2024-02,category3,Bakery / Cereals / Spreads,Breads,Bread loaf,PARKNSHOP,8,0,0.0,0.0,29,0.0,,,8.0,100.77356060736038
2024-02,category3,Bakery / Cereals / Spreads,Breads,Bread loaf,WELLCOME,11,0,0.0,0.0,29,0.0,,,11.0,99.47460480693174
2024-02,category3,Bakery / Cereals / Spreads,Breads,Bread rolls,JASONS,10,2,0.2,2.9,29,0.09999999999999999,0.2249809014514897,0.22058823529411764,6.0,98.0115234582361
2024-02,category3,Bakery / Cereals / Spreads,Breads,Bread rolls,PARKNSHOP,4,2,0.5,14.5,29,0.5,0.2938000696621387,0.31818181818181823,4.0,104.38776451914681
2024-02,category3,Bakery / Cereals / Spreads,Breads,Bread rolls,WELLCOME,3,1,0.3333333333333333,9.333333333333334,29,0.3218390804597701,0.2153361344537815,0.20588235294117646,3.0,99.02853373260929
2024-02,category3,Bakery / Cereals / Spreads,Breads,Other bread,JASONS,1,0,0.0,0.0,29,0.0,,,1.0,99.99394856278366
2024-02,category3,Bakery / Cereals / Spreads,Breads,Other bread,PARKNSHOP,1,0,0.0,0.0,29,0.0,,,1.0,101.0287443267776
2024-02,category3,Bakery / Cereals / Spreads,Breads,Other bread,WELLCOME,1,0,0.0,0.0,29,0.0,,,1.0,98.97730711043873
2024-02,category3,Bakery / Cereals / Spreads,Breads,Pastry,JASONS,1,0,0.0,0.0,29,0.0,,,1.0,99.61752183012196
2024-02,category3,Bakery / Cereals / Spreads,Breads,Pastry,PARKNSHOP,1,0,0.0,0.0,29,0.0,,,1.0,100.38247816987804
2024-02,category3,Bakery / Cereals / Spreads,Breakfast cereals,Corn flakes / Cereals / Muesli,JASONS,9,5,0.5555555555555556,2.2222222222222223,29,0.07662835249042146,0.17711522965350524,0.17647058823529413,9.0,101.80776696684771
2024-02,category3,Bakery / Cereals / Spreads,Breakfast cereals,Corn flakes / Cereals / Muesli,PARKNSHOP,11,4,0.36363636363636365,1.6363636363636365,29,0.05642633228840126,0.12819634703196348,0.1111111111111111,7.0,96.95987499767284
2024-02,category3,Bakery / Cereals / Spreads,Breakfast cereals,Corn flakes / Cereals / Muesli,WELLCOME,10,5,0.5,2.0,29,0.06896551724137931,0.13789954337899543,0.1111111111111111,10.0,100.38228334815894
2024-02,category3,Bakery / Cereals / Spreads,Breakfast cereals,Instant oatmeal in sachets,JASONS,1,1,1.0,6.0,29,0.20689655172413793,0.16944444444444448,0.16944444444444448,1.0,99.95492092887254
2024-02,category3,Bakery / Cereals / Spreads,Breakfast cereals,Instant oatmeal in sachets,PARKNSHOP,2,2,1.0,6.0,29,0.20689655172413793,0.14571428571428577,0.14571428571428577,1.0,100.09015814225492
2024-02,category3,Bakery / Cereals / Spreads,Breakfast cereals,Instant oatmeal in sachets,WELLCOME,1,1,1.0,6.0,29,0.20689655172413793,0.16944444444444448,0.16944444444444448,1.0,99.95492092887254
2024-02,category3,Bakery / Cereals / Spreads,Breakfast cereals,Instant oatmeals,JASONS,2,1,0.5,14.5,29,0.5,0.009682497727948634,-0.14832535885167472,2.0,98.77549910058181
2024-02,category3,Bakery / Cereals / Spreads,Breakfast cereals,Instant oatmeals,PARKNSHOP,2,2,1.0,9.0,29,0.3103448275862069,0.18037692255270965,0.16752157138214108,2.0,102.12255890424002
2024-02,category3,Bakery / Cereals / Spreads,Breakfast cereals,Instant oatmeals,WELLCOME,2,1,0.5,14.5,29,0.5,0.009682497727948634,-0.14832535885167472,2.0,99.10194199517817
2024-02,category3,Bakery / Cereals / Spreads,Breakfast cereals,Quick cooking oatmeals,DCHFOOD,1,0,0.0,0.0,29,0.0,,,1.0,111.20661157024794
2024-02,category3,Bakery / Cereals / Spreads,Breakfast cereals,Quick cooking oatmeals,JASONS,2,1,0.5,14.5,29,0.5,0.009682497727948634,-0.14832535885167472,2.0,97.04351981488107
2024-02,category3,Bakery / Cereals / Spreads,Breakfast cereals,Quick cooking oatmeals,PARKNSHOP,2,2,1.0,8.5,29,0.29310344827586204,0.18037692255270965,0.16752157138214108,2.0,100.49581802624523
2024-02,category3,Bakery / Cereals / Spreads,Breakfast cereals,Quick cooking oatmeals,WELLCOME,2,1,0.5,14.5,29,0.5,0.009682497727948634,-0.14832535885167472,2.0,97.36423869556148
2024-02,category3,Bakery / Cereals / Spreads,Breakfast cereals,Rolled oats,JASONS,2,2,1.0,21.5,29,0.7413793103448276,0.10603172505445049,0.009170653907495968,2.0,97.26955379670274
2024-02,category3,Bakery / Cereals / Spreads,Breakfast cereals,Rolled oats,PARKNSHOP,2,1,0.5,8.0,29,0.27586206896551724,0.20714882943143811,0.181438127090301,2.0,105.46089240659455
2024-02,category3,Bakery / Cereals / Spreads,Breakfast cereals,Rolled oats,WELLCOME,2,2,1.0,21.5,29,0.7413793103448276,0.08817458219730764,0.009170653907495968,2.0,97.26955379670274
2024-02,category3,Bakery / Cereals / Spreads,Cakes,Chiffon cakes,JASONS,1,1,1.0,29.0,29,1.0,0.2779556650246306,0.275,1.0,100.4733727810651
2024-02,category3,Bakery / Cereals / Spreads,Cakes,Chiffon cakes,WELLCOME,1,1,1.0,29.0,29,1.0,0.275,0.275,1.0,99.52662721893492
2024-02,category3,Bakery / Cereals / Spreads,Cakes,Chocolate pies / Chocolate cakes,PARKNSHOP,2,0,0.0,0.0,29,0.0,,,,
2024-02,category3,Bakery / Cereals / Spreads,Cakes,Frozen cakes,JASONS,2,2,1.0,4.5,29,0.15517241379310345,0.3444716992250803,0.3395061728395062,2.0,114.31330062891449
2024-02,category3,Bakery / Cereals / Spreads,Cakes,Frozen cakes,PARKNSHOP,2,2,1.0,23.5,29,0.8103448275862069,0.49119164254434794,0.5,2.0,76.30813589450659
2024-02,category3,Bakery / Cereals / Spreads,Cakes,Frozen cakes,WELLCOME,2,2,1.0,3.0,29,0.10344827586206896,0.3395061728395062,0.3395061728395062,2.0,109.37856347657893
2024-02,category3,Bakery / Cereals / Spreads,Cakes,Sponge cakes,JASONS,4,3,0.75,5.0,29,0.1724137931034483,0.2642104752196495,0.26605504587155965,4.0,104.12863747303017
2024-02,category3,Bakery / Cereals / Spreads,Cakes,Sponge cakes,WELLCOME,4,3,0.75,4.0,29,0.13793103448275862,0.2619047619047619,0.2619047619047619,4.0,95.87136252696985
2024-02,category3,Bakery / Cereals / Spreads,Cakes,Swiss rolls,JASONS,2,2,1.0,27.0,29,0.9310344827586207,0.2289014778325123,0.225,2.0,100.60120499621765
2024-02,category3,Bakery / Cereals / Spreads,Cakes,Swiss rolls,WELLCOME,2,2,1.0,26.5,29,0.9137931034482759,0.2269037356321839,0.225,2.0,99.39879500378235
2024-02,category3,Bakery / Cereals / Spreads,Honey / Syrup,Honey,DCHFOOD,1,0,0.0,0.0,29,0.0,,,1.0,97.43589743589743
2024-02,category3,Bakery / Cereals / Spreads,Honey / Syrup,Honey,JASONS,18,3,0.16666666666666666,1.0,29,0.034482758620689655,0.13533834586466165,0.13533834586466165,18.0,100.24722805868586
2024-02,category3,Bakery / Cereals / Spreads,Honey / Syrup,Honey,PARKNSHOP,23,0,0.0,0.0,29,0.0,,,13.0,100.77987680846306
2024-02,category3,Bakery / Cereals / Spreads,Honey / Syrup,Honey,WELLCOME,17,3,0.17647058823529413,1.0588235294117647,29,0.036511156186612576,0.13533834586466165,0.13533834586466165,17.0,99.34599750977115
2024-02,category3,Bakery / Cereals / Spreads,Honey / Syrup,Honey with syrup,JASONS,2,0,0.0,0.0,29,0.0,,,2.0,100.06439150032196
2024-02,category3,Bakery / Cereals / Spreads,Honey / Syrup,Honey with syrup,PARKNSHOP,2,0,0.0,0.0,29,0.0,,,2.0,99.8712169993561
2024-02,category3,Bakery / Cereals / Spreads,Honey / Syrup,Honey with syrup,WELLCOME,2,0,0.0,0.0,29,0.0,,,2.0,100.06439150032196
2024-02,category3,Bakery / Cereals / Spreads,Honey / Syrup,Syrup,PARKNSHOP,1,0,0.0,0.0,29,0.0,,,,
2024-02,category3,Bakery / Cereals / Spreads,Spreads,Fruit jams / Fruit preserves,JASONS,4,1,0.25,1.75,29,0.0603448275862069,0.19444444444444445,0.19444444444444445,4.0,100.05976017298997
2024-02,category3,Bakery / Cereals / Spreads,Spreads,Fruit jams / Fruit preserves,PARKNSHOP,4,1,0.25,1.75,29,0.0603448275862069,0.19444444444444445,0.19444444444444445,4.0,100.2579123255357
2024-02,category3,Bakery / Cereals / Spreads,Spreads,Fruit jams / Fruit preserves,WELLCOME,4,1,0.25,1.75,29,0.0603448275862069,0.19444444444444445,0.19444444444444445,4.0,99.68232750147435
2024-02,category3,Bakery / Cereals / Spreads,Spreads,Hazelnut spreads,JASONS,1,0,0.0,0.0,29,0.0,,,1.0,95.72153734590283
2024-02,category3,Bakery / Cereals / Spreads,Spreads,Hazelnut spreads,PARKNSHOP,1,0,0.0,0.0,29,0.0,,,1.0,108.55692530819434
2024-02,category3,Bakery / Cereals / Spreads,Spreads,Hazelnut spreads,WELLCOME,1,0,0.0,0.0,29,0.0,,,1.0,95.72153734590283
2024-02,category3,Bakery / Cereals / Spreads,Spreads,Peanut butter,JASONS,6,0,0.0,0.0,29,0.0,,,6.0,99.3324961998546
2024-02,category3,Bakery / Cereals / Spreads,Spreads,Peanut butter,PARKNSHOP,11,0,0.0,0.0,29,0.0,,,6.0,102.00118961073292
2024-02,category3,Bakery / Cereals / Spreads,Spreads,Peanut butter,WELLCOME,6,0,0.0,0.0,29,0.0,,,6.0,98.66631418941245
2024-02,category3,Bakery / Cereals / Spreads,Spreads,Tuna spreads,JASONS,1,0,0.0,0.0,29,0.0,,,1.0,105.31563054210807
2024-02,category3,Bakery / Cereals / Spreads,Spreads,Tuna spreads,PARKNSHOP,2,1,0.5,14.5,29,0.5,0.1458166265704358,0.1511627906976745,1.0,91.89953506207162
2024-02,category3,Bakery / Cereals / Spreads,Spreads,Tuna spreads,WELLCOME,1,0,0.0,0.0,29,0.0,,,1.0,102.78483439582038
2024-02,category3,Beer / Wines / Spirits,Beer,Bottles,JASONS,8,4,0.5,11.5,29,0.39655172413793105,0.22804054054054054,0.25,8.0,97.80404705449021
2024-02,category3,Beer / Wines / Spirits,Beer,Bottles,PARKNSHOP,9,4,0.4444444444444444,7.0,29,0.2413793103448276,0.20081783102316345,0.1892163075623152,7.0,104.75729354511995
2024-02,category3,Beer / Wines / Spirits,Beer,Bottles,WELLCOME,8,4,0.5,12.5,29,0.43103448275862066,0.22804054054054054,0.25,8.0,97.76260963650176
2024-02,category3,Beer / Wines / Spirits,Beer,Canned,JASONS,21,12,0.5714285714285714,9.095238095238095,29,0.3136288998357964,0.16401578164290556,0.1738921001926782,21.0,99.63598032470732
2024-02,category3,Beer / Wines / Spirits,Beer,Canned,PARKNSHOP,24,12,0.5,6.75,29,0.23275862068965517,0.20428070297704462,0.17870905587668592,22.0,100.61596607496097
2024-02,category3,Beer / Wines / Spirits,Beer,Canned,WELLCOME,22,12,0.5454545454545454,8.681818181818182,29,0.2993730407523511,0.16029751529764152,0.16666666666666666,22.0,99.73180352426051
2024-02,category3,Beer / Wines / Spirits,Red wines,American (US),JASONS,1,1,1.0,23.0,29,0.7931034482758621,0.1866220735785953,0.1794871794871795,1.0,98.96276143513009
2024-02,category3,Beer / Wines / Spirits,Red wines,American (US),PARKNSHOP,1,0,0.0,0.0,29,0.0,,,1.0,102.07447712973983
2024-02,category3,Beer / Wines / Spirits,Red wines,American (US),WELLCOME,1,1,1.0,23.0,29,0.7931034482758621,0.17948717948717952,0.1794871794871795,1.0,98.96276143513009
2024-02,category3,Beer / Wines / Spirits,Red wines,Australian,JASONS,3,3,1.0,17.666666666666668,29,0.6091954022988506,0.4770804500743598,0.49324324324324326,3.0,98.50243920886433
2024-02,category3,Beer / Wines / Spirits,Red wines,Australian,PARKNSHOP,4,3,0.75,13.75,29,0.47413793103448276,0.42092593914819626,0.449438202247191,3.0,91.22299007202648
2024-02,category3,Beer / Wines / Spirits,Red wines,Australian,WELLCOME,4,3,0.75,15.25,29,0.5258620689655172,0.47491792650790493,0.49324324324324326,4.0,107.70564120436184
2024-02,category3,Beer / Wines / Spirits,Red wines,French,JASONS,1,1,1.0,8.0,29,0.27586206896551724,0.15,0.15,1.0,86.08920120464649
2024-02,category3,Beer / Wines / Spirits,Red wines,French,PARKNSHOP,1,1,1.0,21.0,29,0.7241379310344828,0.4806949806949807,0.46621621621621623,1.0,125.32625842535494
2024-02,category3,Beer / Wines / Spirits,Red wines,French,WELLCOME,1,0,0.0,0.0,29,0.0,,,1.0,88.58454036999856
2024-02,category3,Beer / Wines / Spirits,Rice wines,Chinese,JASONS,1,1,1.0,21.0,29,0.7241379310344828,0.09041184041184042,0.08333333333333333,1.0,100.33342406096897
2024-02,category3,Beer / Wines / Spirits,Rice wines,Chinese,PARKNSHOP,4,1,0.25,5.25,29,0.1810344827586207,0.08379888268156425,0.08379888268156425,2.0,104.59230924099055
2024-02,category3,Beer / Wines / Spirits,Rice wines,Chinese,WELLCOME,2,1,0.5,10.5,29,0.3620689655172414,0.08333333333333333,0.08333333333333333,2.0,95.30903966176767
2024-02,category3,Beer / Wines / Spirits,Shandy,Canned,JASONS,1,0,0.0,0.0,29,0.0,,,1.0,97.18640836532343
2024-02,category3,Beer / Wines / Spirits,Shandy,Canned,PARKNSHOP,1,0,0.0,0.0,29,0.0,,,1.0,101.87160000345581
2024-02,category3,Beer / Wines / Spirits,Shandy,Canned,WELLCOME,1,0,0.0,0.0,29,0.0,,,1.0,100.9419916312208
2024-02,category3,Beer / Wines / Spirits,Shaoxing wines,Chinese,JASONS,1,0,0.0,0.0,29,0.0,,,1.0,103.18968231698042
2024-02,category3,Beer / Wines / Spirits,Shaoxing wines,Chinese,PARKNSHOP,1,0,0.0,0.0,29,0.0,,,1.0,95.06007295720886
2024-02,category3,Beer / Wines / Spirits,Shaoxing wines,Chinese,WELLCOME,1,0,0.0,0.0,29,0.0,,,1.0,101.75024472581072
2024-02,category3,Beer / Wines / Spirits,White wines,American (US),JASONS,1,1,1.0,8.0,29,0.27586206896551724,0.15000000000000005,0.15000000000000005,1.0,98.28656853725852
2024-02,category3,Beer / Wines / Spirits,White wines,American (US),WELLCOME,1,0,0.0,0.0,29,0.0,,,1.0,101.7134314627415
2024-02,category3,Beer / Wines / Spirits,White wines,Australian,JASONS,1,1,1.0,21.0,29,0.7241379310344828,0.42857142857142855,0.42857142857142855,1.0,93.38103756708408
2024-02,category3,Beer / Wines / Spirits,White wines,Australian,PARKNSHOP,1,1,1.0,12.0,29,0.41379310344827586,0.45454545454545453,0.45454545454545453,1.0,113.23792486583186
2024-02,category3,Beer / Wines / Spirits,White wines,Australian,WELLCOME,1,1,1.0,29.0,29,1.0,0.4285714285714285,0.42857142857142855,1.0,93.38103756708408
2024-02,category3,Candies / Biscuits / Snacks,Biscuits,Biscuit sticks,JASONS,7,6,0.8571428571428571,19.857142857142858,29,0.6847290640394089,0.31015070617010315,0.27464008859357697,7.0,98.1968277307638
2024-02,category3,Candies / Biscuits / Snacks,Biscuits,Biscuit sticks,MANNINGS,1,1,1.0,13.0,29,0.4482758620689655,0.17721518987341775,0.17721518987341775,1.0,102.61109309114498
2024-02,category3,Candies / Biscuits / Snacks,Biscuits,Biscuit sticks,PARKNSHOP,7,3,0.42857142857142855,10.428571428571429,29,0.35960591133004927,0.24725706098255115,0.25925925925925924,7.0,104.42561278918802
2024-02,category3,Candies / Biscuits / Snacks,Biscuits,Biscuit sticks,WELLCOME,5,4,0.8,17.8,29,0.6137931034482759,0.28916789225931167,0.26356589147286824,5.0,96.48691648019042
2024-02,category3,Candies / Biscuits / Snacks,Biscuits,Cheese crackers,JASONS,2,1,0.5,14.5,29,0.5,0.3758868173568718,0.2607655502392344,2.0,98.51884364806828
2024-02,category3,Candies / Biscuits / Snacks,Biscuits,Cheese crackers,MANNINGS,1,0,0.0,0.0,29,0.0,,,1.0,111.86473367835674
2024-02,category3,Candies / Biscuits / Snacks,Biscuits,Cheese crackers,PARKNSHOP,2,2,1.0,15.0,29,0.5172413793103449,0.24666218422822014,0.2078690807799443,2.0,100.39847495115883
2024-02,category3,Candies / Biscuits / Snacks,Biscuits,Cheese crackers,WELLCOME,2,1,0.5,14.5,29,0.5,0.3706896551724138,0.25,2.0,97.90607007306808
2024-02,category3,Candies / Biscuits / Snacks,Biscuits,Cookies,JASONS,10,3,0.3,7.9,29,0.27241379310344827,0.29672637946121894,0.22972972972972971,10.0,100.42960381225716
2024-02,category3,Candies / Biscuits / Snacks,Biscuits,Cookies,PARKNSHOP,11,6,0.5454545454545454,5.636363636363637,29,0.1943573667711599,0.2999301907780209,0.3559398951189996,9.0,99.44074386661667
2024-02,category3,Candies / Biscuits / Snacks,Biscuits,Cookies,WELLCOME,10,3,0.3,8.7,29,0.3,0.30548597100321234,0.22972972972972971,10.0,100.05703807233277
2024-02,category3,Candies / Biscuits / Snacks,Biscuits,Others,DCHFOOD,1,0,0.0,0.0,29,0.0,,,1.0,94.79383022915319
2024-02,category3,Candies / Biscuits / Snacks,Biscuits,Others,JASONS,11,6,0.5454545454545454,15.0,29,0.5172413793103449,0.33698407163670474,0.2970494417862839,11.0,99.48928975755986
2024-02,category3,Candies / Biscuits / Snacks,Biscuits,Others,PARKNSHOP,12,7,0.5833333333333334,14.0,29,0.4827586206896552,0.26900819486364547,0.2,10.0,101.57758334709759
2024-02,category3,Candies / Biscuits / Snacks,Biscuits,Others,WELLCOME,8,4,0.5,13.625,29,0.4698275862068966,0.34730427618358656,0.2916666666666667,8.0,99.28223485822161
2024-02,category3,Candies / Biscuits / Snacks,Biscuits,Saltine crackers / Soda crackers / Cream crackers,JASONS,2,2,1.0,25.0,29,0.8620689655172413,0.3102455669518172,0.2526849333929985,2.0,96.68824027835366
2024-02,category3,Candies / Biscuits / Snacks,Biscuits,Saltine crackers / Soda crackers / Cream crackers,MANNINGS,1,0,0.0,0.0,29,0.0,,,1.0,111.86473367835674
2024-02,category3,Candies / Biscuits / Snacks,Biscuits,Saltine crackers / Soda crackers / Cream crackers,PARKNSHOP,8,7,0.875,22.25,29,0.7672413793103449,0.25707373890263274,0.2446043165467626,2.0,100.099154482684
2024-02,category3,Candies / Biscuits / Snacks,Biscuits,Saltine crackers / Soda crackers / Cream crackers,WELLCOME,2,2,1.0,29.0,29,1.0,0.3076469858595882,0.2473021582733813,2.0,96.5584380464764
2024-02,category3,Candies / Biscuits / Snacks,Biscuits,Sandwich crackers,DCHFOOD,3,0,0.0,0.0,29,0.0,,,2.0,94.75373170613118
2024-02,category3,Candies / Biscuits / Snacks,Biscuits,Sandwich crackers,JASONS,13,9,0.6923076923076923,13.384615384615385,29,0.46153846153846156,0.2683262890570776,0.2553191489361702,13.0,99.43706460632762
2024-02,category3,Candies / Biscuits / Snacks,Biscuits,Sandwich crackers,MANNINGS,1,0,0.0,0.0,29,0.0,,,1.0,107.50695088044486
2024-02,category3,Candies / Biscuits / Snacks,Biscuits,Sandwich crackers,PARKNSHOP,14,8,0.5714285714285714,5.571428571428571,29,0.1921182266009852,0.29711705616933143,0.27984429065743943,12.0,101.22065671864671
2024-02,category3,Candies / Biscuits / Snacks,Biscuits,Sandwich crackers,WELLCOME,11,7,0.6363636363636364,12.818181818181818,29,0.4420062695924765,0.2699773646710124,0.2553191489361702,11.0,99.55483518025277
2024-02,category3,Candies / Biscuits / Snacks,Biscuits,Wafers,JASONS,9,7,0.7777777777777778,16.88888888888889,29,0.5823754789272031,0.24822865215452164,0.222972972972973,8.0,101.17073042541358
2024-02,category3,Candies / Biscuits / Snacks,Biscuits,Wafers,MANNINGS,1,0,0.0,0.0,29,0.0,,,1.0,115.92869988845129
2024-02,category3,Candies / Biscuits / Snacks,Biscuits,Wafers,PARKNSHOP,7,4,0.5714285714285714,15.571428571428571,29,0.5369458128078818,0.28539945347172085,0.27672955974842767,7.0,96.22005519410595
2024-02,category3,Candies / Biscuits / Snacks,Biscuits,Wafers,WELLCOME,5,4,0.8,19.2,29,0.6620689655172414,0.26951304753028893,0.222972972972973,5.0,98.12857558421412
2024-02,category3,Candies / Biscuits / Snacks,Candies / Confectioneries,Candies,JASONS,10,8,0.8,14.8,29,0.5103448275862069,0.20118939580793244,0.19259166666666666,10.0,98.18691513176543
2024-02,category3,Candies / Biscuits / Snacks,Candies / Confectioneries,Candies,MANNINGS,2,0,0.0,0.0,29,0.0,,,2.0,103.4083874277022
2024-02,category3,Candies / Biscuits / Snacks,Candies / Confectioneries,Candies,PARKNSHOP,9,7,0.7777777777777778,13.777777777777779,29,0.47509578544061304,0.25228683656796236,0.25,7.0,107.29337700214634
2024-02,category3,Candies / Biscuits / Snacks,Candies / Confectioneries,Candies,WELLCOME,10,8,0.8,15.1,29,0.5206896551724138,0.19570760065599757,0.18570060521415263,10.0,98.2007873969287
2024-02,category3,Candies / Biscuits / Snacks,Candies / Confectioneries,Chewing gums,JASONS,5,5,1.0,24.6,29,0.8482758620689655,0.20515106083321974,0.13478260869565223,5.0,100.98503500640167
2024-02,category3,Candies / Biscuits / Snacks,Candies / Confectioneries,Chewing gums,MANNINGS,3,2,0.6666666666666666,19.333333333333332,29,0.6666666666666666,0.1145833333333333,0.1145833333333333,3.0,94.59148038503128
2024-02,category3,Candies / Biscuits / Snacks,Candies / Confectioneries,Chewing gums,PARKNSHOP,6,5,0.8333333333333334,24.166666666666668,29,0.8333333333333334,0.11492281617324296,0.08333333333333336,5.0,106.37834814317513
2024-02,category3,Candies / Biscuits / Snacks,Candies / Confectioneries,Chewing gums,WATSONS,2,0,0.0,0.0,29,0.0,,,2.0,97.92271234198296
2024-02,category3,Candies / Biscuits / Snacks,Candies / Confectioneries,Chewing gums,WELLCOME,5,5,1.0,19.8,29,0.6827586206896552,0.21548589341692787,0.25,5.0,97.41162551902633
2024-02,category3,Candies / Biscuits / Snacks,Candies / Confectioneries,Chocolates,JASONS,34,21,0.6176470588235294,10.294117647058824,29,0.3549695740365112,0.2497792121496573,0.21739130434782608,34.0,99.34032000876273
2024-02,category3,Candies / Biscuits / Snacks,Candies / Confectioneries,Chocolates,MANNINGS,5,0,0.0,0.0,29,0.0,,,5.0,103.89084569311031
2024-02,category3,Candies / Biscuits / Snacks,Candies / Confectioneries,Chocolates,PARKNSHOP,40,19,0.475,6.775,29,0.23362068965517244,0.21894197778175073,0.22268907563025211,32.0,101.35660500739706
2024-02,category3,Candies / Biscuits / Snacks,Candies / Confectioneries,Chocolates,WELLCOME,33,21,0.6363636363636364,9.909090909090908,29,0.341692789968652,0.24810962175402973,0.1826086956521739,33.0,99.01729217964409
2024-02,category3,Candies / Biscuits / Snacks,Dried fruits,Apricots,JASONS,1,0,0.0,0.0,29,0.0,,,1.0,99.11374525715236
2024-02,category3,Candies / Biscuits / Snacks,Dried fruits,Apricots,PARKNSHOP,1,0,0.0,0.0,29,0.0,,,1.0,101.77250948569532
2024-02,category3,Candies / Biscuits / Snacks,Dried fruits,Apricots,WELLCOME,1,0,0.0,0.0,29,0.0,,,1.0,99.11374525715236
2024-02,category3,Candies / Biscuits / Snacks,Dried fruits,Dried Prunes,JASONS,1,0,0.0,0.0,29,0.0,,,1.0,102.54039077399159
2024-02,category3,Candies / Biscuits / Snacks,Dried fruits,Dried Prunes,PARKNSHOP,2,0,0.0,0.0,29,0.0,,,1.0,95.86916627685223
2024-02,category3,Candies / Biscuits / Snacks,Dried fruits,Dried Prunes,WELLCOME,1,0,0.0,0.0,29,0.0,,,1.0,101.5904429491562
2024-02,category3,Candies / Biscuits / Snacks,Dried fruits,Dried mangoes,JASONS,2,0,0.0,0.0,29,0.0,,,2.0,97.94188861985472
2024-02,category3,Candies / Biscuits / Snacks,Dried fruits,Dried mangoes,PARKNSHOP,1,0,0.0,0.0,29,0.0,,,1.0,109.91713082461621
2024-02,category3,Candies / Biscuits / Snacks,Dried fruits,Dried mangoes,WELLCOME,2,0,0.0,0.0,29,0.0,,,2.0,96.85942173479562
2024-02,category3,Candies / Biscuits / Snacks,Dried fruits,Raisins,JASONS,1,1,1.0,7.0,29,0.2413793103448276,0.19770773638968478,0.19770773638968478,1.0,91.320673747452
2024-02,category3,Candies / Biscuits / Snacks,Dried fruits,Raisins,PARKNSHOP,3,1,0.3333333333333333,0.6666666666666666,29,0.022988505747126436,0.18699186991869915,0.18699186991869915,1.0,118.30275721489112
2024-02,category3,Candies / Biscuits / Snacks,Dried fruits,Raisins,WELLCOME,1,1,1.0,7.0,29,0.2413793103448276,0.19770773638968478,0.19770773638968478,1.0,90.37656903765692
2024-02,category3,Candies / Biscuits / Snacks,Snack bars / Energy bars,Energy bars / Snack bars,JASONS,5,3,0.6,4.8,29,0.16551724137931034,0.3298611111111111,0.2976190476190476,3.0,97.84816793318788
2024-02,category3,Candies / Biscuits / Snacks,Snack bars / Energy bars,Energy bars / Snack bars,PARKNSHOP,3,1,0.3333333333333333,4.666666666666667,29,0.16091954022988506,0.3548387096774193,0.3548387096774193,2.0,108.87413962635202
2024-02,category3,Candies / Biscuits / Snacks,Snack bars / Energy bars,Energy bars / Snack bars,WELLCOME,3,3,1.0,8.0,29,0.27586206896551724,0.3298611111111111,0.2976190476190476,3.0,96.71958468136333
2024-02,category3,Candies / Biscuits / Snacks,Snack bars / Energy bars,Soya bars,PARKNSHOP,1,1,1.0,29.0,29,1.0,0.24724855240106233,0.2248062015503876,,
2024-02,category3,Candies / Biscuits / Snacks,Snacks,Corn chips / Tortilla chips,JASONS,5,5,1.0,24.2,29,0.8344827586206897,0.2730947881775653,0.3,5.0,99.60173291737598
2024-02,category3,Candies / Biscuits / Snacks,Snacks,Corn chips / Tortilla chips,PARKNSHOP,2,1,0.5,14.5,29,0.5,0.2646358557507716,0.26744186046511637,2.0,102.33135401237072
2024-02,category3,Candies / Biscuits / Snacks,Snacks,Corn chips / Tortilla chips,WELLCOME,5,5,1.0,24.4,29,0.8413793103448275,0.2655929900997113,0.3,5.0,99.6587555997628
2024-02,category3,Candies / Biscuits / Snacks,Snacks,Crispy crackers,JASONS,7,7,1.0,23.714285714285715,29,0.8177339901477833,0.1900534336370701,0.15730337078651688,7.0,97.94346399971818
2024-02,category3,Candies / Biscuits / Snacks,Snacks,Crispy crackers,PARKNSHOP,6,6,1.0,24.666666666666668,29,0.8505747126436782,0.19375648887575272,0.15027634838955603,5.0,105.34585580116416
2024-02,category3,Candies / Biscuits / Snacks,Snacks,Crispy crackers,WELLCOME,7,7,1.0,27.285714285714285,29,0.9408866995073891,0.18457052035174457,0.15730337078651688,7.0,97.94346399971818
2024-02,category3,Candies / Biscuits / Snacks,Snacks,Noodle snacks,JASONS,2,2,1.0,21.0,29,0.7241379310344828,0.27778333333333327,0.27778333333333327,2.0,96.41923816451141
2024-02,category3,Candies / Biscuits / Snacks,Snacks,Noodle snacks,PARKNSHOP,2,2,1.0,29.0,29,1.0,0.33333474801061,0.3333333333333333,2.0,107.16152367097718
2024-02,category3,Candies / Biscuits / Snacks,Snacks,Noodle snacks,WELLCOME,2,2,1.0,29.0,29,1.0,0.27778333333333327,0.27778333333333327,2.0,96.41923816451141
2024-02,category3,Candies / Biscuits / Snacks,Snacks,Nuts,DCHFOOD,1,0,0.0,0.0,29,0.0,,,1.0,107.11329045405338
2024-02,category3,Candies / Biscuits / Snacks,Snacks,Nuts,JASONS,8,4,0.5,9.625,29,0.33189655172413796,0.31516308875037896,0.316628701594533,7.0,98.67246168386269
2024-02,category3,Candies / Biscuits / Snacks,Snacks,Nuts,PARKNSHOP,9,5,0.5555555555555556,10.88888888888889,29,0.37547892720306514,0.2398434150905016,0.25,7.0,101.90671592246741
2024-02,category3,Candies / Biscuits / Snacks,Snacks,Nuts,WELLCOME,5,3,0.6,11.2,29,0.38620689655172413,0.29591870594734077,0.316628701594533,5.0,98.26998844143141
2024-02,category3,Candies / Biscuits / Snacks,Snacks,Potato chips,DCHFOOD,1,0,0.0,0.0,29,0.0,,,1.0,83.14915476972703
2024-02,category3,Candies / Biscuits / Snacks,Snacks,Potato chips,JASONS,29,29,1.0,24.310344827586206,29,0.8382877526753865,0.30960143720765126,0.3023255813953489,29.0,100.53145070067832
2024-02,category3,Candies / Biscuits / Snacks,Snacks,Potato chips,PARKNSHOP,23,20,0.8695652173913043,24.391304347826086,29,0.841079460269865,0.2981479549077511,0.2868411826574734,20.0,99.22332912017261
2024-02,category3,Candies / Biscuits / Snacks,Snacks,Potato chips,WELLCOME,29,29,1.0,26.103448275862068,29,0.9001189060642092,0.30562330922054115,0.3023255813953489,29.0,100.49823580042595
2024-02,category3,Candies / Biscuits / Snacks,Snacks,Seaweeds,JASONS,2,0,0.0,0.0,29,0.0,,,2.0,100.17498512626429
2024-02,category3,Candies / Biscuits / Snacks,Snacks,Seaweeds,MANNINGS,1,0,0.0,0.0,29,0.0,,,1.0,90.50104384133611
2024-02,category3,Candies / Biscuits / Snacks,Snacks,Seaweeds,PARKNSHOP,3,0,0.0,0.0,29,0.0,,,3.0,103.44576236317332
2024-02,category3,Candies / Biscuits / Snacks,Snacks,Seaweeds,WATSONS,1,0,0.0,0.0,29,0.0,,,1.0,97.07724425887265
2024-02,category3,Candies / Biscuits / Snacks,Snacks,Seaweeds,WELLCOME,2,0,0.0,0.0,29,0.0,,,2.0,100.05499532539734
2024-02,category3,Dairy / Soy products / Eggs,Bean curd products,Bean curd desserts,JASONS,5,5,1.0,28.6,29,0.9862068965517242,0.21815724471737266,0.19354838709677422,5.0,99.55784895313552
2024-02,category3,Dairy / Soy products / Eggs,Bean curd products,Bean curd desserts,PARKNSHOP,6,6,1.0,23.333333333333332,29,0.8045977011494252,0.15738359844845376,0.15205263157894733,5.0,101.50599756451643
2024-02,category3,Dairy / Soy products / Eggs,Bean curd products,Bean curd desserts,WELLCOME,5,5,1.0,28.6,29,0.9862068965517242,0.21289620231745313,0.16666666666666666,5.0,98.93615348234806
2024-02,category3,Dairy / Soy products / Eggs,Bean curd products,Bean curds,JASONS,7,6,0.8571428571428571,20.571428571428573,29,0.7093596059113301,0.24128081933089982,0.26605504587155965,7.0,100.49977877379939
2024-02,category3,Dairy / Soy products / Eggs,Bean curd products,Bean curds,PARKNSHOP,7,7,1.0,22.0,29,0.7586206896551724,0.14317473679537002,0.1111111111111111,7.0,99.938451353678
2024-02,category3,Dairy / Soy products / Eggs,Bean curd products,Bean curds,WELLCOME,7,6,0.8571428571428571,20.857142857142858,29,0.7192118226600985,0.23870394869287626,0.26605504587155965,7.0,99.56176987252259
2024-02,category3,Dairy / Soy products / Eggs,Butter / Margarine,Butter,JASONS,7,3,0.42857142857142855,2.5714285714285716,29,0.08866995073891626,0.25473853008488845,0.2543859649122807,7.0,99.93765284995972
2024-02,category3,Dairy / Soy products / Eggs,Butter / Margarine,Butter,PARKNSHOP,6,2,0.3333333333333333,2.5,29,0.08620689655172414,0.24909044803138786,0.24909044803138786,6.0,100.21543822626285
2024-02,category3,Dairy / Soy products / Eggs,Butter / Margarine,Butter,WELLCOME,7,3,0.42857142857142855,2.5714285714285716,29,0.08866995073891626,0.2524229746041791,0.2543859649122807,7.0,99.87266895249246
2024-02,category3,Dairy / Soy products / Eggs,Butter / Margarine,Butter with vegetable oil,JASONS,2,0,0.0,0.0,29,0.0,,,2.0,100.95334632424262
2024-02,category3,Dairy / Soy products / Eggs,Butter / Margarine,Butter with vegetable oil,PARKNSHOP,1,0,0.0,0.0,29,0.0,,,1.0,97.78131228734219
2024-02,category3,Dairy / Soy products / Eggs,Butter / Margarine,Butter with vegetable oil,WELLCOME,2,0,0.0,0.0,29,0.0,,,2.0,100.00961210776047
2024-02,category3,Dairy / Soy products / Eggs,Butter / Margarine,Margarine,JASONS,1,0,0.0,0.0,29,0.0,,,1.0,99.32088285229203
2024-02,category3,Dairy / Soy products / Eggs,Butter / Margarine,Margarine,PARKNSHOP,4,0,0.0,0.0,29,0.0,,,2.0,101.3251155624037
2024-02,category3,Dairy / Soy products / Eggs,Butter / Margarine,Margarine,WELLCOME,2,0,0.0,0.0,29,0.0,,,2.0,98.92141756548536
2024-02,category3,Dairy / Soy products / Eggs,Cheese / Yoghurt products,Cheese slices / Shredded cheese / Hard cheese,JASONS,18,11,0.6111111111111112,9.666666666666666,29,0.3333333333333333,0.346668026291024,0.29347826086956524,18.0,100.2774428721543
2024-02,category3,Dairy / Soy products / Eggs,Cheese / Yoghurt products,Cheese slices / Shredded cheese / Hard cheese,PARKNSHOP,14,9,0.6428571428571429,9.428571428571429,29,0.3251231527093596,0.3381955478686166,0.3091684434968017,14.0,99.73354151618446
2024-02,category3,Dairy / Soy products / Eggs,Cheese / Yoghurt products,Cheese slices / Shredded cheese / Hard cheese,WELLCOME,18,11,0.6111111111111112,9.666666666666666,29,0.3333333333333333,0.346668026291024,0.29347826086956524,18.0,99.92274592563612
2024-02,category3,Dairy / Soy products / Eggs,Cheese / Yoghurt products,Cheese spreads / Cheese snacks,JASONS,3,3,1.0,10.0,29,0.3448275862068966,0.3415046625572941,0.3333333333333333,3.0,98.68682539064024
2024-02,category3,Dairy / Soy products / Eggs,Cheese / Yoghurt products,Cheese spreads / Cheese snacks,PARKNSHOP,4,3,0.75,16.75,29,0.5775862068965517,0.32549853074852236,0.25974025974025977,2.0,103.51449922211738
2024-02,category3,Dairy / Soy products / Eggs,Cheese / Yoghurt products,Cheese spreads / Cheese snacks,WELLCOME,3,3,1.0,10.0,29,0.3448275862068966,0.3398048048048048,0.3333333333333333,3.0,98.62837548221174
2024-02,category3,Dairy / Soy products / Eggs,Cheese / Yoghurt products,Yoghurt,JASONS,13,9,0.6923076923076923,15.846153846153847,29,0.5464190981432361,0.29863771529627514,0.2631578947368421,13.0,99.69257337516902
2024-02,category3,Dairy / Soy products / Eggs,Cheese / Yoghurt products,Yoghurt,PARKNSHOP,14,9,0.6428571428571429,16.0,29,0.5517241379310345,0.30328212465905324,0.27368421052631575,13.0,100.61498738783882
2024-02,category3,Dairy / Soy products / Eggs,Cheese / Yoghurt products,Yoghurt,WELLCOME,13,9,0.6923076923076923,16.76923076923077,29,0.5782493368700266,0.2971522169596963,0.2631578947368421,13.0,99.6924392369922
2024-02,category3,Dairy / Soy products / Eggs,Cheese / Yoghurt products,Yoghurt drinks / Lactic drinks,JASONS,3,2,0.6666666666666666,11.333333333333334,29,0.39080459770114945,0.1721063041153288,0.16980309711824426,3.0,100.90654003885173
2024-02,category3,Dairy / Soy products / Eggs,Cheese / Yoghurt products,Yoghurt drinks / Lactic drinks,PARKNSHOP,3,1,0.3333333333333333,9.0,29,0.3103448275862069,0.23758944129314502,0.25,3.0,98.18691992229658
2024-02,category3,Dairy / Soy products / Eggs,Cheese / Yoghurt products,Yoghurt drinks / Lactic drinks,WELLCOME,3,2,0.6666666666666666,11.333333333333334,29,0.39080459770114945,0.16980309711824426,0.16980309711824426,3.0,100.90654003885173
2024-02,category3,Dairy / Soy products / Eggs,Cheese / Yoghurt products,Yoghurt flavour drinks,JASONS,1,0,0.0,0.0,29,0.0,,,1.0,101.13261393025952
2024-02,category3,Dairy / Soy products / Eggs,Cheese / Yoghurt products,Yoghurt flavour drinks,PARKNSHOP,1,0,0.0,0.0,29,0.0,,,1.0,97.73477213948097
2024-02,category3,Dairy / Soy products / Eggs,Cheese / Yoghurt products,Yoghurt flavour drinks,WELLCOME,1,0,0.0,0.0,29,0.0,,,1.0,101.13261393025952
2024-02,category3,Dairy / Soy products / Eggs,Cream,Whipping cream,JASONS,3,2,0.6666666666666666,14.666666666666666,29,0.5057471264367815,0.3002295727136432,0.28328804347826086,3.0,100.31857043370032
2024-02,category3,Dairy / Soy products / Eggs,Cream,Whipping cream,PARKNSHOP,3,3,1.0,15.333333333333334,29,0.5287356321839081,0.2569092578371071,0.25903614457831325,3.0,104.519254989702
2024-02,category3,Dairy / Soy products / Eggs,Cream,Whipping cream,WELLCOME,3,2,0.6666666666666666,14.666666666666666,29,0.5057471264367815,0.3002295727136432,0.28328804347826086,3.0,95.16217457659766
2024-02,category3,Dairy / Soy products / Eggs,Eggs,Chicken eggs,JASONS,5,5,1.0,11.8,29,0.40689655172413797,0.30563822031310417,0.2702702702702703,5.0,98.70322066939401
2024-02,category3,Dairy / Soy products / Eggs,Eggs,Chicken eggs,PARKNSHOP,9,6,0.6666666666666666,8.444444444444445,29,0.29118773946360155,0.2887487561378205,0.2890208154169094,4.0,103.32476857555173
2024-02,category3,Dairy / Soy products / Eggs,Eggs,Chicken eggs,WELLCOME,5,5,1.0,11.8,29,0.40689655172413797,0.300682607238748,0.2702702702702703,5.0,98.70322066939401
2024-02,category3,Dairy / Soy products / Eggs,Frozen confections,Ice cream,JASONS,7,6,0.8571428571428571,3.7142857142857144,29,0.12807881773399016,0.3367209681304453,0.33707865168539325,7.0,98.34500361866364
2024-02,category3,Dairy / Soy products / Eggs,Frozen confections,Ice cream,PARKNSHOP,7,1,0.14285714285714285,1.0,29,0.034482758620689655,0.340567612687813,0.340567612687813,7.0,103.87710698687465
2024-02,category3,Dairy / Soy products / Eggs,Frozen confections,Ice cream,WELLCOME,7,6,0.8571428571428571,3.7142857142857144,29,0.12807881773399016,0.33300900460581445,0.33707865168539325,7.0,97.77788939446175
2024-02,category3,Dairy / Soy products / Eggs,Frozen confections,Ice cream bars / Ice sticks / Ice cream cones,JASONS,7,7,1.0,16.428571428571427,29,0.5665024630541872,0.3015425485700439,0.2666666666666667,7.0,95.95227009801344
2024-02,category3,Dairy / Soy products / Eggs,Frozen confections,Ice cream bars / Ice sticks / Ice cream cones,PARKNSHOP,7,1,0.14285714285714285,1.2857142857142858,29,0.04433497536945813,0.4680472055221554,0.45891783567134264,7.0,108.35166333384845
2024-02,category3,Dairy / Soy products / Eggs,Frozen confections,Ice cream bars / Ice sticks / Ice cream cones,WELLCOME,7,7,1.0,16.714285714285715,29,0.5763546798029557,0.2973307485710269,0.2666666666666667,7.0,95.69606656813815
2024-02,category3,Dairy / Soy products / Eggs,Milk / Milk drinks,Chilled fresh milk/milk drinks,JASONS,22,19,0.8636363636363636,19.454545454545453,29,0.670846394984326,0.3016384945112533,0.3333333333333333,22.0,100.09016074664736
2024-02,category3,Dairy / Soy products / Eggs,Milk / Milk drinks,Chilled fresh milk/milk drinks,PARKNSHOP,22,18,0.8181818181818182,15.590909090909092,29,0.5376175548589341,0.1606745376532157,0.16045197740112993,18.0,100.95853758408234
2024-02,category3,Dairy / Soy products / Eggs,Milk / Milk drinks,Chilled fresh milk/milk drinks,WELLCOME,21,18,0.8571428571428571,19.80952380952381,29,0.6830870279146142,0.3013683400448046,0.32426470588235295,21.0,99.00042475656711
2024-02,category3,Dairy / Soy products / Eggs,Milk / Milk drinks,Evaporated milk,DCHFOOD,3,0,0.0,0.0,29,0.0,,,3.0,104.32004911435877
2024-02,category3,Dairy / Soy products / Eggs,Milk / Milk drinks,Evaporated milk,JASONS,5,4,0.8,8.0,29,0.27586206896551724,0.05008417508417509,0.15151515151515152,5.0,100.40402039240277
2024-02,category3,Dairy / Soy products / Eggs,Milk / Milk drinks,Evaporated milk,PARKNSHOP,5,4,0.8,9.6,29,0.3310344827586207,0.18593507555170555,0.17455621301775145,5.0,98.11896337657568
2024-02,category3,Dairy / Soy products / Eggs,Milk / Milk drinks,Evaporated milk,WATSONS,1,0,0.0,0.0,29,0.0,,,1.0,96.04557196794065
2024-02,category3,Dairy / Soy products / Eggs,Milk / Milk drinks,Evaporated milk,WELLCOME,5,4,0.8,8.0,29,0.27586206896551724,0.04768270944741532,0.15151515151515152,5.0,99.56732022246608
2024-02,category3,Dairy / Soy products / Eggs,Milk / Milk drinks,Sweetened condensed milk,DCHFOOD,2,0,0.0,0.0,29,0.0,,,2.0,101.96554123223433
2024-02,category3,Dairy / Soy products / Eggs,Milk / Milk drinks,Sweetened condensed milk,JASONS,5,3,0.6,7.4,29,0.25517241379310346,0.2272342995169082,0.2222222222222222,5.0,98.35075918511625
2024-02,category3,Dairy / Soy products / Eggs,Milk / Milk drinks,Sweetened condensed milk,PARKNSHOP,5,3,0.6,5.6,29,0.19310344827586207,0.23796307240587833,0.2630434782608696,5.0,103.01208755522799
2024-02,category3,Dairy / Soy products / Eggs,Milk / Milk drinks,Sweetened condensed milk,WELLCOME,5,3,0.6,7.4,29,0.25517241379310346,0.2272342995169082,0.2222222222222222,5.0,98.10305992833571
2024-02,category3,Dairy / Soy products / Eggs,Milk / Milk drinks,UHT milk/milk drinks,AEON,1,0,0.0,0.0,29,0.0,,,1.0,107.56870400961105
2024-02,category3,Dairy / Soy products / Eggs,Milk / Milk drinks,UHT milk/milk drinks,DCHFOOD,3,0,0.0,0.0,29,0.0,,,3.0,93.76202817479665
2024-02,category3,Dairy / Soy products / Eggs,Milk / Milk drinks,UHT milk/milk drinks,JASONS,28,21,0.75,11.607142857142858,29,0.40024630541871925,0.3002696051424746,0.3333333333333333,28.0,99.39012234719081
2024-02,category3,Dairy / Soy products / Eggs,Milk / Milk drinks,UHT milk/milk drinks,PARKNSHOP,36,32,0.8888888888888888,12.416666666666666,29,0.4281609195402299,0.3016255310486051,0.25104620090418645,27.0,102.32491912328081
2024-02,category3,Dairy / Soy products / Eggs,Milk / Milk drinks,UHT milk/milk drinks,WELLCOME,28,20,0.7142857142857143,11.214285714285714,29,0.38669950738916253,0.2998921489643978,0.3383084577114428,28.0,99.11983718795572
2024-02,category3,Dairy / Soy products / Eggs,Soy drinks / Instant Soy Milk,Chilled fresh soy milk,JASONS,10,7,0.7,17.2,29,0.593103448275862,0.20216166089605755,0.16129032258064516,10.0,100.87536721804689
2024-02,category3,Dairy / Soy products / Eggs,Soy drinks / Instant Soy Milk,Chilled fresh soy milk,PARKNSHOP,10,6,0.6,12.4,29,0.42758620689655175,0.2142275839153788,0.21428571428571427,9.0,99.09028118033592
2024-02,category3,Dairy / Soy products / Eggs,Soy drinks / Instant Soy Milk,Chilled fresh soy milk,WELLCOME,10,7,0.7,18.7,29,0.6448275862068965,0.20082796675213427,0.16129032258064516,10.0,99.99032385194738
2024-02,category3,Dairy / Soy products / Eggs,Soy drinks / Instant Soy Milk,Instant soy milk,JASONS,2,2,1.0,14.0,29,0.4827586206896552,0.2612942612942613,0.2638888888888889,2.0,100.72882681112662
2024-02,category3,Dairy / Soy products / Eggs,Soy drinks / Instant Soy Milk,Instant soy milk,PARKNSHOP,2,1,0.5,13.5,29,0.46551724137931033,0.14071065613293274,0.14114832535885166,2.0,98.73781049527332
2024-02,category3,Dairy / Soy products / Eggs,Soy drinks / Instant Soy Milk,Instant soy milk,WELLCOME,2,2,1.0,14.0,29,0.4827586206896552,0.26282051282051283,0.2692307692307692,2.0,100.53336269360007
2024-02,category3,Dairy / Soy products / Eggs,Soy drinks / Instant Soy Milk,Soy milk,JASONS,12,11,0.9166666666666666,14.75,29,0.5086206896551724,0.1899362438578125,0.19047619047619047,12.0,98.45286971929075
2024-02,category3,Dairy / Soy products / Eggs,Soy drinks / Instant Soy Milk,Soy milk,PARKNSHOP,15,14,0.9333333333333333,15.4,29,0.5310344827586208,0.24212838233617884,0.20822649572649574,12.0,101.57368042023506
2024-02,category3,Dairy / Soy products / Eggs,Soy drinks / Instant Soy Milk,Soy milk,WATSONS,5,0,0.0,0.0,29,0.0,,,5.0,103.24333216631305
2024-02,category3,Dairy / Soy products / Eggs,Soy drinks / Instant Soy Milk,Soy milk,WELLCOME,12,11,0.9166666666666666,14.916666666666666,29,0.514367816091954,0.1890119684237331,0.19047619047619047,12.0,98.38683828420068
2024-02,category3,Drinks,Bottled water / Sports drinks /  Energy drinks,Distilled water with minerals,JASONS,1,1,1.0,29.0,29,1.0,0.11894052973513244,0.10869565217391304,1.0,95.59798994974874
2024-02,category3,Drinks,Bottled water / Sports drinks /  Energy drinks,Distilled water with minerals,PARKNSHOP,4,3,0.75,17.0,29,0.5862068965517241,0.21051178507264115,0.23076923076923078,3.0,97.38607843472026
2024-02,category3,Drinks,Bottled water / Sports drinks /  Energy drinks,Distilled water with minerals,WATSONS,3,0,0.0,0.0,29,0.0,,,3.0,106.3529733144389
2024-02,category3,Drinks,Bottled water / Sports drinks /  Energy drinks,Distilled water with minerals,WELLCOME,1,1,1.0,29.0,29,1.0,0.10869565217391304,0.10869565217391304,1.0,95.59798994974874
2024-02,category3,Drinks,Bottled water / Sports drinks /  Energy drinks,Energy drinks,JASONS,8,4,0.5,5.75,29,0.19827586206896552,0.20967771816014338,0.20588235294117646,8.0,100.75619375681542
2024-02,category3,Drinks,Bottled water / Sports drinks /  Energy drinks,Energy drinks,PARKNSHOP,7,3,0.42857142857142855,4.285714285714286,29,0.14778325123152708,0.17173766058147397,0.20588235294117646,7.0,100.05330058051283
2024-02,category3,Drinks,Bottled water / Sports drinks /  Energy drinks,Energy drinks,WELLCOME,8,4,0.5,5.75,29,0.19827586206896552,0.2065126050420168,0.20588235294117646,8.0,99.19692630677824
2024-02,category3,Drinks,Bottled water / Sports drinks /  Energy drinks,Mineral water / Spring water / Artesian water,JASONS,11,8,0.7272727272727273,12.454545454545455,29,0.42946708463949845,0.24023584983730648,0.2111111111111111,11.0,97.71785624493253
2024-02,category3,Drinks,Bottled water / Sports drinks /  Energy drinks,Mineral water / Spring water / Artesian water,PARKNSHOP,12,6,0.5,3.0,29,0.10344827586206896,0.13026130191289767,0.12882653061224492,10.0,105.66318097259992
2024-02,category3,Drinks,Bottled water / Sports drinks /  Energy drinks,Mineral water / Spring water / Artesian water,WELLCOME,11,8,0.7272727272727273,12.454545454545455,29,0.42946708463949845,0.2385135785342506,0.2111111111111111,11.0,97.04982199854946
2024-02,category3,Drinks,Bottled water / Sports drinks /  Energy drinks,Mineralized water,JASONS,5,3,0.6,6.2,29,0.21379310344827587,0.3024462310176596,0.2857142857142857,5.0,101.04667162492123
2024-02,category3,Drinks,Bottled water / Sports drinks /  Energy drinks,Mineralized water,PARKNSHOP,4,3,0.75,14.5,29,0.5,0.16363636363636364,0.16666666666666666,1.0,94.37078102474308
2024-02,category3,Drinks,Bottled water / Sports drinks /  Energy drinks,Mineralized water,WELLCOME,5,3,0.6,6.2,29,0.21379310344827587,0.28138528138528135,0.2727272727272727,5.0,99.66522000917837
2024-02,category3,Drinks,Bottled water / Sports drinks /  Energy drinks,Pure distilled water,JASONS,7,4,0.5714285714285714,14.714285714285714,29,0.5073891625615763,0.18408756190086775,0.19375,7.0,97.11358566094633
2024-02,category3,Drinks,Bottled water / Sports drinks /  Energy drinks,Pure distilled water,PARKNSHOP,6,4,0.6666666666666666,13.833333333333334,29,0.4770114942528736,0.20788383880448086,0.2153846153846154,5.0,99.58711298100037
2024-02,category3,Drinks,Bottled water / Sports drinks /  Energy drinks,Pure distilled water,WATSONS,3,0,0.0,0.0,29,0.0,,,3.0,107.05852023717452
2024-02,category3,Drinks,Bottled water / Sports drinks /  Energy drinks,Pure distilled water,WELLCOME,7,4,0.5714285714285714,14.714285714285714,29,0.5073891625615763,0.16284316591704148,0.16667083333333332,7.0,96.98944574881008
2024-02,category3,Drinks,Bottled water / Sports drinks /  Energy drinks,Sports drinks,DCHFOOD,2,0,0.0,0.0,29,0.0,,,2.0,86.72498886566493
2024-02,category3,Drinks,Bottled water / Sports drinks /  Energy drinks,Sports drinks,JASONS,9,3,0.3333333333333333,1.1111111111111112,29,0.03831417624521073,0.26111083333333335,0.35,9.0,103.0017588465566
2024-02,category3,Drinks,Bottled water / Sports drinks /  Energy drinks,Sports drinks,PARKNSHOP,10,5,0.5,7.8,29,0.2689655172413793,0.20433571429245073,0.18036529680365296,9.0,99.21898181515175
2024-02,category3,Drinks,Bottled water / Sports drinks /  Energy drinks,Sports drinks,WATSONS,1,0,0.0,0.0,29,0.0,,,1.0,93.17968733359159
2024-02,category3,Drinks,Bottled water / Sports drinks /  Energy drinks,Sports drinks,WELLCOME,9,3,0.3333333333333333,1.1111111111111112,29,0.03831417624521073,0.23830381578947368,0.3157894736842105,9.0,102.64156352584052
2024-02,category3,Drinks,Carbonated drinks,Bottles,JASONS,9,6,0.6666666666666666,10.11111111111111,29,0.3486590038314176,0.12819352302324438,0.09774436090225563,9.0,99.71776327394602
2024-02,category3,Drinks,Carbonated drinks,Bottles,PARKNSHOP,11,7,0.6363636363636364,6.7272727272727275,29,0.23197492163009406,0.2106227106227106,0.16666666666666666,8.0,100.97255240976875
2024-02,category3,Drinks,Carbonated drinks,Bottles,WELLCOME,9,6,0.6666666666666666,10.11111111111111,29,0.3486590038314176,0.11183866529067767,0.07631578947368421,9.0,99.48844593402717
2024-02,category3,Drinks,Carbonated drinks,Canned,DCHFOOD,1,0,0.0,0.0,29,0.0,,,1.0,118.92820527030396
2024-02,category3,Drinks,Carbonated drinks,Canned,JASONS,11,9,0.8181818181818182,15.818181818181818,29,0.5454545454545454,0.25592621726417497,0.34210526315789475,11.0,99.70561929437585
2024-02,category3,Drinks,Carbonated drinks,Canned,PARKNSHOP,12,10,0.8333333333333334,15.833333333333334,29,0.5459770114942529,0.2667911353619158,0.34342105263157896,10.0,99.19352789893371
2024-02,category3,Drinks,Carbonated drinks,Canned,WELLCOME,11,9,0.8181818181818182,15.818181818181818,29,0.5454545454545454,0.26009288393084157,0.34210526315789475,11.0,99.3774791363369
2024-02,category3,Drinks,Cereal drinks / Malted drinks / Chocolate drinks,Cereal drinks / Malted drinks,JASONS,5,2,0.4,3.2,29,0.11034482758620691,0.23076923076923078,0.23076923076923078,5.0,102.13066900220886
2024-02,category3,Drinks,Cereal drinks / Malted drinks / Chocolate drinks,Cereal drinks / Malted drinks,PARKNSHOP,5,2,0.4,2.6,29,0.0896551724137931,0.20400000000000007,0.20400000000000007,5.0,97.52078521840451
2024-02,category3,Drinks,Cereal drinks / Malted drinks / Chocolate drinks,Cereal drinks / Malted drinks,WELLCOME,5,2,0.4,5.6,29,0.19310344827586207,0.23076923076923078,0.23076923076923078,5.0,100.34854577938661
2024-02,category3,Drinks,Coffee / Tea bags / Milk tea / Yuan yang,Chinese tea bags,JASONS,6,5,0.8333333333333334,10.333333333333334,29,0.3563218390804598,0.22044835164835166,0.21,6.0,102.29646057822089
2024-02,category3,Drinks,Coffee / Tea bags / Milk tea / Yuan yang,Chinese tea bags,PARKNSHOP,10,10,1.0,18.3,29,0.6310344827586207,0.15100933295611893,0.10000000000000003,6.0,96.0269368975596
2024-02,category3,Drinks,Coffee / Tea bags / Milk tea / Yuan yang,Chinese tea bags,WELLCOME,6,5,0.8333333333333334,10.333333333333334,29,0.3563218390804598,0.22028571428571428,0.21,6.0,101.67660252421955
2024-02,category3,Drinks,Coffee / Tea bags / Milk tea / Yuan yang,Coffee drinks,PARKNSHOP,2,2,1.0,24.0,29,0.8275862068965517,0.2353873552853145,0.22049089906232766,,
2024-02,category3,Drinks,Coffee / Tea bags / Milk tea / Yuan yang,Instant coffee,JASONS,17,7,0.4117647058823529,6.823529411764706,29,0.23529411764705882,0.3179485586102658,0.375,17.0,101.44557948141195
2024-02,category3,Drinks,Coffee / Tea bags / Milk tea / Yuan yang,Instant coffee,PARKNSHOP,19,19,1.0,17.05263157894737,29,0.5880217785843921,0.1503738575294488,0.10000000000000005,17.0,98.60259129566373
2024-02,category3,Drinks,Coffee / Tea bags / Milk tea / Yuan yang,Instant coffee,WELLCOME,16,6,0.375,6.875,29,0.23706896551724138,0.30476059988179033,0.32565789473684215,16.0,99.94939568327116
2024-02,category3,Drinks,Coffee / Tea bags / Milk tea / Yuan yang,Instant milk tea,JASONS,4,4,1.0,14.25,29,0.49137931034482757,0.23801802330127456,0.2801724137931034,4.0,100.08936389745391
2024-02,category3,Drinks,Coffee / Tea bags / Milk tea / Yuan yang,Instant milk tea,PARKNSHOP,5,5,1.0,20.8,29,0.7172413793103448,0.12164067894240922,0.09999999999999991,4.0,100.70449639499459
2024-02,category3,Drinks,Coffee / Tea bags / Milk tea / Yuan yang,Instant milk tea,WELLCOME,4,4,1.0,16.0,29,0.5517241379310345,0.24224137931034484,0.2801724137931034,4.0,99.20613970755153
2024-02,category3,Drinks,Coffee / Tea bags / Milk tea / Yuan yang,Milk tea drinks,JASONS,3,2,0.6666666666666666,13.333333333333334,29,0.45977011494252873,0.27729779411764705,0.29411764705882354,3.0,100.48834753752169
2024-02,category3,Drinks,Coffee / Tea bags / Milk tea / Yuan yang,Milk tea drinks,PARKNSHOP,3,2,0.6666666666666666,15.333333333333334,29,0.5287356321839081,0.24551630434782612,0.22031250000000002,3.0,99.70208914699448
2024-02,category3,Drinks,Coffee / Tea bags / Milk tea / Yuan yang,Milk tea drinks,WELLCOME,3,2,0.6666666666666666,13.333333333333334,29,0.45977011494252873,0.2640625,0.25,3.0,99.80956331548384
2024-02,category3,Drinks,Coffee / Tea bags / Milk tea / Yuan yang,Western tea bags,JASONS,4,3,0.75,9.0,29,0.3103448275862069,0.25289474414474417,0.21,4.0,101.53371929717605
2024-02,category3,Drinks,Coffee / Tea bags / Milk tea / Yuan yang,Western tea bags,PARKNSHOP,5,5,1.0,19.4,29,0.6689655172413793,0.13518796992481205,0.1,4.0,97.77566465010844
2024-02,category3,Drinks,Coffee / Tea bags / Milk tea / Yuan yang,Western tea bags,WELLCOME,4,3,0.75,9.0,29,0.3103448275862069,0.2511868686868687,0.21,4.0,100.69061605271553
2024-02,category3,Drinks,Fruit Juices / Cordials,Ambient juices/juice drinks,JASONS,14,6,0.42857142857142855,6.857142857142857,29,0.23645320197044334,0.18731474040927976,0.16666666666666666,14.0,101.83009105387588
2024-02,category3,Drinks,Fruit Juices / Cordials,Ambient juices/juice drinks,PARKNSHOP,15,8,0.5333333333333333,8.266666666666667,29,0.28505747126436787,0.13834939104042582,0.12321428571428573,13.0,97.62138830941936
2024-02,category3,Drinks,Fruit Juices / Cordials,Ambient juices/juice drinks,WATSONS,1,1,1.0,29.0,29,1.0,0.31999999999999995,0.32,1.0,91.66976571216065
2024-02,category3,Drinks,Fruit Juices / Cordials,Ambient juices/juice drinks,WELLCOME,14,6,0.42857142857142855,6.714285714285714,29,0.2315270935960591,0.18449681202465176,0.16666666666666666,14.0,100.60566514749245
2024-02,category3,Drinks,Fruit Juices / Cordials,Chilled juices/juice drinks,JASONS,4,4,1.0,18.75,29,0.646551724137931,0.2785416666666667,0.25,4.0,99.68163001522827
2024-02,category3,Drinks,Fruit Juices / Cordials,Chilled juices/juice drinks,PARKNSHOP,3,3,1.0,9.666666666666666,29,0.3333333333333333,0.17858253189201312,0.1111111111111111,2.0,101.67527430965903
2024-02,category3,Drinks,Fruit Juices / Cordials,Chilled juices/juice drinks,WELLCOME,4,4,1.0,18.75,29,0.646551724137931,0.2729166666666667,0.25,4.0,99.72176222551126
2024-02,category3,Drinks,Fruit Juices / Cordials,Cordials,JASONS,1,0,0.0,0.0,29,0.0,,,1.0,99.07757013812551
2024-02,category3,Drinks,Fruit Juices / Cordials,Cordials,PARKNSHOP,1,0,0.0,0.0,29,0.0,,,1.0,102.70515700425369
2024-02,category3,Drinks,Fruit Juices / Cordials,Cordials,WELLCOME,1,0,0.0,0.0,29,0.0,,,1.0,98.21727285762081
2024-02,category3,Drinks,Oriental drinks,Green tea,AEON,1,0,0.0,0.0,29,0.0,,,1.0,115.07488477537562
2024-02,category3,Drinks,Oriental drinks,Green tea,DCHFOOD,2,0,0.0,0.0,29,0.0,,,2.0,102.60522871118863
2024-02,category3,Drinks,Oriental drinks,Green tea,JASONS,5,5,1.0,22.8,29,0.7862068965517242,0.22508612592248145,0.17647058823529413,5.0,98.5997288464565
2024-02,category3,Drinks,Oriental drinks,Green tea,PARKNSHOP,5,5,1.0,21.2,29,0.7310344827586207,0.22119795055302535,0.2499999999999999,5.0,98.1748713567141
2024-02,category3,Drinks,Oriental drinks,Green tea,WELLCOME,5,5,1.0,22.8,29,0.7862068965517242,0.22508612592248145,0.17647058823529413,5.0,98.5997288464565
2024-02,category3,Drinks,Oriental drinks,Health drinks,DCHFOOD,3,0,0.0,0.0,29,0.0,,,3.0,142.0172456450913
2024-02,category3,Drinks,Oriental drinks,Health drinks,JASONS,8,8,1.0,19.5,29,0.6724137931034483,0.3462046819635295,0.3333333333333333,8.0,95.10025676937691
2024-02,category3,Drinks,Oriental drinks,Health drinks,PARKNSHOP,6,6,1.0,26.5,29,0.9137931034482759,0.32621085622138996,0.2752808988764045,6.0,97.11075269256933
2024-02,category3,Drinks,Oriental drinks,Health drinks,WELLCOME,8,8,1.0,21.5,29,0.7413793103448276,0.3485136152162014,0.3333333333333333,8.0,93.83408943846719
2024-02,category3,Drinks,Oriental drinks,Honey Citron Tea,JASONS,1,0,0.0,0.0,29,0.0,,,1.0,106.81997322153902
2024-02,category3,Drinks,Oriental drinks,Honey Citron Tea,PARKNSHOP,2,2,1.0,13.5,29,0.46551724137931033,0.10000000000000006,0.10000000000000007,1.0,87.32620368215916
2024-02,category3,Drinks,Oriental drinks,Honey Citron Tea,WELLCOME,1,0,0.0,0.0,29,0.0,,,1.0,105.85382309630182
2024-02,category3,Drinks,Oriental drinks,Juices,PARKNSHOP,1,1,1.0,14.0,29,0.4827586206896552,0.24999999999999994,0.24999999999999994,,
2024-02,category3,Drinks,Oriental drinks,Lemon tea,AEON,1,0,0.0,0.0,29,0.0,,,1.0,119.20206269507396
2024-02,category3,Drinks,Oriental drinks,Lemon tea,JASONS,5,4,0.8,15.4,29,0.5310344827586208,0.2955803334092808,0.375,5.0,97.45784675249193
2024-02,category3,Drinks,Oriental drinks,Lemon tea,PARKNSHOP,6,6,1.0,17.666666666666668,29,0.6091954022988506,0.24133472786439278,0.25000000000000006,5.0,99.8250700004247
2024-02,category3,Drinks,Oriental drinks,Lemon tea,WATSONS,1,0,0.0,0.0,29,0.0,,,1.0,108.12589099681982
2024-02,category3,Drinks,Oriental drinks,Lemon tea,WELLCOME,5,4,0.8,17.0,29,0.5862068965517241,0.29811685938330673,0.375,5.0,96.51882278229992
2024-02,category3,Drinks,Oriental drinks,Tea,JASONS,6,6,1.0,17.5,29,0.603448275862069,0.2804103017344551,0.25427350427350426,6.0,100.258499804266
2024-02,category3,Drinks,Oriental drinks,Tea,PARKNSHOP,5,5,1.0,20.4,29,0.7034482758620689,0.23688465077127868,0.25,5.0,99.71079949924771
2024-02,category3,Drinks,Oriental drinks,Tea,WELLCOME,6,6,1.0,18.833333333333332,29,0.6494252873563218,0.28323825283826826,0.25427350427350426,6.0,100.00500659684725
2024-02,category3,Household / Pet food and care,Batteries,AA batteries,JASONS,5,0,0.0,0.0,29,0.0,,,5.0,95.83783282697156
2024-02,category3,Household / Pet food and care,Batteries,AA batteries,PARKNSHOP,5,0,0.0,0.0,29,0.0,,,5.0,106.76830474325693
2024-02,category3,Household / Pet food and care,Batteries,AA batteries,WATSONS,1,0,0.0,0.0,29,0.0,,,1.0,113.4549299497753
2024-02,category3,Household / Pet food and care,Batteries,AA batteries,WELLCOME,5,0,0.0,0.0,29,0.0,,,5.0,95.50231228484617
2024-02,category3,Household / Pet food and care,Batteries,AAA batteries,JASONS,5,0,0.0,0.0,29,0.0,,,5.0,96.26787172204678
2024-02,category3,Household / Pet food and care,Batteries,AAA batteries,PARKNSHOP,6,0,0.0,0.0,29,0.0,,,5.0,102.62344590319425
2024-02,category3,Household / Pet food and care,Batteries,AAA batteries,WATSONS,2,0,0.0,0.0,29,0.0,,,2.0,113.8907869222074
2024-02,category3,Household / Pet food and care,Batteries,AAA batteries,WELLCOME,5,0,0.0,0.0,29,0.0,,,5.0,96.12566266230472
2024-02,category3,Household / Pet food and care,Dehumidfiers / Mold prevention,Dehumidifiers - tank,JASONS,3,1,0.3333333333333333,2.3333333333333335,29,0.08045977011494253,0.16666666666666666,0.16666666666666666,3.0,102.36109384362233
2024-02,category3,Household / Pet food and care,Dehumidfiers / Mold prevention,Dehumidifiers - tank,PARKNSHOP,4,3,0.75,2.0,29,0.06896551724137931,0.09999999999999999,0.10000000000000005,2.0,99.50219732566484
2024-02,category3,Household / Pet food and care,Dehumidfiers / Mold prevention,Dehumidifiers - tank,WATSONS,1,0,0.0,0.0,29,0.0,,,1.0,93.33836826922595
2024-02,category3,Household / Pet food and care,Dehumidfiers / Mold prevention,Dehumidifiers - tank,WELLCOME,3,1,0.3333333333333333,2.3333333333333335,29,0.08045977011494253,0.16666666666666666,0.16666666666666666,3.0,100.88404185539164
2024-02,category3,Household / Pet food and care,Dehumidfiers / Mold prevention,Dehumidifying bags,JASONS,2,0,0.0,0.0,29,0.0,,,2.0,101.65129533925779
2024-02,category3,Household / Pet food and care,Dehumidfiers / Mold prevention,Dehumidifying bags,PARKNSHOP,3,3,1.0,9.666666666666666,29,0.3333333333333333,0.15376848850638952,0.10000000000000013,2.0,97.79155860254014
2024-02,category3,Household / Pet food and care,Dehumidfiers / Mold prevention,Dehumidifying bags,WELLCOME,2,0,0.0,0.0,29,0.0,,,2.0,100.55714605820208
2024-02,category3,Household / Pet food and care,Electrical products,Compact fluorescent lamps / Energy saving lamps,PARKNSHOP,2,0,0.0,0.0,29,0.0,,,,
2024-02,category3,Household / Pet food and care,Household cleaning,Air Conditioner Cleaner,JASONS,1,0,0.0,0.0,29,0.0,,,1.0,100.52483598875351
2024-02,category3,Household / Pet food and care,Household cleaning,Air Conditioner Cleaner,PARKNSHOP,2,2,1.0,13.0,29,0.4482758620689655,0.3,0.3,,
2024-02,category3,Household / Pet food and care,Household cleaning,Air Conditioner Cleaner,WELLCOME,1,0,0.0,0.0,29,0.0,,,1.0,99.47516401124649
2024-02,category3,Household / Pet food and care,Household cleaning,Bathroom cleaners,JASONS,2,1,0.5,7.0,29,0.2413793103448276,0.10399159663865545,0.09375,2.0,99.12350628188007
2024-02,category3,Household / Pet food and care,Household cleaning,Bathroom cleaners,PARKNSHOP,4,4,1.0,5.5,29,0.1896551724137931,0.09060796645702307,0.09999999999999996,3.0,98.66414999059953
2024-02,category3,Household / Pet food and care,Household cleaning,Bathroom cleaners,WATSONS,2,0,0.0,0.0,29,0.0,,,2.0,104.04847102269115
2024-02,category3,Household / Pet food and care,Household cleaning,Bathroom cleaners,WELLCOME,2,1,0.5,7.0,29,0.2413793103448276,0.09375,0.09375,2.0,98.02049724101097
2024-02,category3,Household / Pet food and care,Household cleaning,Bleach,JASONS,5,4,0.8,9.6,29,0.3310344827586207,0.2054159853582408,0.21859903381642512,5.0,98.32410349523374
2024-02,category3,Household / Pet food and care,Household cleaning,Bleach,PARKNSHOP,8,7,0.875,6.625,29,0.22844827586206898,-0.03282991204919621,0.06562500000000004,7.0,103.32990044627533
2024-02,category3,Household / Pet food and care,Household cleaning,Bleach,WATSONS,2,0,0.0,0.0,29,0.0,,,2.0,97.85575048732943
2024-02,category3,Household / Pet food and care,Household cleaning,Bleach,WELLCOME,7,5,0.7142857142857143,7.142857142857143,29,0.24630541871921183,0.1660701726342711,0.06562500000000004,7.0,98.44661860624785
2024-02,category3,Household / Pet food and care,Household cleaning,Dishwashing liquid,AEON,2,0,0.0,0.0,29,0.0,,,2.0,97.33970638699236
2024-02,category3,Household / Pet food and care,Household cleaning,Dishwashing liquid,JASONS,11,6,0.5454545454545454,11.727272727272727,29,0.4043887147335423,0.14609846491981018,0.12760919984538072,10.0,98.88551642175912
2024-02,category3,Household / Pet food and care,Household cleaning,Dishwashing liquid,PARKNSHOP,9,9,1.0,7.222222222222222,29,0.24904214559386972,0.1250992033722429,0.1,7.0,101.72452714427918
2024-02,category3,Household / Pet food and care,Household cleaning,Dishwashing liquid,WATSONS,1,0,0.0,0.0,29,0.0,,,1.0,125.77942959182931
2024-02,category3,Household / Pet food and care,Household cleaning,Dishwashing liquid,WELLCOME,11,6,0.5454545454545454,11.727272727272727,29,0.4043887147335423,0.1488914394004915,0.12760919984538072,10.0,98.44815995375626
2024-02,category3,Household / Pet food and care,Household cleaning,Disinfectants,JASONS,2,1,0.5,8.0,29,0.27586206896551724,0.1793879724462975,0.1793879724462975,2.0,102.02844915128726
2024-02,category3,Household / Pet food and care,Household cleaning,Disinfectants,PARKNSHOP,2,2,1.0,9.5,29,0.3275862068965517,0.11943374422187987,0.11895223420647155,2.0,101.91586570943205
2024-02,category3,Household / Pet food and care,Household cleaning,Disinfectants,WATSONS,2,1,0.5,8.0,29,0.27586206896551724,0.11212823175788272,0.07470288624787774,2.0,94.02723598799346
2024-02,category3,Household / Pet food and care,Household cleaning,Disinfectants,WELLCOME,2,1,0.5,8.0,29,0.27586206896551724,0.16024653312788914,0.16024653312788914,2.0,102.02844915128726
2024-02,category3,Household / Pet food and care,Household cleaning,Drain cleaners,JASONS,2,0,0.0,0.0,29,0.0,,,2.0,100.50756975434791
2024-02,category3,Household / Pet food and care,Household cleaning,Drain cleaners,PARKNSHOP,4,4,1.0,6.25,29,0.21551724137931033,0.10996597421203441,0.10000000000000006,3.0,98.2320650161436
2024-02,category3,Household / Pet food and care,Household cleaning,Drain cleaners,WATSONS,1,0,0.0,0.0,29,0.0,,,1.0,104.6584974923737
2024-02,category3,Household / Pet food and care,Household cleaning,Drain cleaners,WELLCOME,2,0,0.0,0.0,29,0.0,,,2.0,99.51161529799391
2024-02,category3,Household / Pet food and care,Household cleaning,Furniture polish,JASONS,1,0,0.0,0.0,29,0.0,,,1.0,99.42712884746092
2024-02,category3,Household / Pet food and care,Household cleaning,Furniture polish,PARKNSHOP,1,1,1.0,3.0,29,0.10344827586206896,0.10000000000000002,0.1,1.0,98.76687056995824
2024-02,category3,Household / Pet food and care,Household cleaning,Furniture polish,WATSONS,1,0,0.0,0.0,29,0.0,,,1.0,103.62171084571317
2024-02,category3,Household / Pet food and care,Household cleaning,Furniture polish,WELLCOME,1,0,0.0,0.0,29,0.0,,,1.0,98.18428973686764
2024-02,category3,Household / Pet food and care,Household cleaning,General cleaners,JASONS,4,4,1.0,24.25,29,0.8362068965517241,0.2529556467310017,0.21029411764705883,4.0,95.60824202951216
2024-02,category3,Household / Pet food and care,Household cleaning,General cleaners,PARKNSHOP,4,4,1.0,14.0,29,0.4827586206896552,0.265547426707627,0.2546666666666667,4.0,108.08523529738949
2024-02,category3,Household / Pet food and care,Household cleaning,General cleaners,WATSONS,1,1,1.0,27.0,29,0.9310344827586207,0.31525054466230934,0.44411764705882356,1.0,103.72111018810384
2024-02,category3,Household / Pet food and care,Household cleaning,General cleaners,WELLCOME,4,4,1.0,23.5,29,0.8103448275862069,0.25192467269039276,0.21363636363636362,4.0,95.89327009592688
2024-02,category3,Household / Pet food and care,Household cleaning,Glass cleaners,JASONS,3,1,0.3333333333333333,4.333333333333333,29,0.14942528735632182,0.10477941176470587,0.09375,3.0,99.2431229150935
2024-02,category3,Household / Pet food and care,Household cleaning,Glass cleaners,PARKNSHOP,3,3,1.0,7.0,29,0.2413793103448276,0.08747728860936409,0.09999999999999992,3.0,101.83197202825738
2024-02,category3,Household / Pet food and care,Household cleaning,Glass cleaners,WATSONS,1,0,0.0,0.0,29,0.0,,,1.0,101.04043105448146
2024-02,category3,Household / Pet food and care,Household cleaning,Glass cleaners,WELLCOME,3,1,0.3333333333333333,4.333333333333333,29,0.14942528735632182,0.09375,0.09375,3.0,98.56375459306163
2024-02,category3,Household / Pet food and care,Household cleaning,Gloves,JASONS,5,4,0.8,9.2,29,0.3172413793103448,0.18422475135420183,0.17001422475106687,5.0,98.86961030149854
2024-02,category3,Household / Pet food and care,Household cleaning,Gloves,PARKNSHOP,5,4,0.8,11.6,29,0.39999999999999997,0.18820270925417987,0.17483108108108109,5.0,100.09882680431423
2024-02,category3,Household / Pet food and care,Household cleaning,Gloves,WELLCOME,5,3,0.6,9.6,29,0.3310344827586207,0.18656859833330422,0.16216216216216217,5.0,101.03156289418729
2024-02,category3,Household / Pet food and care,Household cleaning,Kitchen cleaners,JASONS,2,0,0.0,0.0,29,0.0,,,2.0,101.3193130266527
2024-02,category3,Household / Pet food and care,Household cleaning,Kitchen cleaners,PARKNSHOP,2,2,1.0,3.0,29,0.10344827586206896,0.09999999999999992,0.09999999999999992,2.0,98.60589088025495
2024-02,category3,Household / Pet food and care,Household cleaning,Kitchen cleaners,WELLCOME,2,0,0.0,0.0,29,0.0,,,2.0,100.07479609309237
2024-02,category3,Household / Pet food and care,Household cleaning,Mops,JASONS,4,2,0.5,8.0,29,0.27586206896551724,0.1621587591751462,0.1621587591751462,4.0,99.04395383702845
2024-02,category3,Household / Pet food and care,Household cleaning,Mops,PARKNSHOP,4,2,0.5,8.0,29,0.27586206896551724,0.17173075667558924,0.17173075667558924,4.0,102.8088234607283
2024-02,category3,Household / Pet food and care,Household cleaning,Mops,WELLCOME,4,2,0.5,8.0,29,0.27586206896551724,0.16811386041653065,0.16811386041653065,4.0,98.14722270224323
2024-02,category3,Household / Pet food and care,Household cleaning,Scourers / Sponges,JASONS,2,2,1.0,16.0,29,0.5517241379310345,0.2312683486238532,0.2312683486238532,2.0,99.56684912751749
2024-02,category3,Household / Pet food and care,Household cleaning,Scourers / Sponges,PARKNSHOP,2,2,1.0,15.5,29,0.5344827586206896,0.17597393963568678,0.17431192660550462,2.0,102.04163900668223
2024-02,category3,Household / Pet food and care,Household cleaning,Scourers / Sponges,WELLCOME,2,2,1.0,16.0,29,0.5517241379310345,0.2125366972477064,0.2125366972477064,2.0,98.39151186580031
2024-02,category3,Household / Pet food and care,Household cleaning,Toilet cleaners,JASONS,5,2,0.4,5.8,29,0.19999999999999998,0.23231456043956045,0.23231456043956045,5.0,98.4061580767171
2024-02,category3,Household / Pet food and care,Household cleaning,Toilet cleaners,PARKNSHOP,6,6,1.0,12.333333333333334,29,0.4252873563218391,0.11319757295316717,0.10769230769230767,4.0,98.51478642148834
2024-02,category3,Household / Pet food and care,Household cleaning,Toilet cleaners,WATSONS,4,0,0.0,0.0,29,0.0,,,4.0,107.98005193481369
2024-02,category3,Household / Pet food and care,Household cleaning,Toilet cleaners,WELLCOME,4,2,0.5,7.25,29,0.25,0.23918269230769232,0.23918269230769232,4.0,96.38331765938712
2024-02,category3,Household / Pet food and care,Insecticides,Insecticides,JASONS,4,1,0.25,3.5,29,0.1206896551724138,0.09117535903250189,0.09259259259259259,4.0,101.23555088864205
2024-02,category3,Household / Pet food and care,Insecticides,Insecticides,PARKNSHOP,5,5,1.0,5.4,29,0.18620689655172415,0.10113686967910936,0.09999999999999999,4.0,98.27868994723688
2024-02,category3,Household / Pet food and care,Insecticides,Insecticides,WELLCOME,4,1,0.25,3.5,29,0.1206896551724138,0.09259259259259259,0.09259259259259259,4.0,100.48575916412108
2024-02,category3,Household / Pet food and care,Insecticides,Mosquito repellent,JASONS,2,0,0.0,0.0,29,0.0,,,2.0,100.52471512667563
2024-02,category3,Household / Pet food and care,Insecticides,Mosquito repellent,PARKNSHOP,3,3,1.0,3.0,29,0.10344827586206896,0.09999999999999998,0.1,2.0,99.93212640152457
2024-02,category3,Household / Pet food and care,Insecticides,Mosquito repellent,WELLCOME,2,0,0.0,0.0,29,0.0,,,2.0,99.54315847179984
2024-02,category3,Household / Pet food and care,Laundry needs,Laundry powder detergents,JASONS,8,0,0.0,0.0,29,0.0,,,8.0,100.34846410286352
2024-02,category3,Household / Pet food and care,Laundry needs,Laundry powder detergents,PARKNSHOP,8,1,0.125,0.625,29,0.021551724137931036,0.1598915989159891,0.1598915989159891,7.0,99.7027146217206
2024-02,category3,Household / Pet food and care,Laundry needs,Laundry powder detergents,WATSONS,2,0,0.0,0.0,29,0.0,,,2.0,99.67388516360705
2024-02,category3,Household / Pet food and care,Laundry needs,Laundry powder detergents,WELLCOME,8,0,0.0,0.0,29,0.0,,,8.0,99.98916736318391
2024-02,category3,Household / Pet food and care,Laundry needs,Liquid laundry detergents,JASONS,8,3,0.375,4.125,29,0.14224137931034483,0.1275482428937959,0.14285714285714285,8.0,100.80126578663653
2024-02,category3,Household / Pet food and care,Laundry needs,Liquid laundry detergents,PARKNSHOP,8,4,0.5,4.875,29,0.16810344827586207,0.1137711642081976,0.11639070353479325,8.0,99.16219540186898
2024-02,category3,Household / Pet food and care,Laundry needs,Liquid laundry detergents,WATSONS,3,0,0.0,0.0,29,0.0,,,2.0,100.17494008554873
2024-02,category3,Household / Pet food and care,Laundry needs,Liquid laundry detergents,WELLCOME,7,3,0.42857142857142855,4.714285714285714,29,0.1625615763546798,0.11503675576902113,0.12406015037593975,7.0,99.97370809137814
2024-02,category3,Household / Pet food and care,Laundry needs,Softeners,JASONS,5,5,1.0,20.8,29,0.7172413793103448,0.19344543811098974,0.21630094043887144,5.0,98.81628650721478
2024-02,category3,Household / Pet food and care,Laundry needs,Softeners,PARKNSHOP,7,7,1.0,15.428571428571429,29,0.5320197044334976,0.1837413431965402,0.1928571428571429,5.0,102.99168202069384
2024-02,category3,Household / Pet food and care,Laundry needs,Softeners,WELLCOME,5,5,1.0,20.8,29,0.7172413793103448,0.1947959904345348,0.21630094043887144,5.0,98.19203147209139
2024-02,category3,Household / Pet food and care,Laundry needs,Stain Removers,JASONS,1,0,0.0,0.0,29,0.0,,,1.0,100.39956411187796
2024-02,category3,Household / Pet food and care,Laundry needs,Stain Removers,PARKNSHOP,1,0,0.0,0.0,29,0.0,,,1.0,100.26637607458531
2024-02,category3,Household / Pet food and care,Laundry needs,Stain Removers,WELLCOME,1,0,0.0,0.0,29,0.0,,,1.0,99.33405981353674
2024-02,category3,Household / Pet food and care,Paper,Bathroom tissues / Toilet tissues / Toilet rolls / Toilet paper,JASONS,11,11,1.0,24.545454545454547,29,0.8463949843260189,0.20101897954860332,0.21052631578947367,11.0,99.81612189680723
2024-02,category3,Household / Pet food and care,Paper,Bathroom tissues / Toilet tissues / Toilet rolls / Toilet paper,PARKNSHOP,13,13,1.0,26.153846153846153,29,0.9018567639257294,0.2059432576416831,0.21184210526315791,6.0,97.24022597125249
2024-02,category3,Household / Pet food and care,Paper,Bathroom tissues / Toilet tissues / Toilet rolls / Toilet paper,WATSONS,2,0,0.0,0.0,29,0.0,,,2.0,108.20674173647483
2024-02,category3,Household / Pet food and care,Paper,Bathroom tissues / Toilet tissues / Toilet rolls / Toilet paper,WELLCOME,11,11,1.0,24.181818181818183,29,0.8338557993730408,0.19449208245437627,0.21052631578947367,11.0,100.09310038281987
2024-02,category3,Household / Pet food and care,Paper,Boxed facial tissues,JASONS,5,4,0.8,23.2,29,0.7999999999999999,0.19794556744616196,0.19444444444444445,5.0,98.01595215151171
2024-02,category3,Household / Pet food and care,Paper,Boxed facial tissues,PARKNSHOP,8,7,0.875,23.375,29,0.8060344827586207,0.27492618633840454,0.2542372881355932,5.0,99.54308241325352
2024-02,category3,Household / Pet food and care,Paper,Boxed facial tissues,WATSONS,2,2,1.0,12.0,29,0.41379310344827586,0.14889395474501854,0.14889395474501854,2.0,108.969445511373
2024-02,category3,Household / Pet food and care,Paper,Boxed facial tissues,WELLCOME,4,4,1.0,29.0,29,1.0,0.19845001741553464,0.19444444444444445,4.0,98.14828331025865
2024-02,category3,Household / Pet food and care,Paper,Hand paper towels,JASONS,1,1,1.0,8.0,29,0.27586206896551724,0.2109375,0.1875,1.0,102.71131303132076
2024-02,category3,Household / Pet food and care,Paper,Hand paper towels,PARKNSHOP,2,2,1.0,28.0,29,0.9655172413793104,0.2888017513445802,0.37368867924528304,1.0,93.68480736232394
2024-02,category3,Household / Pet food and care,Paper,Hand paper towels,WATSONS,1,0,0.0,0.0,29,0.0,,,1.0,102.23269554282439
2024-02,category3,Household / Pet food and care,Paper,Hand paper towels,WELLCOME,1,1,1.0,8.0,29,0.27586206896551724,0.2109375,0.1875,1.0,101.37118406353092
2024-02,category3,Household / Pet food and care,Paper,Kitchen paper towels,JASONS,4,3,0.75,14.5,29,0.5,0.19573435504469985,0.20833333333333334,4.0,99.4941794108216
2024-02,category3,Household / Pet food and care,Paper,Kitchen paper towels,PARKNSHOP,7,5,0.7142857142857143,17.714285714285715,29,0.6108374384236454,0.20431064140213567,0.20833333333333334,3.0,97.8554726120766
2024-02,category3,Household / Pet food and care,Paper,Kitchen paper towels,WATSONS,3,2,0.6666666666666666,5.333333333333333,29,0.1839080459770115,0.17559523809523808,0.17559523809523808,3.0,103.21634729017653
2024-02,category3,Household / Pet food and care,Paper,Kitchen paper towels,WELLCOME,4,3,0.75,15.0,29,0.5172413793103449,0.19573435504469985,0.20833333333333334,4.0,100.0938533592605
2024-02,category3,Household / Pet food and care,Paper,Pocket size facial tissues,JASONS,2,2,1.0,29.0,29,1.0,0.20083014048531292,0.23076923076923078,2.0,94.66180060490103
2024-02,category3,Household / Pet food and care,Paper,Pocket size facial tissues,MANNINGS,1,0,0.0,0.0,29,0.0,,,1.0,103.65190365190364
2024-02,category3,Household / Pet food and care,Paper,Pocket size facial tissues,PARKNSHOP,2,2,1.0,28.5,29,0.9827586206896551,0.21931940959950186,0.2565055762081784,2.0,94.7409724947132
2024-02,category3,Household / Pet food and care,Paper,Pocket size facial tissues,WATSONS,2,2,1.0,2.0,29,0.06896551724137931,0.23076923076923078,0.23076923076923078,2.0,114.10752792718965
2024-02,category3,Household / Pet food and care,Paper,Pocket size facial tissues,WELLCOME,2,2,1.0,29.0,29,1.0,0.19297082228116713,0.23076923076923078,2.0,94.66180060490103
2024-02,category3,Household / Pet food and care,Paper,Soft pack facial tissues,JASONS,2,2,1.0,25.0,29,0.8620689655172413,0.4017888377239952,0.40217391304347827,2.0,100.10234490232082
2024-02,category3,Household / Pet food and care,Paper,Soft pack facial tissues,PARKNSHOP,3,2,0.6666666666666666,17.333333333333332,29,0.5977011494252873,0.36581170420911446,0.38815081413246,2.0,100.5177447999759
2024-02,category3,Household / Pet food and care,Paper,Soft pack facial tissues,WELLCOME,2,2,1.0,25.0,29,0.8620689655172413,0.3976480509745128,0.40217391304347827,2.0,99.37991029770328
2024-02,category3,Household / Pet food and care,Paper,Wet tissues,JASONS,2,1,0.5,14.5,29,0.5,0.2442581364995158,0.2777777777777778,2.0,98.58585598070036
2024-02,category3,Household / Pet food and care,Paper,Wet tissues,PARKNSHOP,2,2,1.0,13.0,29,0.4482758620689655,0.1782380039774908,0.1662207357859532,2.0,101.7874862406313
2024-02,category3,Household / Pet food and care,Paper,Wet tissues,WATSONS,2,1,0.5,4.5,29,0.15517241379310345,0.11646586345381521,0.11646586345381521,2.0,102.21660990978746
2024-02,category3,Household / Pet food and care,Paper,Wet tissues,WELLCOME,2,1,0.5,14.5,29,0.5,0.24720538082607046,0.28846153846153844,2.0,97.41004786888087
2024-02,category3,Household / Pet food and care,Pet care,Cat Litter,JASONS,1,1,1.0,28.0,29,0.9655172413793104,0.12204522096608428,0.10071942446043165,1.0,99.39030954595513
2024-02,category3,Household / Pet food and care,Pet care,Cat Litter,PARKNSHOP,1,1,1.0,29.0,29,1.0,0.11247595086576892,0.07725321888412025,1.0,101.05187985661107
2024-02,category3,Household / Pet food and care,Pet care,Cat Litter,WELLCOME,1,1,1.0,29.0,29,1.0,0.12056561647233938,0.10071942446043165,1.0,99.55781059743379
2024-02,category3,Household / Pet food and care,Pet food,Canned Cat Foods / Wet Cat Foods,AEON,3,0,0.0,0.0,29,0.0,,,3.0,143.17139748205398
2024-02,category3,Household / Pet food and care,Pet food,Canned Cat Foods / Wet Cat Foods,JASONS,5,5,1.0,27.4,29,0.9448275862068966,0.2966713543657391,0.2916666666666667,5.0,101.92719296968578
2024-02,category3,Household / Pet food and care,Pet food,Canned Cat Foods / Wet Cat Foods,PARKNSHOP,7,6,0.8571428571428571,24.857142857142858,29,0.8571428571428572,0.49658237216714557,0.38769134645423303,5.0,68.53586883657539
2024-02,category3,Household / Pet food and care,Pet food,Canned Cat Foods / Wet Cat Foods,WELLCOME,5,5,1.0,29.0,29,1.0,0.293776131661442,0.2916666666666667,5.0,101.42203656078874
2024-02,category3,Household / Pet food and care,Pet food,Canned Dog Foods,AEON,3,0,0.0,0.0,29,0.0,,,3.0,94.85174515452603
2024-02,category3,Household / Pet food and care,Pet food,Canned Dog Foods,JASONS,5,2,0.4,11.6,29,0.39999999999999997,0.0980371352785146,0.11,5.0,102.50203086167453
2024-02,category3,Household / Pet food and care,Pet food,Canned Dog Foods,PARKNSHOP,5,3,0.6,17.4,29,0.6,0.1155249868327292,0.13584905660377364,5.0,99.20941373396015
2024-02,category3,Household / Pet food and care,Pet food,Canned Dog Foods,WELLCOME,5,2,0.4,11.6,29,0.39999999999999997,0.09655172413793103,0.11,5.0,101.0916780368631
2024-02,category3,Household / Pet food and care,Pet food,Dry Cat Foods,JASONS,2,2,1.0,22.0,29,0.7586206896551724,0.10148094658964224,0.09833916083916083,2.0,100.29499544577807
2024-02,category3,Household / Pet food and care,Pet food,Dry Cat Foods,PARKNSHOP,2,2,1.0,26.0,29,0.896551724137931,0.14581279406455624,0.14568765711462062,2.0,100.0811245330705
2024-02,category3,Household / Pet food and care,Pet food,Dry Cat Foods,WELLCOME,2,2,1.0,26.0,29,0.896551724137931,0.10364420062695925,0.10795454545454546,2.0,99.62388002115146
2024-02,category3,Household / Pet food and care,Pet food,Dry Dog Foods,JASONS,1,1,1.0,29.0,29,1.0,0.1781658782343082,0.18943533697632056,1.0,102.36159504452186
2024-02,category3,Household / Pet food and care,Pet food,Dry Dog Foods,PARKNSHOP,2,1,0.5,14.5,29,0.5,0.21958419697255196,0.19854280510018213,1.0,96.2059620596206
2024-02,category3,Household / Pet food and care,Pet food,Dry Dog Foods,WELLCOME,1,1,1.0,29.0,29,1.0,0.17718736260285153,0.18943533697632056,1.0,101.4324428958575
2024-02,category3,Household / Pet food and care,Wraps / Food bags / Foil,Aluminium foil,JASONS,2,1,0.5,7.0,29,0.2413793103448276,0.21428571428571427,0.21428571428571427,2.0,97.0074042507857
2024-02,category3,Household / Pet food and care,Wraps / Food bags / Foil,Aluminium foil,PARKNSHOP,2,1,0.5,4.0,29,0.13793103448275862,0.14756446991404007,0.14756446991404007,2.0,100.48388643264263
2024-02,category3,Household / Pet food and care,Wraps / Food bags / Foil,Aluminium foil,WATSONS,1,0,0.0,0.0,29,0.0,,,1.0,110.54159436562215
2024-02,category3,Household / Pet food and care,Wraps / Food bags / Foil,Aluminium foil,WELLCOME,2,1,0.5,7.0,29,0.2413793103448276,0.21428571428571427,0.21428571428571427,2.0,97.0074042507857
2024-02,category3,Household / Pet food and care,Wraps / Food bags / Foil,Cling wraps,JASONS,3,3,1.0,14.0,29,0.4827586206896552,0.26271704333907475,0.25,3.0,94.54757682551796
2024-02,category3,Household / Pet food and care,Wraps / Food bags / Foil,Cling wraps,PARKNSHOP,4,3,0.75,10.25,29,0.35344827586206895,0.15123863317817088,0.15065502183406113,3.0,99.86756156142673
2024-02,category3,Household / Pet food and care,Wraps / Food bags / Foil,Cling wraps,WATSONS,3,0,0.0,0.0,29,0.0,,,3.0,111.57601741902172
2024-02,category3,Household / Pet food and care,Wraps / Food bags / Foil,Cling wraps,WELLCOME,3,3,1.0,14.0,29,0.4827586206896552,0.26555839727195224,0.25,3.0,94.00884419403354
2024-02,category3,Household / Pet food and care,Wraps / Food bags / Foil,Storage bags,JASONS,3,3,1.0,14.0,29,0.4827586206896552,0.2093606673438606,0.22058823529411764,3.0,99.39768196255997
2024-02,category3,Household / Pet food and care,Wraps / Food bags / Foil,Storage bags,PARKNSHOP,7,4,0.5714285714285714,7.285714285714286,29,0.25123152709359603,0.15152122749888747,0.15179417764330289,4.0,101.04274208128452
2024-02,category3,Household / Pet food and care,Wraps / Food bags / Foil,Storage bags,WATSONS,1,0,0.0,0.0,29,0.0,,,1.0,103.13556358549948
2024-02,category3,Household / Pet food and care,Wraps / Food bags / Foil,Storage bags,WELLCOME,3,3,1.0,14.0,29,0.4827586206896552,0.21116138763197587,0.22058823529411764,3.0,98.9009596539839
2024-02,category3,Milk powder / Baby care,Adult milk powder,Full cream milk powder,JASONS,2,1,0.5,8.0,29,0.27586206896551724,0.28735255570117957,0.28735255570117957,2.0,100.57986766827281
2024-02,category3,Milk powder / Baby care,Adult milk powder,Full cream milk powder,MANNINGS,3,1,0.3333333333333333,5.333333333333333,29,0.1839080459770115,0.2,0.2,3.0,98.10556909617924
2024-02,category3,Milk powder / Baby care,Adult milk powder,Full cream milk powder,PARKNSHOP,3,1,0.3333333333333333,4.666666666666667,29,0.16091954022988506,0.2857142857142857,0.2857142857142857,3.0,102.90200460890453
2024-02,category3,Milk powder / Baby care,Adult milk powder,Full cream milk powder,WATSONS,4,1,0.25,3.25,29,0.11206896551724138,0.2857142857142857,0.2857142857142857,4.0,99.97333947358086
2024-02,category3,Milk powder / Baby care,Adult milk powder,Full cream milk powder,WELLCOME,2,1,0.5,8.0,29,0.27586206896551724,0.2857142857142857,0.2857142857142857,2.0,99.6977369348017
2024-02,category3,Milk powder / Baby care,Adult milk powder,Low fat / Skimmed milk powder,JASONS,5,1,0.2,2.6,29,0.0896551724137931,0.15704387990762128,0.15704387990762128,5.0,101.148457067365
2024-02,category3,Milk powder / Baby care,Adult milk powder,Low fat / Skimmed milk powder,MANNINGS,2,1,0.5,6.5,29,0.22413793103448276,0.30000000000000004,0.30000000000000004,2.0,90.85635954555471
2024-02,category3,Milk powder / Baby care,Adult milk powder,Low fat / Skimmed milk powder,PARKNSHOP,5,0,0.0,0.0,29,0.0,,,5.0,102.71782199266993
2024-02,category3,Milk powder / Baby care,Adult milk powder,Low fat / Skimmed milk powder,WATSONS,6,1,0.16666666666666666,2.1666666666666665,29,0.07471264367816091,0.15704387990762128,0.15704387990762128,4.0,99.74984448710113
2024-02,category3,Milk powder / Baby care,Adult milk powder,Low fat / Skimmed milk powder,WELLCOME,5,1,0.2,2.6,29,0.0896551724137931,0.15704387990762128,0.15704387990762128,5.0,100.11393170860399
2024-02,category3,Milk powder / Baby care,Adult milk powder,Nutrition supplements,JASONS,4,0,0.0,0.0,29,0.0,,,4.0,100.72504353575795
2024-02,category3,Milk powder / Baby care,Adult milk powder,Nutrition supplements,MANNINGS,3,0,0.0,0.0,29,0.0,,,3.0,99.79185748838549
2024-02,category3,Milk powder / Baby care,Adult milk powder,Nutrition supplements,PARKNSHOP,3,0,0.0,0.0,29,0.0,,,3.0,99.94055396477546
2024-02,category3,Milk powder / Baby care,Adult milk powder,Nutrition supplements,WATSONS,4,0,0.0,0.0,29,0.0,,,4.0,99.38377852581264
2024-02,category3,Milk powder / Baby care,Adult milk powder,Nutrition supplements,WELLCOME,4,0,0.0,0.0,29,0.0,,,4.0,100.11177879384199
2024-02,category3,Milk powder / Baby care,Adult milk powder,Senior formula,JASONS,5,2,0.4,5.2,29,0.1793103448275862,0.18435347343113245,0.18435347343113245,5.0,100.58186791384105
2024-02,category3,Milk powder / Baby care,Adult milk powder,Senior formula,MANNINGS,6,3,0.5,6.5,29,0.22413793103448276,0.222902315620755,0.21166306695464365,6.0,96.00727664273123
2024-02,category3,Milk powder / Baby care,Adult milk powder,Senior formula,PARKNSHOP,6,0,0.0,0.0,29,0.0,,,6.0,103.46866448573131
2024-02,category3,Milk powder / Baby care,Adult milk powder,Senior formula,WATSONS,6,2,0.3333333333333333,3.3333333333333335,29,0.11494252873563218,0.18435347343113245,0.18435347343113245,6.0,100.45661904729243
2024-02,category3,Milk powder / Baby care,Adult milk powder,Senior formula,WELLCOME,5,2,0.4,5.2,29,0.1793103448275862,0.18435347343113245,0.18435347343113245,5.0,99.52347178212892
2024-02,category3,Milk powder / Baby care,Baby foods / Infant foods,Baby snacks,JASONS,3,0,0.0,0.0,29,0.0,,,3.0,117.23381370075691
2024-02,category3,Milk powder / Baby care,Baby foods / Infant foods,Baby snacks,MANNINGS,5,5,1.0,29.0,29,1.0,0.25,0.25,4.0,93.84234498993264
2024-02,category3,Milk powder / Baby care,Baby foods / Infant foods,Baby snacks,PARKNSHOP,10,10,1.0,20.4,29,0.7034482758620689,0.26547689636670246,0.25646568604414366,10.0,98.45501735559924
2024-02,category3,Milk powder / Baby care,Baby foods / Infant foods,Baby snacks,WATSONS,9,9,1.0,28.11111111111111,29,0.9693486590038314,0.25,0.25,8.0,92.09913713392342
2024-02,category3,Milk powder / Baby care,Baby foods / Infant foods,Baby snacks,WELLCOME,3,0,0.0,0.0,29,0.0,,,3.0,116.62425751809067
2024-02,category3,Milk powder / Baby care,Baby foods / Infant foods,Infant rice cereals / Baby rice cereals,JASONS,2,0,0.0,0.0,29,0.0,,,2.0,120.71966909432332
2024-02,category3,Milk powder / Baby care,Baby foods / Infant foods,Infant rice cereals / Baby rice cereals,MANNINGS,4,4,1.0,29.0,29,1.0,0.25,0.25,4.0,86.92882991436653
2024-02,category3,Milk powder / Baby care,Baby foods / Infant foods,Infant rice cereals / Baby rice cereals,PARKNSHOP,6,2,0.3333333333333333,7.333333333333333,29,0.2528735632183908,0.23275862068965517,0.23275862068965517,5.0,108.97960350654033
2024-02,category3,Milk powder / Baby care,Baby foods / Infant foods,Infant rice cereals / Baby rice cereals,WATSONS,5,5,1.0,27.0,29,0.9310344827586207,0.25,0.25,5.0,93.14855699287781
2024-02,category3,Milk powder / Baby care,Baby products,Baby Lotion,MANNINGS,3,2,0.6666666666666666,17.0,29,0.5862068965517241,0.41034482758620694,0.5,3.0,89.48861490632281
2024-02,category3,Milk powder / Baby care,Baby products,Baby Lotion,PARKNSHOP,2,1,0.5,8.0,29,0.27586206896551724,0.15,0.15,2.0,95.3881869726327
2024-02,category3,Milk powder / Baby care,Baby products,Baby Lotion,WATSONS,7,3,0.42857142857142855,6.857142857142857,29,0.23645320197044334,0.3333333333333333,0.25000000000000006,4.0,109.86006260888846
2024-02,category3,Milk powder / Baby care,Baby products,Baby wipes,AEON,1,0,0.0,0.0,29,0.0,,,1.0,112.41636188967352
2024-02,category3,Milk powder / Baby care,Baby products,Baby wipes,JASONS,2,2,1.0,14.5,29,0.5,0.5333700045536234,0.5254207127967868,2.0,97.24822954977923
2024-02,category3,Milk powder / Baby care,Baby products,Baby wipes,PARKNSHOP,1,1,1.0,2.0,29,0.06896551724137931,0.33333333333333337,0.33333333333333337,1.0,86.24205753964908
2024-02,category3,Milk powder / Baby care,Baby products,Baby wipes,WATSONS,2,2,1.0,9.5,29,0.3275862068965517,0.25000000000000006,0.25000000000000006,2.0,107.72102651287318
2024-02,category3,Milk powder / Baby care,Baby products,Baby wipes,WELLCOME,2,2,1.0,18.5,29,0.6379310344827587,0.5315246984139228,0.5254207127967868,2.0,96.26279217420296
2024-02,category3,Milk powder / Baby care,Baby products,Body washes,JASONS,1,1,1.0,29.0,29,1.0,0.13923872285201272,0.14177693761814744,1.0,102.164345075423
2024-02,category3,Milk powder / Baby care,Baby products,Body washes,PARKNSHOP,1,1,1.0,27.0,29,0.9310344827586207,0.15789473684210525,0.15789473684210525,1.0,107.89853222030004
2024-02,category3,Milk powder / Baby care,Baby products,Body washes,WATSONS,1,1,1.0,28.0,29,0.9655172413793104,0.25000000000000006,0.25000000000000006,1.0,89.05837716169162
2024-02,category3,Milk powder / Baby care,Baby products,Body washes,WELLCOME,1,1,1.0,29.0,29,1.0,0.14069056775959846,0.14177693761814744,1.0,100.87874554258538
2024-02,category3,Milk powder / Baby care,Baby products,Diaper pants,AEON,2,0,0.0,0.0,29,0.0,,,2.0,103.97809249675194
2024-02,category3,Milk powder / Baby care,Baby products,Diaper pants,JASONS,4,2,0.5,4.0,29,0.13793103448275862,0.105247194419169,0.09918107370336675,3.0,98.94066926709094
2024-02,category3,Milk powder / Baby care,Baby products,Diaper pants,MANNINGS,2,1,0.5,4.0,29,0.13793103448275862,0.21250000000000002,0.2,2.0,100.97624909805599
2024-02,category3,Milk powder / Baby care,Baby products,Diaper pants,PARKNSHOP,6,2,0.3333333333333333,2.3333333333333335,29,0.08045977011494253,0.29392857142857143,0.3,6.0,98.79045262660388
2024-02,category3,Milk powder / Baby care,Baby products,Diaper pants,WATSONS,7,2,0.2857142857142857,1.4285714285714286,29,0.04926108374384237,0.25,0.25,7.0,99.92449057741995
2024-02,category3,Milk powder / Baby care,Baby products,Diaper pants,WELLCOME,3,2,0.6666666666666666,5.333333333333333,29,0.1839080459770115,0.105247194419169,0.09918107370336675,3.0,98.94066926709094
2024-02,category3,Milk powder / Baby care,Baby products,Diapers,AEON,7,0,0.0,0.0,29,0.0,,,4.0,100.45296641139065
2024-02,category3,Milk powder / Baby care,Baby products,Diapers,JASONS,5,3,0.6,8.2,29,0.2827586206896551,0.2009545115585384,0.2,5.0,97.42260091021191
2024-02,category3,Milk powder / Baby care,Baby products,Diapers,MANNINGS,8,1,0.125,0.25,29,0.008620689655172414,0.14999999999999997,0.14999999999999997,7.0,103.36767558099713
2024-02,category3,Milk powder / Baby care,Baby products,Diapers,PARKNSHOP,5,2,0.4,0.8,29,0.027586206896551727,0.20132583973403648,0.20132583973403648,5.0,99.64288696536163
2024-02,category3,Milk powder / Baby care,Baby products,Diapers,WATSONS,5,0,0.0,0.0,29,0.0,,,5.0,100.057118485319
2024-02,category3,Milk powder / Baby care,Baby products,Diapers,WELLCOME,5,3,0.6,9.0,29,0.3103448275862069,0.20000000000000004,0.2,5.0,98.13438018190426
2024-02,category3,Milk powder / Baby care,Baby products,Shampoos,JASONS,1,1,1.0,16.0,29,0.5517241379310345,0.1105196579599215,0.11205145943050973,1.0,103.038267157717
2024-02,category3,Milk powder / Baby care,Baby products,Shampoos,PARKNSHOP,2,2,1.0,14.0,29,0.4827586206896552,0.16812366737739873,0.1681236673773987,1.0,101.07001544179013
2024-02,category3,Milk powder / Baby care,Baby products,Shampoos,WATSONS,1,1,1.0,16.0,29,0.5517241379310345,0.2500000000000001,0.2500000000000001,1.0,93.81005658611224
2024-02,category3,Milk powder / Baby care,Baby products,Shampoos,WELLCOME,1,1,1.0,16.0,29,0.5517241379310345,0.11222818664643408,0.11380880121396064,1.0,102.08166081438061
2024-02,category3,Milk powder / Baby care,Infant formula / Growing-up formula,Children's nutrition supplements,JASONS,4,0,0.0,0.0,29,0.0,,,3.0,100.68226034272921
2024-02,category3,Milk powder / Baby care,Infant formula / Growing-up formula,Children's nutrition supplements,MANNINGS,3,0,0.0,0.0,29,0.0,,,3.0,99.82943491431769
2024-02,category3,Milk powder / Baby care,Infant formula / Growing-up formula,Children's nutrition supplements,PARKNSHOP,3,0,0.0,0.0,29,0.0,,,3.0,99.82943491431769
2024-02,category3,Milk powder / Baby care,Infant formula / Growing-up formula,Children's nutrition supplements,WATSONS,3,0,0.0,0.0,29,0.0,,,3.0,99.82943491431769
2024-02,category3,Milk powder / Baby care,Infant formula / Growing-up formula,Children's nutrition supplements,WELLCOME,3,0,0.0,0.0,29,0.0,,,3.0,99.82943491431769
2024-02,category3,Milk powder / Baby care,Infant formula / Growing-up formula,Infant formula / Follow-on formula / Toddler formula / Growing-up formula,JASONS,30,2,0.06666666666666667,0.1,29,0.003448275862068966,0.09243142783901563,0.09243142783901563,30.0,101.0434856047618
2024-02,category3,Milk powder / Baby care,Infant formula / Growing-up formula,Infant formula / Follow-on formula / Toddler formula / Growing-up formula,MANNINGS,59,6,0.1016949152542373,0.2033898305084746,29,0.00701344243132671,0.13499999999999998,0.135,59.0,100.80590016324236
2024-02,category3,Milk powder / Baby care,Infant formula / Growing-up formula,Infant formula / Follow-on formula / Toddler formula / Growing-up formula,PARKNSHOP,44,16,0.36363636363636365,0.7272727272727273,29,0.025078369905956112,0.09495107520157908,0.1,43.0,100.36342540962127
2024-02,category3,Milk powder / Baby care,Infant formula / Growing-up formula,Infant formula / Follow-on formula / Toddler formula / Growing-up formula,WATSONS,57,6,0.10526315789473684,0.5087719298245614,29,0.01754385964912281,0.5604364388483992,0.5614395226175577,56.0,97.87796970226674
2024-02,category3,Milk powder / Baby care,Infant formula / Growing-up formula,Infant formula / Follow-on formula / Toddler formula / Growing-up formula,WELLCOME,33,3,0.09090909090909091,0.18181818181818182,29,0.006269592476489028,0.11992406887907996,0.12014134275618374,33.0,100.7941275972493
2024-02,category3,Milk powder / Baby care,Pregnant women's milk powder,Pregnant women's milk powder,JASONS,2,0,0.0,0.0,29,0.0,,,2.0,100.0
2024-02,category3,Milk powder / Baby care,Pregnant women's milk powder,Pregnant women's milk powder,MANNINGS,2,0,0.0,0.0,29,0.0,,,2.0,100.0
2024-02,category3,Milk powder / Baby care,Pregnant women's milk powder,Pregnant women's milk powder,WATSONS,3,0,0.0,0.0,29,0.0,,,3.0,100.0
2024-02,category3,Milk powder / Baby care,Pregnant women's milk powder,Pregnant women's milk powder,WELLCOME,2,0,0.0,0.0,29,0.0,,,2.0,100.0
2024-02,category3,Noodles / Cooking needs / Processed food (cold),Baking needs / Wheat flour,Baking soda,JASONS,1,0,0.0,0.0,29,0.0,,,1.0,100.94522019334049
2024-02,category3,Noodles / Cooking needs / Processed food (cold),Baking needs / Wheat flour,Baking soda,PARKNSHOP,1,0,0.0,0.0,29,0.0,,,,
2024-02,category3,Noodles / Cooking needs / Processed food (cold),Baking needs / Wheat flour,Baking soda,WELLCOME,1,0,0.0,0.0,29,0.0,,,1.0,99.0547798066595
2024-02,category3,Noodles / Cooking needs / Processed food (cold),Baking needs / Wheat flour,Bread flour / High gluten flour / Strong flour,JASONS,2,1,0.5,13.5,29,0.46551724137931033,0.3853128991060025,0.38333333333333336,2.0,89.03112395537627
2024-02,category3,Noodles / Cooking needs / Processed food (cold),Baking needs / Wheat flour,Bread flour / High gluten flour / Strong flour,PARKNSHOP,2,1,0.5,1.0,29,0.034482758620689655,0.22318339100346019,0.22318339100346019,2.0,123.5406557022659
2024-02,category3,Noodles / Cooking needs / Processed food (cold),Baking needs / Wheat flour,Bread flour / High gluten flour / Strong flour,WELLCOME,2,1,0.5,13.5,29,0.46551724137931033,0.388250319284802,0.39655172413793105,2.0,87.42822034235782
2024-02,category3,Noodles / Cooking needs / Processed food (cold),Baking needs / Wheat flour,Bread mix / Bread premix,PARKNSHOP,1,1,1.0,3.0,29,0.10344827586206896,0.47281553398058257,0.5,1.0,98.91772251172031
2024-02,category3,Noodles / Cooking needs / Processed food (cold),Baking needs / Wheat flour,Bread mix / Bread premix,WELLCOME,1,0,0.0,0.0,29,0.0,,,1.0,101.08227748827969
2024-02,category3,Noodles / Cooking needs / Processed food (cold),Baking needs / Wheat flour,Cake flour / Low gluten flour,JASONS,1,0,0.0,0.0,29,0.0,,,1.0,100.0
2024-02,category3,Noodles / Cooking needs / Processed food (cold),Baking needs / Wheat flour,Cake flour / Low gluten flour,WELLCOME,1,0,0.0,0.0,29,0.0,,,1.0,100.0
2024-02,category3,Noodles / Cooking needs / Processed food (cold),Baking needs / Wheat flour,Cake mix / Cake premix,JASONS,1,1,1.0,7.0,29,0.2413793103448276,0.5,0.5,1.0,100.47732696897376
2024-02,category3,Noodles / Cooking needs / Processed food (cold),Baking needs / Wheat flour,Cake mix / Cake premix,WELLCOME,1,1,1.0,7.0,29,0.2413793103448276,0.5,0.5,1.0,99.52267303102626
2024-02,category3,Noodles / Cooking needs / Processed food (cold),Baking needs / Wheat flour,Pancake mix / Pancake premix,JASONS,2,1,0.5,3.5,29,0.1206896551724138,0.5,0.5,2.0,97.43310051197241
2024-02,category3,Noodles / Cooking needs / Processed food (cold),Baking needs / Wheat flour,Pancake mix / Pancake premix,PARKNSHOP,2,0,0.0,0.0,29,0.0,,,2.0,106.40053484403316
2024-02,category3,Noodles / Cooking needs / Processed food (cold),Baking needs / Wheat flour,Pancake mix / Pancake premix,WELLCOME,2,1,0.5,3.5,29,0.1206896551724138,0.5,0.5,2.0,96.16636464399446
2024-02,category3,Noodles / Cooking needs / Processed food (cold),Baking needs / Wheat flour,Plain flour / All purpose flour,JASONS,3,1,0.3333333333333333,6.666666666666667,29,0.22988505747126436,0.4518965517241379,0.4827586206896552,3.0,95.34002299256402
2024-02,category3,Noodles / Cooking needs / Processed food (cold),Baking needs / Wheat flour,Plain flour / All purpose flour,PARKNSHOP,4,1,0.25,0.5,29,0.017241379310344827,0.22318339100346019,0.22318339100346019,3.0,109.98034437177341
2024-02,category3,Noodles / Cooking needs / Processed food (cold),Baking needs / Wheat flour,Plain flour / All purpose flour,WELLCOME,3,1,0.3333333333333333,6.666666666666667,29,0.22988505747126436,0.4517241379310345,0.4827586206896552,3.0,94.67963263566259
2024-02,category3,Noodles / Cooking needs / Processed food (cold),Baking needs / Wheat flour,Self-raising flour,JASONS,2,0,0.0,0.0,29,0.0,,,2.0,102.47042657275507
2024-02,category3,Noodles / Cooking needs / Processed food (cold),Baking needs / Wheat flour,Self-raising flour,PARKNSHOP,2,0,0.0,0.0,29,0.0,,,1.0,93.58187824445493
2024-02,category3,Noodles / Cooking needs / Processed food (cold),Baking needs / Wheat flour,Self-raising flour,WELLCOME,2,0,0.0,0.0,29,0.0,,,2.0,101.37196216605919
2024-02,category3,Noodles / Cooking needs / Processed food (cold),Condiments & sauces / Cooking needs,Bean sauces,JASONS,2,2,1.0,19.0,29,0.6551724137931034,0.22585542633179828,0.21145833333333333,2.0,100.13540665676597
2024-02,category3,Noodles / Cooking needs / Processed food (cold),Condiments & sauces / Cooking needs,Bean sauces,PARKNSHOP,3,3,1.0,16.666666666666668,29,0.574712643678161,0.3216668424197687,0.42660550458715596,2.0,100.11138289508168
2024-02,category3,Noodles / Cooking needs / Processed food (cold),Condiments & sauces / Cooking needs,Bean sauces,WELLCOME,2,2,1.0,19.0,29,0.6551724137931034,0.21363636363636365,0.20416666666666666,2.0,99.75321044815234
2024-02,category3,Noodles / Cooking needs / Processed food (cold),Condiments & sauces / Cooking needs,Chicken broth / Chicken soup base,PARKNSHOP,4,4,1.0,27.0,29,0.9310344827586207,0.29196895237138143,0.2557462509732237,,
2024-02,category3,Noodles / Cooking needs / Processed food (cold),Condiments & sauces / Cooking needs,Chicken broth concentrate,DCHFOOD,1,0,0.0,0.0,29,0.0,,,1.0,106.93018196567172
2024-02,category3,Noodles / Cooking needs / Processed food (cold),Condiments & sauces / Cooking needs,Chicken broth concentrate,JASONS,1,0,0.0,0.0,29,0.0,,,1.0,99.68842757323795
2024-02,category3,Noodles / Cooking needs / Processed food (cold),Condiments & sauces / Cooking needs,Chicken broth concentrate,PARKNSHOP,2,2,1.0,3.0,29,0.10344827586206896,0.1,0.1,1.0,93.69296288785236
2024-02,category3,Noodles / Cooking needs / Processed food (cold),Condiments & sauces / Cooking needs,Chicken broth concentrate,WELLCOME,1,0,0.0,0.0,29,0.0,,,1.0,99.68842757323795
2024-02,category3,Noodles / Cooking needs / Processed food (cold),Condiments & sauces / Cooking needs,Chicken broth cubes,JASONS,1,0,0.0,0.0,29,0.0,,,1.0,107.0969951202808
2024-02,category3,Noodles / Cooking needs / Processed food (cold),Condiments & sauces / Cooking needs,Chicken broth cubes,PARKNSHOP,1,0,0.0,0.0,29,0.0,,,1.0,96.07910281653967
2024-02,category3,Noodles / Cooking needs / Processed food (cold),Condiments & sauces / Cooking needs,Chicken broth cubes,WELLCOME,1,0,0.0,0.0,29,0.0,,,1.0,96.82390206317952
2024-02,category3,Noodles / Cooking needs / Processed food (cold),Condiments & sauces / Cooking needs,Chicken powder / Mushroom powder,JASONS,4,0,0.0,0.0,29,0.0,,,4.0,100.78173148658732
2024-02,category3,Noodles / Cooking needs / Processed food (cold),Condiments & sauces / Cooking needs,Chicken powder / Mushroom powder,PARKNSHOP,4,0,0.0,0.0,29,0.0,,,4.0,99.21502481429823
2024-02,category3,Noodles / Cooking needs / Processed food (cold),Condiments & sauces / Cooking needs,Chicken powder / Mushroom powder,WELLCOME,4,0,0.0,0.0,29,0.0,,,4.0,100.00324369911446
2024-02,category3,Noodles / Cooking needs / Processed food (cold),Condiments & sauces / Cooking needs,Chili sauces / Chili bean sauces,DCHFOOD,1,0,0.0,0.0,29,0.0,,,1.0,88.59867877887065
2024-02,category3,Noodles / Cooking needs / Processed food (cold),Condiments & sauces / Cooking needs,Chili sauces / Chili bean sauces,JASONS,5,1,0.2,4.4,29,0.1517241379310345,0.4549238920191741,0.45652173913043476,5.0,102.60023589595315
2024-02,category3,Noodles / Cooking needs / Processed food (cold),Condiments & sauces / Cooking needs,Chili sauces / Chili bean sauces,PARKNSHOP,10,10,1.0,6.8,29,0.23448275862068965,0.17990216069374598,0.09999999999999998,5.0,98.9554827874399
2024-02,category3,Noodles / Cooking needs / Processed food (cold),Condiments & sauces / Cooking needs,Chili sauces / Chili bean sauces,WELLCOME,5,1,0.2,4.4,29,0.1517241379310345,0.458498023715415,0.45652173913043476,5.0,101.37755688459518
2024-02,category3,Noodles / Cooking needs / Processed food (cold),Condiments & sauces / Cooking needs,Coconut milk / Coconut cream,JASONS,3,2,0.6666666666666666,9.0,29,0.3103448275862069,0.21335055986218782,0.2133505598621878,3.0,100.22025055077661
2024-02,category3,Noodles / Cooking needs / Processed food (cold),Condiments & sauces / Cooking needs,Coconut milk / Coconut cream,PARKNSHOP,3,3,1.0,15.666666666666666,29,0.5402298850574713,0.18607036374478236,0.16744186046511633,3.0,99.89933978920848
2024-02,category3,Noodles / Cooking needs / Processed food (cold),Condiments & sauces / Cooking needs,Coconut milk / Coconut cream,WELLCOME,3,2,0.6666666666666666,9.0,29,0.3103448275862069,0.21335055986218782,0.2133505598621878,3.0,99.88040966001486
2024-02,category3,Noodles / Cooking needs / Processed food (cold),Condiments & sauces / Cooking needs,Corn starch,JASONS,2,1,0.5,8.0,29,0.27586206896551724,0.10714285714285714,0.10714285714285714,2.0,100.27218290691344
2024-02,category3,Noodles / Cooking needs / Processed food (cold),Condiments & sauces / Cooking needs,Corn starch,PARKNSHOP,2,1,0.5,8.0,29,0.27586206896551724,0.10431654676259,0.10431654676259,2.0,99.4556341861731
2024-02,category3,Noodles / Cooking needs / Processed food (cold),Condiments & sauces / Cooking needs,Corn starch,WELLCOME,2,1,0.5,8.0,29,0.27586206896551724,0.10714285714285714,0.10714285714285714,2.0,100.27218290691344
2024-02,category3,Noodles / Cooking needs / Processed food (cold),Condiments & sauces / Cooking needs,Curry sauces / Coconut curry sauces,JASONS,2,0,0.0,0.0,29,0.0,,,2.0,101.82697986321465
2024-02,category3,Noodles / Cooking needs / Processed food (cold),Condiments & sauces / Cooking needs,Curry sauces / Coconut curry sauces,PARKNSHOP,2,2,1.0,3.0,29,0.10344827586206896,0.09999999999999996,0.09999999999999996,2.0,97.87011106665906
2024-02,category3,Noodles / Cooking needs / Processed food (cold),Condiments & sauces / Cooking needs,Curry sauces / Coconut curry sauces,WELLCOME,2,0,0.0,0.0,29,0.0,,,2.0,100.3029090701263
2024-02,category3,Noodles / Cooking needs / Processed food (cold),Condiments & sauces / Cooking needs,Dark soy sauces,JASONS,3,0,0.0,0.0,29,0.0,,,3.0,102.53609565864117
2024-02,category3,Noodles / Cooking needs / Processed food (cold),Condiments & sauces / Cooking needs,Dark soy sauces,PARKNSHOP,4,4,1.0,3.0,29,0.10344827586206896,0.10000000000000003,0.10000000000000002,3.0,96.64031132419815
2024-02,category3,Noodles / Cooking needs / Processed food (cold),Condiments & sauces / Cooking needs,Dark soy sauces,WELLCOME,3,0,0.0,0.0,29,0.0,,,3.0,100.82359301716073
2024-02,category3,Noodles / Cooking needs / Processed food (cold),Condiments & sauces / Cooking needs,Dry spices,JASONS,2,0,0.0,0.0,29,0.0,,,2.0,101.49574231766015
2024-02,category3,Noodles / Cooking needs / Processed food (cold),Condiments & sauces / Cooking needs,Dry spices,PARKNSHOP,7,0,0.0,0.0,29,0.0,,,1.0,96.04481412323884
2024-02,category3,Noodles / Cooking needs / Processed food (cold),Condiments & sauces / Cooking needs,Dry spices,WELLCOME,2,0,0.0,0.0,29,0.0,,,2.0,100.22954461310627
2024-02,category3,Noodles / Cooking needs / Processed food (cold),Condiments & sauces / Cooking needs,Gelatine,JASONS,1,0,0.0,0.0,29,0.0,,,1.0,102.15975317106616
2024-02,category3,Noodles / Cooking needs / Processed food (cold),Condiments & sauces / Cooking needs,Gelatine,PARKNSHOP,1,0,0.0,0.0,29,0.0,,,1.0,98.42303736715805
2024-02,category3,Noodles / Cooking needs / Processed food (cold),Condiments & sauces / Cooking needs,Gelatine,WELLCOME,1,0,0.0,0.0,29,0.0,,,1.0,99.4172094617758
2024-02,category3,Noodles / Cooking needs / Processed food (cold),Condiments & sauces / Cooking needs,Hot pot soup base,JASONS,2,2,1.0,8.0,29,0.27586206896551724,0.33333749999999995,0.33333749999999995,2.0,100.81384801535715
2024-02,category3,Noodles / Cooking needs / Processed food (cold),Condiments & sauces / Cooking needs,Hot pot soup base,PARKNSHOP,2,2,1.0,29.0,29,1.0,0.43859999999999993,0.43859999999999993,2.0,98.9002053846525
2024-02,category3,Noodles / Cooking needs / Processed food (cold),Condiments & sauces / Cooking needs,Hot pot soup base,WELLCOME,2,2,1.0,16.0,29,0.5517241379310345,0.33333749999999995,0.33333749999999995,2.0,100.28594659999035
2024-02,category3,Noodles / Cooking needs / Processed food (cold),Condiments & sauces / Cooking needs,Ketchup,DCHFOOD,1,0,0.0,0.0,29,0.0,,,1.0,98.84959522795059
2024-02,category3,Noodles / Cooking needs / Processed food (cold),Condiments & sauces / Cooking needs,Ketchup,JASONS,4,2,0.5,11.0,29,0.3793103448275862,0.28599485800386887,0.21691176470588236,4.0,100.0777616885006
2024-02,category3,Noodles / Cooking needs / Processed food (cold),Condiments & sauces / Cooking needs,Ketchup,PARKNSHOP,4,4,1.0,11.25,29,0.3879310344827586,0.23060351713584232,0.21875,4.0,100.74800959004102
2024-02,category3,Noodles / Cooking needs / Processed food (cold),Condiments & sauces / Cooking needs,Ketchup,WELLCOME,4,2,0.5,11.0,29,0.3793103448275862,0.28494443783580164,0.21691176470588236,4.0,99.31205578422745
2024-02,category3,Noodles / Cooking needs / Processed food (cold),Condiments & sauces / Cooking needs,Light soy sauces,JASONS,9,5,0.5555555555555556,8.444444444444445,29,0.29118773946360155,0.2309718866404913,0.2248062015503876,9.0,101.07015242768698
2024-02,category3,Noodles / Cooking needs / Processed food (cold),Condiments & sauces / Cooking needs,Light soy sauces,PARKNSHOP,10,10,1.0,12.2,29,0.42068965517241375,0.17257590183053112,0.10000000000000003,9.0,99.4832777795186
2024-02,category3,Noodles / Cooking needs / Processed food (cold),Condiments & sauces / Cooking needs,Light soy sauces,WELLCOME,9,5,0.5555555555555556,10.222222222222221,29,0.3524904214559387,0.2175568818826073,0.2248062015503876,9.0,99.44656979279442
2024-02,category3,Noodles / Cooking needs / Processed food (cold),Condiments & sauces / Cooking needs,Liquid seasoning / Wheat sauces,JASONS,3,2,0.6666666666666666,8.0,29,0.27586206896551724,0.48836580086580084,0.48836580086580084,3.0,102.60880734568825
2024-02,category3,Noodles / Cooking needs / Processed food (cold),Condiments & sauces / Cooking needs,Liquid seasoning / Wheat sauces,PARKNSHOP,3,3,1.0,8.333333333333334,29,0.2873563218390805,0.20626566416040096,0.09999999999999999,3.0,95.85907793554578
2024-02,category3,Noodles / Cooking needs / Processed food (cold),Condiments & sauces / Cooking needs,Liquid seasoning / Wheat sauces,WELLCOME,3,2,0.6666666666666666,8.0,29,0.27586206896551724,0.4880952380952381,0.4880952380952381,3.0,101.532114718766
2024-02,category3,Noodles / Cooking needs / Processed food (cold),Condiments & sauces / Cooking needs,MSG,JASONS,1,0,0.0,0.0,29,0.0,,,1.0,100.52175578000097
2024-02,category3,Noodles / Cooking needs / Processed food (cold),Condiments & sauces / Cooking needs,MSG,PARKNSHOP,1,0,0.0,0.0,29,0.0,,,1.0,99.53089847302667
2024-02,category3,Noodles / Cooking needs / Processed food (cold),Condiments & sauces / Cooking needs,MSG,WELLCOME,1,0,0.0,0.0,29,0.0,,,1.0,99.94734574697239
2024-02,category3,Noodles / Cooking needs / Processed food (cold),Condiments & sauces / Cooking needs,Marinades / Pickles,JASONS,2,2,1.0,12.5,29,0.43103448275862066,0.2894009216589862,0.2894009216589862,2.0,97.62151915873088
2024-02,category3,Noodles / Cooking needs / Processed food (cold),Condiments & sauces / Cooking needs,Marinades / Pickles,PARKNSHOP,4,3,0.75,10.5,29,0.3620689655172414,0.20180722891566272,0.20180722891566272,2.0,104.75696168253825
2024-02,category3,Noodles / Cooking needs / Processed food (cold),Condiments & sauces / Cooking needs,Marinades / Pickles,WELLCOME,2,2,1.0,12.5,29,0.43103448275862066,0.28214285714285714,0.28214285714285714,2.0,97.62151915873088
2024-02,category3,Noodles / Cooking needs / Processed food (cold),Condiments & sauces / Cooking needs,Other sauces,JASONS,11,5,0.45454545454545453,6.7272727272727275,29,0.23197492163009406,0.3368126699519992,0.375,11.0,100.94972574380779
2024-02,category3,Noodles / Cooking needs / Processed food (cold),Condiments & sauces / Cooking needs,Other sauces,PARKNSHOP,12,12,1.0,8.583333333333334,29,0.2959770114942529,0.20175064605068005,0.1,11.0,99.00056625330022
2024-02,category3,Noodles / Cooking needs / Processed food (cold),Condiments & sauces / Cooking needs,Other sauces,WELLCOME,11,5,0.45454545454545453,6.7272727272727275,29,0.23197492163009406,0.326367443276991,0.375,11.0,100.04970800289203
2024-02,category3,Noodles / Cooking needs / Processed food (cold),Condiments & sauces / Cooking needs,Oyster sauces,JASONS,4,0,0.0,0.0,29,0.0,,,4.0,100.66979193526946
2024-02,category3,Noodles / Cooking needs / Processed food (cold),Condiments & sauces / Cooking needs,Oyster sauces,PARKNSHOP,6,6,1.0,3.3333333333333335,29,0.11494252873563218,0.10192139737991264,0.09999999999999998,4.0,99.46041869203185
2024-02,category3,Noodles / Cooking needs / Processed food (cold),Condiments & sauces / Cooking needs,Oyster sauces,WELLCOME,4,0,0.0,0.0,29,0.0,,,4.0,99.8697893726987
2024-02,category3,Noodles / Cooking needs / Processed food (cold),Condiments & sauces / Cooking needs,Pasta sauce,DCHFOOD,1,0,0.0,0.0,29,0.0,,,1.0,77.64824008478831
2024-02,category3,Noodles / Cooking needs / Processed food (cold),Condiments & sauces / Cooking needs,Pasta sauce,JASONS,4,4,1.0,13.5,29,0.46551724137931033,0.28126281453867663,0.25,4.0,103.04559682042476
2024-02,category3,Noodles / Cooking needs / Processed food (cold),Condiments & sauces / Cooking needs,Pasta sauce,PARKNSHOP,4,4,1.0,14.25,29,0.49137931034482757,0.2559508479015788,0.2693089430894309,4.0,101.51021836665544
2024-02,category3,Noodles / Cooking needs / Processed food (cold),Condiments & sauces / Cooking needs,Pasta sauce,WELLCOME,4,4,1.0,13.5,29,0.46551724137931033,0.27997844827586205,0.25,4.0,101.71417154811341
2024-02,category3,Noodles / Cooking needs / Processed food (cold),Condiments & sauces / Cooking needs,Reconstituted Dessert,JASONS,3,2,0.6666666666666666,19.333333333333332,29,0.6666666666666666,0.40967274030154355,0.4095860566448801,3.0,96.83438211301944
2024-02,category3,Noodles / Cooking needs / Processed food (cold),Condiments & sauces / Cooking needs,Reconstituted Dessert,PARKNSHOP,3,3,1.0,17.333333333333332,29,0.5977011494252873,0.32055507234838004,0.29865771812080544,3.0,106.67843441623923
2024-02,category3,Noodles / Cooking needs / Processed food (cold),Condiments & sauces / Cooking needs,Reconstituted Dessert,WELLCOME,3,2,0.6666666666666666,19.0,29,0.6551724137931034,0.4049272228785413,0.3981900452488688,3.0,96.48718347074131
2024-02,category3,Noodles / Cooking needs / Processed food (cold),Condiments & sauces / Cooking needs,Reduced salt light soy sauces,JASONS,2,1,0.5,11.0,29,0.3793103448275862,0.1431818181818182,0.1,2.0,101.58670161628281
2024-02,category3,Noodles / Cooking needs / Processed food (cold),Condiments & sauces / Cooking needs,Reduced salt light soy sauces,PARKNSHOP,2,2,1.0,16.0,29,0.5517241379310345,0.17253565490390477,0.1941798941798942,2.0,98.29333026565543
2024-02,category3,Noodles / Cooking needs / Processed food (cold),Condiments & sauces / Cooking needs,Reduced salt light soy sauces,WELLCOME,2,1,0.5,11.0,29,0.3793103448275862,0.13636363636363635,0.1,2.0,100.11996811806179
2024-02,category3,Noodles / Cooking needs / Processed food (cold),Condiments & sauces / Cooking needs,Rice flour / Glutinous rice flour,PARKNSHOP,2,0,0.0,0.0,29,0.0,,,,
2024-02,category3,Noodles / Cooking needs / Processed food (cold),Condiments & sauces / Cooking needs,Salad Dressing / Miracle Whip Dressing / Mayonnaise,DCHFOOD,1,0,0.0,0.0,29,0.0,,,1.0,96.02521279950176
2024-02,category3,Noodles / Cooking needs / Processed food (cold),Condiments & sauces / Cooking needs,Salad Dressing / Miracle Whip Dressing / Mayonnaise,JASONS,5,2,0.4,5.6,29,0.19310344827586207,0.32633228840125394,0.31896551724137934,5.0,99.93743485739408
2024-02,category3,Noodles / Cooking needs / Processed food (cold),Condiments & sauces / Cooking needs,Salad Dressing / Miracle Whip Dressing / Mayonnaise,PARKNSHOP,4,4,1.0,12.25,29,0.4224137931034483,0.13953159585712496,0.11331877729257636,4.0,102.45768297676103
2024-02,category3,Noodles / Cooking needs / Processed food (cold),Condiments & sauces / Cooking needs,Salad Dressing / Miracle Whip Dressing / Mayonnaise,WELLCOME,5,2,0.4,5.6,29,0.19310344827586207,0.32523510971786834,0.31896551724137934,5.0,98.8445557671613
2024-02,category3,Noodles / Cooking needs / Processed food (cold),Condiments & sauces / Cooking needs,Salt,JASONS,4,0,0.0,0.0,29,0.0,,,4.0,100.22552123782785
2024-02,category3,Noodles / Cooking needs / Processed food (cold),Condiments & sauces / Cooking needs,Salt,PARKNSHOP,4,0,0.0,0.0,29,0.0,,,2.0,100.98280098280097
2024-02,category3,Noodles / Cooking needs / Processed food (cold),Condiments & sauces / Cooking needs,Salt,WELLCOME,4,0,0.0,0.0,29,0.0,,,4.0,99.42798255570824
2024-02,category3,Noodles / Cooking needs / Processed food (cold),Condiments & sauces / Cooking needs,Satay sauces,JASONS,2,1,0.5,8.0,29,0.27586206896551724,0.0895079185520362,0.07107843137254902,2.0,98.48725075077873
2024-02,category3,Noodles / Cooking needs / Processed food (cold),Condiments & sauces / Cooking needs,Satay sauces,PARKNSHOP,2,2,1.0,10.0,29,0.3448275862068966,0.13952113508720063,0.14798994974874363,2.0,104.05140736042975
2024-02,category3,Noodles / Cooking needs / Processed food (cold),Condiments & sauces / Cooking needs,Satay sauces,WELLCOME,2,1,0.5,8.0,29,0.27586206896551724,0.07230392156862744,0.058823529411764705,2.0,97.46134188879148
2024-02,category3,Noodles / Cooking needs / Processed food (cold),Condiments & sauces / Cooking needs,Sesame oil,JASONS,1,0,0.0,0.0,29,0.0,,,1.0,100.58384877738598
2024-02,category3,Noodles / Cooking needs / Processed food (cold),Condiments & sauces / Cooking needs,Sesame oil,PARKNSHOP,1,1,1.0,3.0,29,0.10344827586206896,0.10000000000000003,0.10000000000000003,1.0,98.83230244522805
2024-02,category3,Noodles / Cooking needs / Processed food (cold),Condiments & sauces / Cooking needs,Sesame oil,WELLCOME,1,0,0.0,0.0,29,0.0,,,1.0,100.58384877738598
2024-02,category3,Noodles / Cooking needs / Processed food (cold),Condiments & sauces / Cooking needs,Soy sauces,JASONS,3,2,0.6666666666666666,14.0,29,0.4827586206896552,0.19961498678312833,0.19601769911504424,3.0,97.3776482919194
2024-02,category3,Noodles / Cooking needs / Processed food (cold),Condiments & sauces / Cooking needs,Soy sauces,PARKNSHOP,3,3,1.0,12.0,29,0.41379310344827586,0.25975629308962644,0.28835978835978837,3.0,106.60754651049503
2024-02,category3,Noodles / Cooking needs / Processed food (cold),Condiments & sauces / Cooking needs,Soy sauces,WELLCOME,3,2,0.6666666666666666,14.0,29,0.4827586206896552,0.19601769911504424,0.19601769911504424,3.0,96.0148051975856
2024-02,category3,Noodles / Cooking needs / Processed food (cold),Condiments & sauces / Cooking needs,Sugar / Sweeteners,DCHFOOD,1,0,0.0,0.0,29,0.0,,,1.0,100.55727554179566
2024-02,category3,Noodles / Cooking needs / Processed food (cold),Condiments & sauces / Cooking needs,Sugar / Sweeteners,JASONS,7,2,0.2857142857142857,4.571428571428571,29,0.15763546798029557,0.12142857142857143,0.12142857142857143,7.0,101.03193394506734
2024-02,category3,Noodles / Cooking needs / Processed food (cold),Condiments & sauces / Cooking needs,Sugar / Sweeteners,PARKNSHOP,11,4,0.36363636363636365,8.545454545454545,29,0.2946708463949843,0.2500587277124009,0.3138461538461539,7.0,98.8170302453777
2024-02,category3,Noodles / Cooking needs / Processed food (cold),Condiments & sauces / Cooking needs,Sugar / Sweeteners,WELLCOME,7,2,0.2857142857142857,4.571428571428571,29,0.15763546798029557,0.1,0.1,7.0,100.11522694225772
2024-02,category3,Noodles / Cooking needs / Processed food (cold),Condiments & sauces / Cooking needs,Sweet soy sauces / Soy sauces for seafood,JASONS,3,2,0.6666666666666666,14.666666666666666,29,0.5057471264367815,0.3588286713286713,0.3653846153846154,3.0,98.25852881393176
2024-02,category3,Noodles / Cooking needs / Processed food (cold),Condiments & sauces / Cooking needs,Sweet soy sauces / Soy sauces for seafood,PARKNSHOP,4,4,1.0,20.75,29,0.7155172413793104,0.39597252737956257,0.5,3.0,103.92243036862054
2024-02,category3,Noodles / Cooking needs / Processed food (cold),Condiments & sauces / Cooking needs,Sweet soy sauces / Soy sauces for seafood,WELLCOME,3,2,0.6666666666666666,14.666666666666666,29,0.5057471264367815,0.3531468531468531,0.3653846153846154,3.0,97.81904081744767
2024-02,category3,Noodles / Cooking needs / Processed food (cold),Condiments & sauces / Cooking needs,Tomato paste / Tomato puree,JASONS,2,1,0.5,6.5,29,0.22413793103448276,0.5,0.5,2.0,105.25329598958584
2024-02,category3,Noodles / Cooking needs / Processed food (cold),Condiments & sauces / Cooking needs,Tomato paste / Tomato puree,PARKNSHOP,2,2,1.0,19.5,29,0.6724137931034483,0.3718287873808741,0.40083798882681565,2.0,91.05299787828154
2024-02,category3,Noodles / Cooking needs / Processed food (cold),Condiments & sauces / Cooking needs,Tomato paste / Tomato puree,WELLCOME,2,1,0.5,6.5,29,0.22413793103448276,0.5,0.5,2.0,103.69370613213262
2024-02,category3,Noodles / Cooking needs / Processed food (cold),Condiments & sauces / Cooking needs,Water chestnut flour,JASONS,1,0,0.0,0.0,29,0.0,,,1.0,98.94264658763218
2024-02,category3,Noodles / Cooking needs / Processed food (cold),Condiments & sauces / Cooking needs,Water chestnut flour,PARKNSHOP,1,0,0.0,0.0,29,0.0,,,1.0,103.14001922460751
2024-02,category3,Noodles / Cooking needs / Processed food (cold),Condiments & sauces / Cooking needs,Water chestnut flour,WELLCOME,1,0,0.0,0.0,29,0.0,,,1.0,97.91733418776035
2024-02,category3,Noodles / Cooking needs / Processed food (cold),Condiments & sauces / Cooking needs,XO sauces,JASONS,4,1,0.25,3.5,29,0.1206896551724138,0.19352568613652357,0.19642857142857142,4.0,102.47087043484471
2024-02,category3,Noodles / Cooking needs / Processed food (cold),Condiments & sauces / Cooking needs,XO sauces,PARKNSHOP,6,6,1.0,13.833333333333334,29,0.4770114942528736,0.11591483728269529,0.10077120822622103,4.0,96.16835561851984
2024-02,category3,Noodles / Cooking needs / Processed food (cold),Condiments & sauces / Cooking needs,XO sauces,WELLCOME,4,1,0.25,3.5,29,0.1206896551724138,0.19642857142857142,0.19642857142857142,4.0,101.36077394663545
2024-02,category3,Noodles / Cooking needs / Processed food (cold),Frozen / Chilled processed food,Bacon,JASONS,3,0,0.0,0.0,29,0.0,,,2.0,92.28756751794741
2024-02,category3,Noodles / Cooking needs / Processed food (cold),Frozen / Chilled processed food,Bacon,PARKNSHOP,2,2,1.0,10.0,29,0.3448275862068966,0.07999999999999992,0.07999999999999992,2.0,115.42486496410518
2024-02,category3,Noodles / Cooking needs / Processed food (cold),Frozen / Chilled processed food,Bacon,WELLCOME,2,0,0.0,0.0,29,0.0,,,2.0,92.28756751794741
2024-02,category3,Noodles / Cooking needs / Processed food (cold),Frozen / Chilled processed food,Congee / Noodles / Spaghetti,JASONS,3,3,1.0,29.0,29,1.0,0.21573510190511438,0.17608695652173917,3.0,96.86155811195573
2024-02,category3,Noodles / Cooking needs / Processed food (cold),Frozen / Chilled processed food,Congee / Noodles / Spaghetti,PARKNSHOP,3,3,1.0,25.666666666666668,29,0.8850574712643678,0.1818128823612403,0.17998353245618454,3.0,106.27688377608855
2024-02,category3,Noodles / Cooking needs / Processed food (cold),Frozen / Chilled processed food,Congee / Noodles / Spaghetti,WELLCOME,3,3,1.0,29.0,29,1.0,0.20747166416791607,0.17608695652173917,3.0,96.86155811195573
2024-02,category3,Noodles / Cooking needs / Processed food (cold),Frozen / Chilled processed food,Desserts,JASONS,2,2,1.0,29.0,29,1.0,0.34384011835052825,0.34436612758310875,2.0,95.52003392183998
2024-02,category3,Noodles / Cooking needs / Processed food (cold),Frozen / Chilled processed food,Desserts,PARKNSHOP,3,3,1.0,28.333333333333332,29,0.9770114942528735,0.3181209520443598,0.330188679245283,2.0,108.95993215632005
2024-02,category3,Noodles / Cooking needs / Processed food (cold),Frozen / Chilled processed food,Desserts,WELLCOME,2,2,1.0,29.0,29,1.0,0.34384011835052825,0.34436612758310875,2.0,95.52003392183998
2024-02,category3,Noodles / Cooking needs / Processed food (cold),Frozen / Chilled processed food,Dim sum,JASONS,22,22,1.0,18.863636363636363,29,0.6504702194357367,0.3573831240580587,0.3914893617021276,22.0,99.77465399255368
2024-02,category3,Noodles / Cooking needs / Processed food (cold),Frozen / Chilled processed food,Dim sum,PARKNSHOP,25,23,0.92,11.0,29,0.3793103448275862,0.24160878685233242,0.26861702127659576,22.0,101.10004575687641
2024-02,category3,Noodles / Cooking needs / Processed food (cold),Frozen / Chilled processed food,Dim sum,WELLCOME,22,22,1.0,21.727272727272727,29,0.7492163009404389,0.3567520406730011,0.3914893617021276,22.0,99.12530025056986
2024-02,category3,Noodles / Cooking needs / Processed food (cold),Frozen / Chilled processed food,Fish balls,JASONS,4,4,1.0,21.5,29,0.7413793103448276,0.3152300270529277,0.3211538461538461,4.0,100.96231750321823
2024-02,category3,Noodles / Cooking needs / Processed food (cold),Frozen / Chilled processed food,Fish balls,PARKNSHOP,5,5,1.0,21.8,29,0.7517241379310345,0.2322233433219339,0.2372529411764706,4.0,99.06264916260864
2024-02,category3,Noodles / Cooking needs / Processed food (cold),Frozen / Chilled processed food,Fish balls,WELLCOME,4,4,1.0,21.5,29,0.7413793103448276,0.3130385226141939,0.32,4.0,99.97503333417316
2024-02,category3,Noodles / Cooking needs / Processed food (cold),Frozen / Chilled processed food,Ham,JASONS,3,2,0.6666666666666666,5.333333333333333,29,0.1839080459770115,0.26704014939309056,0.2647058823529412,3.0,99.5589113614118
2024-02,category3,Noodles / Cooking needs / Processed food (cold),Frozen / Chilled processed food,Ham,PARKNSHOP,3,3,1.0,14.0,29,0.4827586206896552,0.14845132743362835,0.26253687315634217,3.0,101.45738523882157
2024-02,category3,Noodles / Cooking needs / Processed food (cold),Frozen / Chilled processed food,Ham,WELLCOME,3,2,0.6666666666666666,6.0,29,0.20689655172413793,0.2647058823529412,0.2647058823529412,3.0,98.98370339976668
2024-02,category3,Noodles / Cooking needs / Processed food (cold),Frozen / Chilled processed food,Pastry,JASONS,1,1,1.0,14.0,29,0.4827586206896552,0.23660714285714285,0.2265625,1.0,100.0
2024-02,category3,Noodles / Cooking needs / Processed food (cold),Frozen / Chilled processed food,Pastry,PARKNSHOP,1,0,0.0,0.0,29,0.0,,,,
2024-02,category3,Noodles / Cooking needs / Processed food (cold),Frozen / Chilled processed food,Pastry,WELLCOME,1,1,1.0,14.0,29,0.4827586206896552,0.2265625,0.2265625,1.0,100.0
2024-02,category3,Noodles / Cooking needs / Processed food (cold),Frozen / Chilled processed food,Pig knuckles,JASONS,1,0,0.0,0.0,29,0.0,,,1.0,100.0
2024-02,category3,Noodles / Cooking needs / Processed food (cold),Frozen / Chilled processed food,Pig knuckles,WELLCOME,1,0,0.0,0.0,29,0.0,,,1.0,100.0
2024-02,category3,Noodles / Cooking needs / Processed food (cold),Frozen / Chilled processed food,Sausages,JASONS,2,1,0.5,9.5,29,0.3275862068965517,0.2511961722488038,0.25,2.0,101.99839209831171
2024-02,category3,Noodles / Cooking needs / Processed food (cold),Frozen / Chilled processed food,Sausages,PARKNSHOP,5,4,0.8,11.4,29,0.3931034482758621,0.227485229841515,0.23545331529093375,2.0,96.00321580337659
2024-02,category3,Noodles / Cooking needs / Processed food (cold),Frozen / Chilled processed food,Sausages,WELLCOME,2,1,0.5,9.5,29,0.3275862068965517,0.2511961722488038,0.25,2.0,101.99839209831171
2024-02,category3,Noodles / Cooking needs / Processed food (cold),Instant noodles,Cups / Bowls / Trays,JASONS,9,9,1.0,27.88888888888889,29,0.9616858237547893,0.22185973413757412,0.19191919191919196,9.0,97.71586935802138
2024-02,category3,Noodles / Cooking needs / Processed food (cold),Instant noodles,Cups / Bowls / Trays,PARKNSHOP,11,11,1.0,25.636363636363637,29,0.884012539184953,0.2727862158956498,0.24050632911392408,9.0,104.31900170030192
2024-02,category3,Noodles / Cooking needs / Processed food (cold),Instant noodles,Cups / Bowls / Trays,WELLCOME,9,9,1.0,28.77777777777778,29,0.9923371647509579,0.214518797872715,0.15789473684210525,9.0,97.96512894167671
2024-02,category3,Noodles / Cooking needs / Processed food (cold),Instant noodles,Packs,DCHFOOD,6,0,0.0,0.0,29,0.0,,,6.0,113.29131163501755
2024-02,category3,Noodles / Cooking needs / Processed food (cold),Instant noodles,Packs,JASONS,19,14,0.7368421052631579,17.36842105263158,29,0.5989110707803993,0.31810816123068625,0.3,19.0,99.00915204142352
2024-02,category3,Noodles / Cooking needs / Processed food (cold),Instant noodles,Packs,PARKNSHOP,26,24,0.9230769230769231,16.96153846153846,29,0.5848806366047745,0.2294604356783674,0.19813711034038745,17.0,99.03937723799746
2024-02,category3,Noodles / Cooking needs / Processed food (cold),Instant noodles,Packs,WELLCOME,18,15,0.8333333333333334,19.11111111111111,29,0.6590038314176245,0.29842151286516805,0.3,18.0,97.81774633681492
2024-02,category3,Noodles / Cooking needs / Processed food (cold),Non-instant Italian pasta,Long Italian pasta,DCHFOOD,2,0,0.0,0.0,29,0.0,,,2.0,104.22925258119862
2024-02,category3,Noodles / Cooking needs / Processed food (cold),Non-instant Italian pasta,Long Italian pasta,JASONS,5,5,1.0,13.8,29,0.47586206896551725,0.21836496836496835,0.11363636363636363,5.0,93.55660362706372
2024-02,category3,Noodles / Cooking needs / Processed food (cold),Non-instant Italian pasta,Long Italian pasta,PARKNSHOP,8,7,0.875,9.625,29,0.33189655172413796,0.10893806098156265,0.06711409395973154,5.0,112.13870438343542
2024-02,category3,Noodles / Cooking needs / Processed food (cold),Non-instant Italian pasta,Long Italian pasta,WELLCOME,5,5,1.0,15.2,29,0.5241379310344827,0.21433566433566434,0.11363636363636363,5.0,92.84993192137048
2024-02,category3,Noodles / Cooking needs / Processed food (cold),Non-instant Italian pasta,Shaped Italian pasta,DCHFOOD,2,0,0.0,0.0,29,0.0,,,2.0,103.39360097941143
2024-02,category3,Noodles / Cooking needs / Processed food (cold),Non-instant Italian pasta,Shaped Italian pasta,JASONS,6,5,0.8333333333333334,11.0,29,0.3793103448275862,0.2633866133866134,0.36538461538461536,6.0,100.40898367261421
2024-02,category3,Noodles / Cooking needs / Processed food (cold),Non-instant Italian pasta,Shaped Italian pasta,PARKNSHOP,7,7,1.0,11.428571428571429,29,0.39408866995073893,0.10000111361043118,0.046762589928057575,5.0,98.00021715108768
2024-02,category3,Noodles / Cooking needs / Processed food (cold),Non-instant Italian pasta,Shaped Italian pasta,WELLCOME,5,4,0.8,11.6,29,0.39999999999999997,0.30244755244755245,0.36538461538461536,5.0,100.45142702696485
2024-02,category3,Noodles / Cooking needs / Processed food (cold),Non-instant oriental noodles,Buckwheat noodles / Soba Noodles,PARKNSHOP,1,1,1.0,8.0,29,0.27586206896551724,0.14583333333333331,0.16666666666666666,,
2024-02,category3,Noodles / Cooking needs / Processed food (cold),Non-instant oriental noodles,Chinese noodles,JASONS,2,0,0.0,0.0,29,0.0,,,2.0,101.02128009509319
2024-02,category3,Noodles / Cooking needs / Processed food (cold),Non-instant oriental noodles,Chinese noodles,PARKNSHOP,2,2,1.0,10.5,29,0.3620689655172414,0.09263765432098768,0.09325000000000003,2.0,97.39764584509228
2024-02,category3,Noodles / Cooking needs / Processed food (cold),Non-instant oriental noodles,Chinese noodles,WELLCOME,2,0,0.0,0.0,29,0.0,,,2.0,101.58107405981451
2024-02,category3,Noodles / Cooking needs / Processed food (cold),Non-instant oriental noodles,Plain noodles / Somen noodles / Ramen noodles,JASONS,2,2,1.0,23.5,29,0.8103448275862069,0.404241242837734,0.4085592769803296,2.0,102.82367216479417
2024-02,category3,Noodles / Cooking needs / Processed food (cold),Non-instant oriental noodles,Plain noodles / Somen noodles / Ramen noodles,PARKNSHOP,5,5,1.0,18.4,29,0.6344827586206896,0.24731028316866804,0.28899082568807344,2.0,93.98841261419129
2024-02,category3,Noodles / Cooking needs / Processed food (cold),Non-instant oriental noodles,Plain noodles / Somen noodles / Ramen noodles,WELLCOME,2,2,1.0,28.0,29,0.9655172413793104,0.38919136922766684,0.3157894736842105,2.0,103.18791522101456
2024-02,category3,Noodles / Cooking needs / Processed food (cold),Non-instant oriental noodles,Rice vermicelli / Rice noodles / Rice sticks,JASONS,2,1,0.5,14.5,29,0.5,0.38334009465855307,0.4375,2.0,92.75719996736558
2024-02,category3,Noodles / Cooking needs / Processed food (cold),Non-instant oriental noodles,Rice vermicelli / Rice noodles / Rice sticks,PARKNSHOP,6,6,1.0,9.833333333333334,29,0.339080459770115,0.10527406509812554,0.08403954802259886,2.0,115.2504691196867
2024-02,category3,Noodles / Cooking needs / Processed food (cold),Non-instant oriental noodles,Rice vermicelli / Rice noodles / Rice sticks,WELLCOME,2,2,1.0,15.5,29,0.5344827586206896,0.4382471264367816,0.46875,2.0,91.9923309129477
2024-02,category3,Noodles / Cooking needs / Processed food (cold),Udon noodles,Wet noodles,DCHFOOD,1,0,0.0,0.0,29,0.0,,,,
2024-02,category3,Noodles / Cooking needs / Processed food (cold),Udon noodles,Wet noodles,PARKNSHOP,1,1,1.0,12.0,29,0.41379310344827586,0.09130434782608703,0.09130434782608701,,
2024-02,category3,Personal care,Adult diapers / diaper pants,Adult Diapers/Diaper Pants,JASONS,2,1,0.5,10.0,29,0.3448275862068966,0.18823529411764706,0.18823529411764706,2.0,93.74984184883472
2024-02,category3,Personal care,Adult diapers / diaper pants,Adult Diapers/Diaper Pants,MANNINGS,7,5,0.7142857142857143,13.857142857142858,29,0.47783251231527096,0.2045202439152185,0.20000000000000004,7.0,98.48036316924589
2024-02,category3,Personal care,Adult diapers / diaper pants,Adult Diapers/Diaper Pants,PARKNSHOP,8,2,0.25,4.25,29,0.14655172413793102,0.1623233703845149,0.1623233703845149,8.0,103.6357471379034
2024-02,category3,Personal care,Adult diapers / diaper pants,Adult Diapers/Diaper Pants,WATSONS,9,2,0.2222222222222222,4.222222222222222,29,0.14559386973180077,0.24187840290381124,0.25131578947368416,9.0,100.07779233515038
2024-02,category3,Personal care,Adult diapers / diaper pants,Adult Diapers/Diaper Pants,WELLCOME,4,1,0.25,5.0,29,0.1724137931034483,0.18823529411764706,0.18823529411764706,4.0,98.30680572680866
2024-02,category3,Personal care,Adult diapers / diaper pants,Underpads,JASONS,2,2,1.0,29.0,29,1.0,0.24999999999999992,0.2499999999999999,2.0,99.99581801331706
2024-02,category3,Personal care,Adult diapers / diaper pants,Underpads,MANNINGS,3,1,0.3333333333333333,5.333333333333333,29,0.1839080459770115,0.45625,0.5,3.0,94.57865015592107
2024-02,category3,Personal care,Adult diapers / diaper pants,Underpads,PARKNSHOP,3,1,0.3333333333333333,4.666666666666667,29,0.16091954022988506,0.33333251833740835,0.3333325183374083,3.0,98.18771592419688
2024-02,category3,Personal care,Adult diapers / diaper pants,Underpads,WATSONS,4,1,0.25,1.75,29,0.0603448275862069,0.24999999999999994,0.24999999999999994,4.0,107.04017074989468
2024-02,category3,Personal care,Adult diapers / diaper pants,Underpads,WELLCOME,3,2,0.6666666666666666,19.333333333333332,29,0.6666666666666666,0.24999999999999992,0.2499999999999999,3.0,97.15698506269253
2024-02,category3,Personal care,Antiperspirants / Deodorants,Roll on,JASONS,4,0,0.0,0.0,29,0.0,,,4.0,99.2648878591336
2024-02,category3,Personal care,Antiperspirants / Deodorants,Roll on,MANNINGS,6,0,0.0,0.0,29,0.0,,,6.0,98.66763006306668
2024-02,category3,Personal care,Antiperspirants / Deodorants,Roll on,PARKNSHOP,6,0,0.0,0.0,29,0.0,,,6.0,103.43074929697535
2024-02,category3,Personal care,Antiperspirants / Deodorants,Roll on,WATSONS,6,0,0.0,0.0,29,0.0,,,6.0,98.66763006306668
2024-02,category3,Personal care,Antiperspirants / Deodorants,Roll on,WELLCOME,3,0,0.0,0.0,29,0.0,,,3.0,98.60246998203249
2024-02,category3,Personal care,Antiperspirants / Deodorants,Sprays,JASONS,6,0,0.0,0.0,29,0.0,,,6.0,99.77689327365252
2024-02,category3,Personal care,Antiperspirants / Deodorants,Sprays,MANNINGS,4,0,0.0,0.0,29,0.0,,,4.0,98.68409745813689
2024-02,category3,Personal care,Antiperspirants / Deodorants,Sprays,PARKNSHOP,6,0,0.0,0.0,29,0.0,,,6.0,104.25388301334276
2024-02,category3,Personal care,Antiperspirants / Deodorants,Sprays,WATSONS,6,0,0.0,0.0,29,0.0,,,6.0,98.65346781014665
2024-02,category3,Personal care,Antiperspirants / Deodorants,Sprays,WELLCOME,6,0,0.0,0.0,29,0.0,,,6.0,98.16881649448547
2024-02,category3,Personal care,Bathing lotions / Liquid soap / Soap,Body washes / Shower gels,JASONS,11,7,0.6363636363636364,9.0,29,0.3103448275862069,0.2917251667251667,0.25,11.0,100.1896333687441
2024-02,category3,Personal care,Bathing lotions / Liquid soap / Soap,Body washes / Shower gels,MANNINGS,5,2,0.4,3.0,29,0.10344827586206896,0.25,0.25,5.0,104.16839836023095
2024-02,category3,Personal care,Bathing lotions / Liquid soap / Soap,Body washes / Shower gels,PARKNSHOP,14,6,0.42857142857142855,6.142857142857143,29,0.2118226600985222,0.25954716719592724,0.24003856041131105,12.0,97.26425704044803
2024-02,category3,Personal care,Bathing lotions / Liquid soap / Soap,Body washes / Shower gels,WATSONS,10,4,0.4,8.3,29,0.28620689655172415,0.24999999999999997,0.24999999999999997,9.0,100.21764681555932
2024-02,category3,Personal care,Bathing lotions / Liquid soap / Soap,Body washes / Shower gels,WELLCOME,11,7,0.6363636363636364,9.363636363636363,29,0.3228840125391849,0.2917251667251667,0.25,11.0,99.71019581802823
2024-02,category3,Personal care,Bathing lotions / Liquid soap / Soap,Hand washes,JASONS,3,3,1.0,14.333333333333334,29,0.4942528735632184,0.27777763772175534,0.25,3.0,102.94343450410143
2024-02,category3,Personal care,Bathing lotions / Liquid soap / Soap,Hand washes,MANNINGS,2,0,0.0,0.0,29,0.0,,,2.0,86.01768936832862
2024-02,category3,Personal care,Bathing lotions / Liquid soap / Soap,Hand washes,PARKNSHOP,5,4,0.8,9.2,29,0.3172413793103448,0.20776145910527583,0.18638587101434517,3.0,106.44971695678889
2024-02,category3,Personal care,Bathing lotions / Liquid soap / Soap,Hand washes,WATSONS,3,2,0.6666666666666666,1.3333333333333333,29,0.04597701149425287,0.24999999999999994,0.24999999999999994,3.0,98.0374286162952
2024-02,category3,Personal care,Bathing lotions / Liquid soap / Soap,Hand washes,WELLCOME,3,3,1.0,14.666666666666666,29,0.5057471264367815,0.27777777777777773,0.25,3.0,102.2914351462399
2024-02,category3,Personal care,Bathing lotions / Liquid soap / Soap,Soaps,JASONS,2,1,0.5,6.5,29,0.22413793103448276,0.1336272423228945,0.13636363636363635,2.0,99.24694026460342
2024-02,category3,Personal care,Bathing lotions / Liquid soap / Soap,Soaps,PARKNSHOP,2,0,0.0,0.0,29,0.0,,,2.0,110.19480966476216
2024-02,category3,Personal care,Bathing lotions / Liquid soap / Soap,Soaps,WATSONS,1,0,0.0,0.0,29,0.0,,,1.0,83.19327731092437
2024-02,category3,Personal care,Bathing lotions / Liquid soap / Soap,Soaps,WELLCOME,2,1,0.5,6.5,29,0.22413793103448276,0.13636363636363635,0.13636363636363635,2.0,97.38838333080936
2024-02,category3,Personal care,Contraceptives,Condoms,JASONS,15,5,0.3333333333333333,4.266666666666667,29,0.1471264367816092,0.2511886417183632,0.25139664804469275,15.0,102.7687436256541
2024-02,category3,Personal care,Contraceptives,Condoms,MANNINGS,10,10,1.0,16.4,29,0.5655172413793103,0.4875,0.5,10.0,86.39703005373313
2024-02,category3,Personal care,Contraceptives,Condoms,PARKNSHOP,10,9,0.9,13.8,29,0.47586206896551725,0.2653468476680281,0.24986835176408645,10.0,105.16318758030442
2024-02,category3,Personal care,Contraceptives,Condoms,WATSONS,18,17,0.9444444444444444,10.222222222222221,29,0.3524904214559387,0.25,0.25,17.0,101.16853598040632
2024-02,category3,Personal care,Contraceptives,Condoms,WELLCOME,15,5,0.3333333333333333,4.666666666666667,29,0.16091954022988506,0.2511886417183632,0.25139664804469275,15.0,100.57137198662896
2024-02,category3,Personal care,Drugs / Herbs,Alcohol of mint / Essential oil of peppermint,JASONS,1,0,0.0,0.0,29,0.0,,,1.0,99.03414501428378
2024-02,category3,Personal care,Drugs / Herbs,Alcohol of mint / Essential oil of peppermint,MANNINGS,1,0,0.0,0.0,29,0.0,,,1.0,99.03414501428378
2024-02,category3,Personal care,Drugs / Herbs,Alcohol of mint / Essential oil of peppermint,PARKNSHOP,1,1,1.0,4.0,29,0.13793103448275862,0.20353982300884957,0.20353982300884957,1.0,96.78955244184466
2024-02,category3,Personal care,Drugs / Herbs,Alcohol of mint / Essential oil of peppermint,WATSONS,1,0,0.0,0.0,29,0.0,,,1.0,106.10801251530404
2024-02,category3,Personal care,Drugs / Herbs,Alcohol of mint / Essential oil of peppermint,WELLCOME,1,0,0.0,0.0,29,0.0,,,1.0,99.03414501428378
2024-02,category3,Personal care,Drugs / Herbs,Cough medicines,JASONS,2,1,0.5,6.5,29,0.22413793103448276,0.16101694915254236,0.16101694915254236,2.0,103.6947267020913
2024-02,category3,Personal care,Drugs / Herbs,Cough medicines,MANNINGS,2,1,0.5,3.0,29,0.10344827586206896,0.20000000000000007,0.20000000000000007,2.0,86.50084207798938
2024-02,category3,Personal care,Drugs / Herbs,Cough medicines,WATSONS,2,0,0.0,0.0,29,0.0,,,2.0,93.88646288209607
2024-02,category3,Personal care,Drugs / Herbs,Cough medicines,WELLCOME,3,1,0.3333333333333333,4.333333333333333,29,0.14942528735632182,0.16101694915254236,0.16101694915254236,3.0,110.40701419043859
2024-02,category3,Personal care,Drugs / Herbs,Gastro-intestinal drugs,JASONS,1,0,0.0,0.0,29,0.0,,,1.0,100.0
2024-02,category3,Personal care,Drugs / Herbs,Gastro-intestinal drugs,MANNINGS,1,0,0.0,0.0,29,0.0,,,1.0,100.0
2024-02,category3,Personal care,Drugs / Herbs,Gastro-intestinal drugs,WELLCOME,1,0,0.0,0.0,29,0.0,,,1.0,100.0
2024-02,category3,Personal care,Drugs / Herbs,Insect repellents,JASONS,7,0,0.0,0.0,29,0.0,,,6.0,100.04486105713349
2024-02,category3,Personal care,Drugs / Herbs,Insect repellents,MANNINGS,6,0,0.0,0.0,29,0.0,,,6.0,97.05568331143233
2024-02,category3,Personal care,Drugs / Herbs,Insect repellents,PARKNSHOP,8,0,0.0,0.0,29,0.0,,,6.0,107.03771797740717
2024-02,category3,Personal care,Drugs / Herbs,Insect repellents,WATSONS,8,0,0.0,0.0,29,0.0,,,8.0,96.98545187348275
2024-02,category3,Personal care,Drugs / Herbs,Insect repellents,WELLCOME,5,0,0.0,0.0,29,0.0,,,5.0,99.36295160487192
2024-02,category3,Personal care,Drugs / Herbs,Nasal spray,JASONS,1,0,0.0,0.0,29,0.0,,,1.0,116.3232104121475
2024-02,category3,Personal care,Drugs / Herbs,Nasal spray,MANNINGS,4,1,0.25,4.0,29,0.13793103448275862,0.28750000000000003,0.30000000000000004,4.0,96.35477866270953
2024-02,category3,Personal care,Drugs / Herbs,Nasal spray,PARKNSHOP,1,0,0.0,0.0,29,0.0,,,1.0,103.88059701492539
2024-02,category3,Personal care,Drugs / Herbs,Nasal spray,WATSONS,4,2,0.5,7.25,29,0.25,0.26875000000000004,0.275,4.0,97.30578736219265
2024-02,category3,Personal care,Drugs / Herbs,Ointments,JASONS,2,0,0.0,0.0,29,0.0,,,2.0,102.5797781232707
2024-02,category3,Personal care,Drugs / Herbs,Ointments,MANNINGS,2,2,1.0,29.0,29,1.0,0.07408802991567137,0.07408802991567137,2.0,92.31336794118423
2024-02,category3,Personal care,Drugs / Herbs,Ointments,PARKNSHOP,2,0,0.0,0.0,29,0.0,,,2.0,103.62328388099817
2024-02,category3,Personal care,Drugs / Herbs,Ointments,WELLCOME,2,0,0.0,0.0,29,0.0,,,2.0,101.48357005454692
2024-02,category3,Personal care,Drugs / Herbs,Other health supplements,PARKNSHOP,3,0,0.0,0.0,29,0.0,,,2.0,104.17466566882503
2024-02,category3,Personal care,Drugs / Herbs,Other health supplements,WATSONS,2,1,0.5,7.0,29,0.2413793103448276,0.1715976331360946,0.1715976331360946,2.0,100.21149904011975
2024-02,category3,Personal care,Drugs / Herbs,Other health supplements,WELLCOME,1,1,1.0,6.0,29,0.20689655172413793,0.1205882352941177,0.12058823529411769,1.0,91.45158221827637
2024-02,category3,Personal care,Drugs / Herbs,Pain / Fever / Cold / Flu medicines,JASONS,1,0,0.0,0.0,29,0.0,,,1.0,98.00918836140889
2024-02,category3,Personal care,Drugs / Herbs,Pain / Fever / Cold / Flu medicines,WATSONS,7,1,0.14285714285714285,0.2857142857142857,29,0.009852216748768473,0.15000000000000005,0.15000000000000005,1.0,101.99081163859111
2024-02,category3,Personal care,Drugs / Herbs,Pain relief patches,JASONS,2,0,0.0,0.0,29,0.0,,,2.0,99.63345230056912
2024-02,category3,Personal care,Drugs / Herbs,Pain relief patches,WATSONS,2,0,0.0,0.0,29,0.0,,,2.0,101.0638151276716
2024-02,category3,Personal care,Drugs / Herbs,Pain relief patches,WELLCOME,2,0,0.0,0.0,29,0.0,,,2.0,99.30273257175928
2024-02,category3,Personal care,Drugs / Herbs,Proprietary Chinese medicines - Medicinal oils,JASONS,2,0,0.0,0.0,29,0.0,,,2.0,99.21427634625071
2024-02,category3,Personal care,Drugs / Herbs,Proprietary Chinese medicines - Medicinal oils,MANNINGS,5,1,0.2,3.2,29,0.11034482758620691,0.5,0.5,5.0,101.74245865207612
2024-02,category3,Personal care,Drugs / Herbs,Proprietary Chinese medicines - Medicinal oils,PARKNSHOP,5,3,0.6,12.0,29,0.41379310344827586,0.09123797983447102,0.06015037593984959,5.0,90.88027248222849
2024-02,category3,Personal care,Drugs / Herbs,Proprietary Chinese medicines - Medicinal oils,WATSONS,5,0,0.0,0.0,29,0.0,,,5.0,108.2902863677129
2024-02,category3,Personal care,Drugs / Herbs,Proprietary Chinese medicines - Medicinal oils,WELLCOME,2,0,0.0,0.0,29,0.0,,,2.0,98.65823365342645
2024-02,category3,Personal care,Drugs / Herbs,Proprietary Chinese medicines - Oral,JASONS,3,0,0.0,0.0,29,0.0,,,3.0,101.25307182569381
2024-02,category3,Personal care,Drugs / Herbs,Proprietary Chinese medicines - Oral,MANNINGS,3,1,0.3333333333333333,5.333333333333333,29,0.1839080459770115,0.1,0.1,3.0,97.80641218527545
2024-02,category3,Personal care,Drugs / Herbs,Proprietary Chinese medicines - Oral,PARKNSHOP,3,1,0.3333333333333333,9.666666666666666,29,0.3333333333333333,0.10099999999999994,0.10099999999999994,3.0,97.43740467305936
2024-02,category3,Personal care,Drugs / Herbs,Proprietary Chinese medicines - Oral,WATSONS,3,1,0.3333333333333333,5.333333333333333,29,0.1839080459770115,0.1,0.1,3.0,102.25003949027764
2024-02,category3,Personal care,Drugs / Herbs,Proprietary Chinese medicines - Oral,WELLCOME,3,0,0.0,0.0,29,0.0,,,3.0,101.25307182569381
2024-02,category3,Personal care,Drugs / Herbs,Proprietary Chinese medicines - powder for oral solution,MANNINGS,1,1,1.0,29.0,29,1.0,0.08904109589041093,0.08904109589041093,1.0,100.61739130434782
2024-02,category3,Personal care,Drugs / Herbs,Proprietary Chinese medicines - powder for oral solution,PARKNSHOP,1,1,1.0,29.0,29,1.0,0.04545454545454542,0.04545454545454542,1.0,100.61739130434782
2024-02,category3,Personal care,Drugs / Herbs,Proprietary Chinese medicines - powder for oral solution,WATSONS,1,1,1.0,28.0,29,0.9655172413793104,0.11491128233261545,0.10958904109589035,1.0,98.76521739130433
2024-02,category3,Personal care,Feminine care,Feminine washes,MANNINGS,2,2,1.0,16.0,29,0.5517241379310345,0.5,0.5,2.0,81.24846001192871
2024-02,category3,Personal care,Feminine care,Feminine washes,PARKNSHOP,4,2,0.5,4.5,29,0.15517241379310345,0.15018433778048856,0.15018433778048856,4.0,106.61086548986312
2024-02,category3,Personal care,Feminine care,Feminine washes,WATSONS,4,2,0.5,4.5,29,0.15517241379310345,0.14999999999999997,0.14999999999999997,4.0,103.69982516893626
2024-02,category3,Personal care,Feminine care,Sanitary napkins,JASONS,14,10,0.7142857142857143,5.142857142857143,29,0.17733990147783252,0.41664682539682535,0.5,13.0,102.53707453764287
2024-02,category3,Personal care,Feminine care,Sanitary napkins,MANNINGS,19,18,0.9473684210526315,14.736842105263158,29,0.5081669691470054,0.47544811661553776,0.5,18.0,89.64424052024363
2024-02,category3,Personal care,Feminine care,Sanitary napkins,PARKNSHOP,27,21,0.7777777777777778,8.62962962962963,29,0.29757343550447,0.3494400259285421,0.3333333333333333,26.0,101.84922381842587
2024-02,category3,Personal care,Feminine care,Sanitary napkins,WATSONS,28,20,0.7142857142857143,7.035714285714286,29,0.24261083743842365,0.339173738487367,0.25,27.0,102.74411447793739
2024-02,category3,Personal care,Feminine care,Sanitary napkins,WELLCOME,13,10,0.7692307692307693,5.538461538461538,29,0.1909814323607427,0.41694444444444445,0.5,13.0,101.81134631186623
2024-02,category3,Personal care,Feminine care,Sanitary pads,JASONS,5,5,1.0,9.6,29,0.3310344827586207,0.3634066928025498,0.26666799999999996,5.0,98.70663752098585
2024-02,category3,Personal care,Feminine care,Sanitary pads,MANNINGS,1,1,1.0,7.0,29,0.2413793103448276,0.5,0.5,1.0,90.45649404900496
2024-02,category3,Personal care,Feminine care,Sanitary pads,PARKNSHOP,7,6,0.8571428571428571,8.571428571428571,29,0.29556650246305416,0.31156409333993773,0.2635182505168603,5.0,105.08210857131972
2024-02,category3,Personal care,Feminine care,Sanitary pads,WATSONS,3,1,0.3333333333333333,2.6666666666666665,29,0.09195402298850575,0.26029216867469873,0.263722891566265,3.0,100.70313700824852
2024-02,category3,Personal care,Feminine care,Sanitary pads,WELLCOME,5,5,1.0,9.6,29,0.3310344827586207,0.3640963272727272,0.26666799999999996,5.0,98.4210273229484
2024-02,category3,Personal care,Feminine care,Sanitary tampons,JASONS,1,1,1.0,29.0,29,1.0,0.3074558977195894,0.22727272727272727,1.0,82.65041982614318
2024-02,category3,Personal care,Feminine care,Sanitary tampons,PARKNSHOP,1,1,1.0,13.0,29,0.4482758620689655,0.4102569558101473,0.3333343465045593,1.0,86.31138866881895
2024-02,category3,Personal care,Feminine care,Sanitary tampons,WATSONS,2,1,0.5,0.5,29,0.017241379310344827,0.13943355119825707,0.13943355119825707,1.0,149.3761175064121
2024-02,category3,Personal care,Feminine care,Sanitary tampons,WELLCOME,1,1,1.0,29.0,29,1.0,0.30929989550679204,0.22727272727272727,1.0,81.66207399862576
2024-02,category3,Personal care,First aid,Cooling gel sheets,JASONS,1,0,0.0,0.0,29,0.0,,,1.0,123.5178822049073
2024-02,category3,Personal care,First aid,Cooling gel sheets,MANNINGS,1,0,0.0,0.0,29,0.0,,,1.0,87.36630692542224
2024-02,category3,Personal care,First aid,Cooling gel sheets,PARKNSHOP,1,0,0.0,0.0,29,0.0,,,1.0,82.45414509025795
2024-02,category3,Personal care,First aid,Cooling gel sheets,WATSONS,1,0,0.0,0.0,29,0.0,,,1.0,84.20848860281663
2024-02,category3,Personal care,First aid,Cooling gel sheets,WELLCOME,1,0,0.0,0.0,29,0.0,,,1.0,122.45317717659583
2024-02,category3,Personal care,First aid,Tape,JASONS,2,0,0.0,0.0,29,0.0,,,2.0,106.3124066780138
2024-02,category3,Personal care,First aid,Tape,PARKNSHOP,2,0,0.0,0.0,29,0.0,,,2.0,104.84506246044378
2024-02,category3,Personal care,First aid,Tape,WATSONS,3,1,0.3333333333333333,4.333333333333333,29,0.14942528735632182,0.5,0.5,1.0,74.69358327325163
2024-02,category3,Personal care,First aid,Tape,WELLCOME,2,0,0.0,0.0,29,0.0,,,2.0,106.3124066780138
2024-02,category3,Personal care,Hair care,Conditioners,JASONS,3,3,1.0,8.666666666666666,29,0.29885057471264365,0.2633839035516455,0.25,3.0,104.06643868935915
2024-02,category3,Personal care,Hair care,Conditioners,MANNINGS,4,4,1.0,20.25,29,0.6982758620689655,0.1667627723355858,0.11553005623019222,4.0,94.89112543477816
2024-02,category3,Personal care,Hair care,Conditioners,PARKNSHOP,5,5,1.0,6.4,29,0.22068965517241382,0.2604378467999936,0.27499999999999997,4.0,99.69682228214533
2024-02,category3,Personal care,Hair care,Conditioners,WATSONS,4,4,1.0,16.75,29,0.5775862068965517,0.15988731717568572,0.13921154976339942,4.0,99.6346472179848
2024-02,category3,Personal care,Hair care,Conditioners,WELLCOME,3,3,1.0,8.666666666666666,29,0.29885057471264365,0.26338383838383833,0.25,3.0,103.4160284194751
2024-02,category3,Personal care,Hair care,Hair colourings,PARKNSHOP,1,1,1.0,16.0,29,0.5517241379310345,0.10632530120481924,0.09999999999999996,1.0,104.44964331401046
2024-02,category3,Personal care,Hair care,Hair colourings,WATSONS,1,1,1.0,15.0,29,0.5172413793103449,0.25,0.25,1.0,95.55035668598956
2024-02,category3,Personal care,Hair care,Hair stylings,JASONS,3,0,0.0,0.0,29,0.0,,,3.0,102.71625897059957
2024-02,category3,Personal care,Hair care,Hair stylings,MANNINGS,1,1,1.0,16.0,29,0.5517241379310345,0.5,0.5,1.0,88.470066518847
2024-02,category3,Personal care,Hair care,Hair stylings,WELLCOME,3,0,0.0,0.0,29,0.0,,,3.0,101.91372791110425
2024-02,category3,Personal care,Hair care,Hair treatment,JASONS,3,3,1.0,10.0,29,0.3448275862068966,0.33585858585858586,0.25000000000000006,3.0,99.93751751844457
2024-02,category3,Personal care,Hair care,Hair treatment,MANNINGS,3,2,0.6666666666666666,10.333333333333334,29,0.3563218390804598,0.5,0.5,1.0,90.6967199313004
2024-02,category3,Personal care,Hair care,Hair treatment,PARKNSHOP,4,3,0.75,8.75,29,0.3017241379310345,0.24877503073850105,0.24974974974974976,4.0,102.31973704968176
2024-02,category3,Personal care,Hair care,Hair treatment,WATSONS,3,3,1.0,10.0,29,0.3448275862068966,0.34225973605376087,0.38547486033519546,3.0,98.74793124870965
2024-02,category3,Personal care,Hair care,Hair treatment,WELLCOME,3,3,1.0,10.666666666666666,29,0.367816091954023,0.33585858585858586,0.25000000000000006,3.0,99.18325558712918
2024-02,category3,Personal care,Hair care,Shampoos,JASONS,12,8,0.6666666666666666,9.583333333333334,29,0.33045977011494254,0.2628281219544786,0.25,11.0,102.63666314208125
2024-02,category3,Personal care,Hair care,Shampoos,MANNINGS,9,9,1.0,21.88888888888889,29,0.7547892720306514,0.3108266389629347,0.33333388981636053,9.0,87.05647760374468
2024-02,category3,Personal care,Hair care,Shampoos,PARKNSHOP,20,12,0.6,8.25,29,0.28448275862068967,0.22352957961022224,0.21181135225375625,17.0,104.61025953043554
2024-02,category3,Personal care,Hair care,Shampoos,WATSONS,20,15,0.75,13.4,29,0.4620689655172414,0.22827506080224744,0.25,18.0,98.84826411802217
2024-02,category3,Personal care,Hair care,Shampoos,WELLCOME,11,8,0.7272727272727273,11.181818181818182,29,0.38557993730407525,0.26282805735930737,0.25,11.0,102.03815293280074
2024-02,category3,Personal care,Hand sanitation,Hand sanitizers,JASONS,1,1,1.0,13.0,29,0.4482758620689655,0.25,0.25,1.0,102.32636192338988
2024-02,category3,Personal care,Hand sanitation,Hand sanitizers,MANNINGS,1,1,1.0,22.0,29,0.7586206896551724,0.3333318777292576,0.3333318777292576,1.0,84.5830986205537
2024-02,category3,Personal care,Hand sanitation,Hand sanitizers,PARKNSHOP,2,2,1.0,7.5,29,0.25862068965517243,0.32532751091703055,0.32532751091703055,1.0,105.5653471404568
2024-02,category3,Personal care,Hand sanitation,Hand sanitizers,WATSONS,1,0,0.0,0.0,29,0.0,,,1.0,106.56261364150109
2024-02,category3,Personal care,Hand sanitation,Hand sanitizers,WELLCOME,1,1,1.0,13.0,29,0.4482758620689655,0.25,0.25,1.0,100.96257867409857
2024-02,category3,Personal care,Hand sanitation,Hand sanitizing moist wipes,JASONS,2,2,1.0,20.5,29,0.7068965517241379,0.2581536075036075,0.24646464646464647,2.0,94.67414645096119
2024-02,category3,Personal care,Hand sanitation,Hand sanitizing moist wipes,MANNINGS,1,0,0.0,0.0,29,0.0,,,1.0,110.06327584114928
2024-02,category3,Personal care,Hand sanitation,Hand sanitizing moist wipes,WATSONS,3,0,0.0,0.0,29,0.0,,,2.0,106.98336654610132
2024-02,category3,Personal care,Hand sanitation,Hand sanitizing moist wipes,WELLCOME,2,2,1.0,21.5,29,0.7413793103448276,0.24646464646464647,0.24646464646464647,2.0,93.22808394155797
2024-02,category3,Personal care,Health protection products,Face masks / Surgical masks,PARKNSHOP,2,2,1.0,29.0,29,1.0,0.34195365780011067,0.33333294786096257,1.0,97.18482993268974
2024-02,category3,Personal care,Health protection products,Face masks / Surgical masks,WATSONS,1,1,1.0,28.0,29,0.9655172413793104,0.49958298582151794,0.49958298582151794,1.0,102.81517006731026
2024-02,category3,Personal care,Health supplements / Dietary supplements,Bird's nest,JASONS,1,0,0.0,0.0,29,0.0,,,1.0,99.34267077918794
2024-02,category3,Personal care,Health supplements / Dietary supplements,Bird's nest,MANNINGS,1,0,0.0,0.0,29,0.0,,,1.0,98.59938312180817
2024-02,category3,Personal care,Health supplements / Dietary supplements,Bird's nest,PARKNSHOP,1,0,0.0,0.0,29,0.0,,,1.0,107.09852353744249
2024-02,category3,Personal care,Health supplements / Dietary supplements,Bird's nest,WATSONS,1,0,0.0,0.0,29,0.0,,,1.0,95.61675178237348
2024-02,category3,Personal care,Health supplements / Dietary supplements,Bird's nest,WELLCOME,1,0,0.0,0.0,29,0.0,,,1.0,99.34267077918794
2024-02,category3,Personal care,Health supplements / Dietary supplements,Chicken essence,JASONS,1,0,0.0,0.0,29,0.0,,,1.0,100.71191185194999
2024-02,category3,Personal care,Health supplements / Dietary supplements,Chicken essence,MANNINGS,3,2,0.6666666666666666,9.666666666666666,29,0.3333333333333333,0.3539529524184256,0.3539529524184256,,
2024-02,category3,Personal care,Health supplements / Dietary supplements,Chicken essence,PARKNSHOP,2,0,0.0,0.0,29,0.0,,,2.0,102.11484679088836
2024-02,category3,Personal care,Health supplements / Dietary supplements,Chicken essence,WATSONS,2,0,0.0,0.0,29,0.0,,,2.0,97.82132432256202
2024-02,category3,Personal care,Health supplements / Dietary supplements,Chicken essence,WELLCOME,1,0,0.0,0.0,29,0.0,,,1.0,99.71200976862866
2024-02,category3,Personal care,Health supplements / Dietary supplements,Fish oil / Fish liver oil / Liver oil,AEON,1,0,0.0,0.0,29,0.0,,,1.0,105.1589988345635
2024-02,category3,Personal care,Health supplements / Dietary supplements,Fish oil / Fish liver oil / Liver oil,MANNINGS,4,2,0.5,5.25,29,0.1810344827586207,0.35,0.35,1.0,96.68794050724236
2024-02,category3,Personal care,Health supplements / Dietary supplements,Fish oil / Fish liver oil / Liver oil,PARKNSHOP,1,0,0.0,0.0,29,0.0,,,1.0,110.74034714842367
2024-02,category3,Personal care,Health supplements / Dietary supplements,Fish oil / Fish liver oil / Liver oil,WATSONS,6,3,0.5,8.333333333333334,29,0.2873563218390805,0.5336250800160575,0.3515769944341373,2.0,90.81988920153053
2024-02,category3,Personal care,Health supplements / Dietary supplements,Lozenges,JASONS,5,1,0.2,2.6,29,0.0896551724137931,0.2894736842105263,0.2894736842105263,5.0,100.53754414205723
2024-02,category3,Personal care,Health supplements / Dietary supplements,Lozenges,MANNINGS,4,2,0.5,8.0,29,0.27586206896551724,0.19999999999999996,0.19999999999999996,4.0,97.31070323706584
2024-02,category3,Personal care,Health supplements / Dietary supplements,Lozenges,PARKNSHOP,3,3,1.0,12.666666666666666,29,0.43678160919540227,0.20994270793235303,0.20967741935483872,3.0,102.98900029837348
2024-02,category3,Personal care,Health supplements / Dietary supplements,Lozenges,WATSONS,7,3,0.42857142857142855,6.285714285714286,29,0.2167487684729064,0.1529411764705882,0.1999999999999999,5.0,100.17022147559744
2024-02,category3,Personal care,Health supplements / Dietary supplements,Lozenges,WELLCOME,5,1,0.2,2.6,29,0.0896551724137931,0.2894736842105263,0.2894736842105263,5.0,99.53794416715829
2024-02,category3,Personal care,Health supplements / Dietary supplements,Vitamins / Minerals,JASONS,3,2,0.6666666666666666,3.3333333333333335,29,0.11494252873563218,0.2675742437359714,0.2674844388371142,3.0,95.49823544371428
2024-02,category3,Personal care,Health supplements / Dietary supplements,Vitamins / Minerals,MANNINGS,7,7,1.0,10.714285714285714,29,0.3694581280788177,0.35649350649350653,0.5,7.0,94.97980767936124
2024-02,category3,Personal care,Health supplements / Dietary supplements,Vitamins / Minerals,PARKNSHOP,4,0,0.0,0.0,29,0.0,,,4.0,102.16923690056734
2024-02,category3,Personal care,Health supplements / Dietary supplements,Vitamins / Minerals,WATSONS,9,5,0.5555555555555556,7.888888888888889,29,0.2720306513409962,0.24409090909090908,0.24999999999999997,8.0,104.88788479950806
2024-02,category3,Personal care,Health supplements / Dietary supplements,Vitamins / Minerals,WELLCOME,4,2,0.5,2.5,29,0.08620689655172414,0.2682926829268293,0.2682926829268293,4.0,99.86430315953508
2024-02,category3,Personal care,Medical equipment,Medical thermometers,MANNINGS,1,0,0.0,0.0,29,0.0,,,1.0,96.94656488549617
2024-02,category3,Personal care,Medical equipment,Medical thermometers,PARKNSHOP,2,0,0.0,0.0,29,0.0,,,2.0,101.41359406290493
2024-02,category3,Personal care,Medical equipment,Medical thermometers,WATSONS,2,0,0.0,0.0,29,0.0,,,2.0,101.41359406290493
2024-02,category3,Personal care,Medical equipment,Rapid Antigen Test kits,WATSONS,1,1,1.0,29.0,29,1.0,0.6,0.6,,
2024-02,category3,Personal care,Men's care,Razor blade refill cartridges,JASONS,4,0,0.0,0.0,29,0.0,,,4.0,101.1300903851047
2024-02,category3,Personal care,Men's care,Razor blade refill cartridges,MANNINGS,1,0,0.0,0.0,29,0.0,,,,
2024-02,category3,Personal care,Men's care,Razor blade refill cartridges,WATSONS,2,2,1.0,13.0,29,0.4482758620689655,0.19999999999999996,0.19999999999999996,1.0,90.8075086842691
2024-02,category3,Personal care,Men's care,Razor blade refill cartridges,WELLCOME,4,0,0.0,0.0,29,0.0,,,4.0,100.35567700324147
2024-02,category3,Personal care,Men's care,Razor kits,JASONS,4,0,0.0,0.0,29,0.0,,,4.0,105.3220014768212
2024-02,category3,Personal care,Men's care,Razor kits,MANNINGS,1,0,0.0,0.0,29,0.0,,,,
2024-02,category3,Personal care,Men's care,Razor kits,WATSONS,3,3,1.0,11.666666666666666,29,0.4022988505747126,0.19999999999999998,0.2,3.0,86.79679727835224
2024-02,category3,Personal care,Men's care,Razor kits,WELLCOME,4,0,0.0,0.0,29,0.0,,,4.0,104.4648539571726
2024-02,category3,Personal care,Men's care,Shaving foam / Shaving cream / Shaving gel,JASONS,4,0,0.0,0.0,29,0.0,,,4.0,96.35468065863715
2024-02,category3,Personal care,Men's care,Shaving foam / Shaving cream / Shaving gel,PARKNSHOP,3,0,0.0,0.0,29,0.0,,,3.0,122.82621191551695
2024-02,category3,Personal care,Men's care,Shaving foam / Shaving cream / Shaving gel,WATSONS,4,0,0.0,0.0,29,0.0,,,4.0,91.52666618315911
2024-02,category3,Personal care,Men's care,Shaving foam / Shaving cream / Shaving gel,WELLCOME,4,0,0.0,0.0,29,0.0,,,4.0,95.35954020925362
2024-02,category3,Personal care,Men's care,razors,JASONS,3,3,1.0,7.0,29,0.2413793103448276,0.12095360603721805,0.12,3.0,100.51021818662129
2024-02,category3,Personal care,Men's care,razors,MANNINGS,1,0,0.0,0.0,29,0.0,,,1.0,102.67699080987055
2024-02,category3,Personal care,Men's care,razors,WATSONS,2,2,1.0,9.0,29,0.3103448275862069,0.19999999999999996,0.19999999999999996,2.0,99.5351261112853
2024-02,category3,Personal care,Men's care,razors,WELLCOME,3,3,1.0,7.0,29,0.2413793103448276,0.12095360603721805,0.12,3.0,99.06526553769501
2024-02,category3,Personal care,Oral care,Electric toothbrush brushheads,MANNINGS,1,0,0.0,0.0,29,0.0,,,,
2024-02,category3,Personal care,Oral care,Electric toothbrushes (alkaline Battery),JASONS,1,0,0.0,0.0,29,0.0,,,1.0,99.92509363295879
2024-02,category3,Personal care,Oral care,Electric toothbrushes (alkaline Battery),MANNINGS,2,0,0.0,0.0,29,0.0,,,2.0,96.64856768395433
2024-02,category3,Personal care,Oral care,Electric toothbrushes (alkaline Battery),WATSONS,2,0,0.0,0.0,29,0.0,,,2.0,103.38887848717471
2024-02,category3,Personal care,Oral care,Floss,JASONS,1,1,1.0,8.0,29,0.27586206896551724,0.33333429487179483,0.33333461538461534,1.0,96.3286932705054
2024-02,category3,Personal care,Oral care,Floss,PARKNSHOP,3,2,0.6666666666666666,2.3333333333333335,29,0.08045977011494253,0.5,0.5,1.0,116.62147674667129
2024-02,category3,Personal care,Oral care,Floss,WATSONS,1,1,1.0,9.0,29,0.3103448275862069,0.5,0.5,1.0,91.7419705900588
2024-02,category3,Personal care,Oral care,Floss,WELLCOME,1,1,1.0,8.0,29,0.27586206896551724,0.33333461538461534,0.33333461538461534,1.0,95.3078593927645
2024-02,category3,Personal care,Oral care,Mouthwashes,JASONS,3,1,0.3333333333333333,5.0,29,0.1724137931034483,0.13157894736842105,0.13157894736842105,3.0,101.30954088139134
2024-02,category3,Personal care,Oral care,Mouthwashes,MANNINGS,2,0,0.0,0.0,29,0.0,,,2.0,102.61051856258587
2024-02,category3,Personal care,Oral care,Mouthwashes,PARKNSHOP,10,3,0.3,6.9,29,0.23793103448275862,0.4132955771305286,0.5,8.0,95.45012757293082
2024-02,category3,Personal care,Oral care,Mouthwashes,WATSONS,9,4,0.4444444444444444,5.111111111111111,29,0.17624521072796934,0.35,0.37499999999999994,8.0,102.64027431940663
2024-02,category3,Personal care,Oral care,Mouthwashes,WELLCOME,3,1,0.3333333333333333,7.0,29,0.2413793103448276,0.13157894736842105,0.13157894736842105,3.0,100.78222221945414
2024-02,category3,Personal care,Oral care,Toothbrushes,AEON,1,0,0.0,0.0,29,0.0,,,1.0,88.95476714162763
2024-02,category3,Personal care,Oral care,Toothbrushes,JASONS,1,1,1.0,9.0,29,0.3103448275862069,0.25,0.25,1.0,93.83868323138047
2024-02,category3,Personal care,Oral care,Toothbrushes,MANNINGS,1,0,0.0,0.0,29,0.0,,,1.0,94.73227764751229
2024-02,category3,Personal care,Oral care,Toothbrushes,PARKNSHOP,5,3,0.6,6.8,29,0.23448275862068965,0.3625824077370772,0.487468671679198,4.0,103.09971634773336
2024-02,category3,Personal care,Oral care,Toothbrushes,WATSONS,3,1,0.3333333333333333,2.6666666666666665,29,0.09195402298850575,0.24999999999999994,0.24999999999999994,3.0,102.38382452375248
2024-02,category3,Personal care,Oral care,Toothbrushes,WELLCOME,2,1,0.5,4.5,29,0.15517241379310345,0.25,0.25,2.0,99.74156366368601
2024-02,category3,Personal care,Oral care,Toothpastes,JASONS,13,3,0.23076923076923078,3.8461538461538463,29,0.13262599469496023,0.35944515896116797,0.3787878787878788,13.0,102.07775196049582
2024-02,category3,Personal care,Oral care,Toothpastes,MANNINGS,10,5,0.5,7.1,29,0.24482758620689654,0.3023504150977635,0.33333262260127927,9.0,92.18442383120295
2024-02,category3,Personal care,Oral care,Toothpastes,PARKNSHOP,16,3,0.1875,3.5,29,0.1206896551724138,0.40080827772537236,0.378419452887538,11.0,102.61468798357664
2024-02,category3,Personal care,Oral care,Toothpastes,WATSONS,13,7,0.5384615384615384,6.3076923076923075,29,0.21750663129973474,0.32753861409971163,0.25,11.0,99.59222557222502
2024-02,category3,Personal care,Oral care,Toothpastes,WELLCOME,12,3,0.25,4.166666666666667,29,0.14367816091954025,0.3602623329483583,0.3787878787878788,12.0,101.75124612251203
2024-02,category3,Personal care,Skin care,Anti-stretch mark products,WATSONS,3,0,0.0,0.0,29,0.0,,,,
2024-02,category3,Personal care,Skin care,Body lotions/creams,AEON,1,0,0.0,0.0,29,0.0,,,1.0,100.2866964970663
2024-02,category3,Personal care,Skin care,Body lotions/creams,JASONS,7,2,0.2857142857142857,5.0,29,0.1724137931034483,0.20583190394511147,0.19318181818181818,7.0,100.39960998543059
2024-02,category3,Personal care,Skin care,Body lotions/creams,MANNINGS,5,2,0.4,8.8,29,0.303448275862069,0.4467391304347826,0.5,5.0,88.80448877138943
2024-02,category3,Personal care,Skin care,Body lotions/creams,PARKNSHOP,10,0,0.0,0.0,29,0.0,,,9.0,98.25636373831195
2024-02,category3,Personal care,Skin care,Body lotions/creams,WATSONS,14,12,0.8571428571428571,9.714285714285714,29,0.33497536945812806,0.24166666666666667,0.25,12.0,105.72156411537277
2024-02,category3,Personal care,Skin care,Body lotions/creams,WELLCOME,7,2,0.2857142857142857,5.0,29,0.1724137931034483,0.20583190394511147,0.19318181818181818,7.0,100.06526304447057
2024-02,category3,Personal care,Skin care,Body oils,JASONS,1,1,1.0,29.0,29,1.0,0.22423869923611411,0.22796352583586627,1.0,98.70708548652276
2024-02,category3,Personal care,Skin care,Body oils,MANNINGS,1,1,1.0,16.0,29,0.5517241379310345,0.15,0.15,1.0,99.59155888359429
2024-02,category3,Personal care,Skin care,Body oils,PARKNSHOP,1,1,1.0,29.0,29,1.0,0.16666666666666666,0.16666666666666666,1.0,114.9498108646201
2024-02,category3,Personal care,Skin care,Body oils,WATSONS,2,2,1.0,17.0,29,0.5862068965517241,0.24999999999999997,0.24999999999999997,2.0,98.03031220153997
2024-02,category3,Personal care,Skin care,Body oils,WELLCOME,1,1,1.0,29.0,29,1.0,0.22621674876847292,0.22796352583586627,1.0,97.5443747559381
2024-02,category3,Personal care,Skin care,Cleansing cotton,JASONS,1,1,1.0,23.0,29,0.7931034482758621,0.25,0.25,1.0,98.0739655803735
2024-02,category3,Personal care,Skin care,Cleansing cotton,PARKNSHOP,2,1,0.5,11.0,29,0.3793103448275862,0.14201183431952655,0.14201183431952655,1.0,103.85206883925302
2024-02,category3,Personal care,Skin care,Cleansing cotton,WATSONS,2,1,0.5,13.5,29,0.46551724137931033,0.2518518518518519,0.30000000000000004,,
2024-02,category3,Personal care,Skin care,Cleansing cotton,WELLCOME,1,1,1.0,23.0,29,0.7931034482758621,0.25,0.25,1.0,98.0739655803735
2024-02,category3,Personal care,Skin care,Face cleansing foams / Facial cleansers / Face cleansing gels,JASONS,3,1,0.3333333333333333,5.0,29,0.1724137931034483,0.15333333333333335,0.15384615384615385,3.0,100.86528489060795
2024-02,category3,Personal care,Skin care,Face cleansing foams / Facial cleansers / Face cleansing gels,MANNINGS,4,3,0.75,11.0,29,0.3793103448275862,0.23103448275862068,0.19999999999999996,4.0,96.86810716650018
2024-02,category3,Personal care,Skin care,Face cleansing foams / Facial cleansers / Face cleansing gels,PARKNSHOP,2,0,0.0,0.0,29,0.0,,,2.0,99.28656381353494
2024-02,category3,Personal care,Skin care,Face cleansing foams / Facial cleansers / Face cleansing gels,WATSONS,6,4,0.6666666666666666,13.666666666666666,29,0.47126436781609193,0.22549999999999998,0.25,4.0,103.0007265999664
2024-02,category3,Personal care,Skin care,Face cleansing foams / Facial cleansers / Face cleansing gels,WELLCOME,3,1,0.3333333333333333,5.0,29,0.1724137931034483,0.15384615384615385,0.15384615384615385,3.0,99.96005553811513
2024-02,category3,Personal care,Skin care,Face moisturising creams/gel creams/lotions,MANNINGS,2,0,0.0,0.0,29,0.0,,,2.0,100.0
2024-02,category3,Personal care,Skin care,Face moisturising creams/gel creams/lotions,WATSONS,3,0,0.0,0.0,29,0.0,,,2.0,100.0
2024-02,category3,Personal care,Skin care,Facial masks / Eye masks,JASONS,1,0,0.0,0.0,29,0.0,,,1.0,113.33483961618029
2024-02,category3,Personal care,Skin care,Facial masks / Eye masks,MANNINGS,4,4,1.0,13.75,29,0.47413793103448276,0.3634981848177927,0.4257143183535341,3.0,96.98792655600514
2024-02,category3,Personal care,Skin care,Facial masks / Eye masks,PARKNSHOP,1,1,1.0,27.0,29,0.9310344827586207,0.26829268292682923,0.26829268292682923,1.0,85.02495957748766
2024-02,category3,Personal care,Skin care,Facial masks / Eye masks,WATSONS,3,3,1.0,8.666666666666666,29,0.29885057471264365,0.366666852161009,0.33333388981636053,3.0,101.2236350294218
2024-02,category3,Personal care,Skin care,Facial masks / Eye masks,WELLCOME,1,0,0.0,0.0,29,0.0,,,1.0,113.33483961618029
2024-02,category3,Personal care,Skin care,Lip balms,JASONS,1,0,0.0,0.0,29,0.0,,,1.0,108.19597026667664
2024-02,category3,Personal care,Skin care,Lip balms,MANNINGS,5,5,1.0,19.4,29,0.6689655172413793,0.3333337579154264,0.3333341404358353,4.0,84.46741868214994
2024-02,category3,Personal care,Skin care,Lip balms,PARKNSHOP,8,0,0.0,0.0,29,0.0,,,5.0,102.62890124832114
2024-02,category3,Personal care,Skin care,Lip balms,WATSONS,9,2,0.2222222222222222,6.222222222222222,29,0.21455938697318008,0.25,0.25,7.0,103.21625174738077
2024-02,category3,Personal care,Skin care,Lip balms,WELLCOME,1,0,0.0,0.0,29,0.0,,,1.0,108.19597026667664
2024-02,category3,Personal care,Skin care,Makeup removers,JASONS,2,0,0.0,0.0,29,0.0,,,2.0,103.29194633494558
2024-02,category3,Personal care,Skin care,Makeup removers,MANNINGS,4,3,0.75,15.0,29,0.5172413793103449,0.29791666666666666,0.19999999999999998,4.0,94.10794973729047
2024-02,category3,Personal care,Skin care,Makeup removers,PARKNSHOP,2,0,0.0,0.0,29,0.0,,,2.0,102.68440485069301
2024-02,category3,Personal care,Skin care,Makeup removers,WATSONS,7,4,0.5714285714285714,10.0,29,0.3448275862068966,0.246875,0.275,4.0,103.25786906270802
2024-02,category3,Personal care,Skin care,Petroleum jelly,JASONS,1,1,1.0,14.0,29,0.4827586206896552,0.24636461014441374,0.24874581939799328,1.0,103.97678243986623
2024-02,category3,Personal care,Skin care,Petroleum jelly,MANNINGS,2,2,1.0,14.0,29,0.4827586206896552,0.5,0.5,2.0,88.8620931581217
2024-02,category3,Personal care,Skin care,Petroleum jelly,PARKNSHOP,2,2,1.0,14.0,29,0.4827586206896552,0.277070655455939,0.277070655455939,2.0,103.6156663102414
2024-02,category3,Personal care,Skin care,Petroleum jelly,WATSONS,2,2,1.0,13.5,29,0.46551724137931033,0.24999999999999994,0.24999999999999994,2.0,103.4027574068642
2024-02,category3,Personal care,Skin care,Petroleum jelly,WELLCOME,1,1,1.0,14.0,29,0.4827586206896552,0.24874581939799326,0.24874581939799328,1.0,102.87118433825908
2024-02,category3,Personal care,Skin care,Sunscreen products,MANNINGS,1,0,0.0,0.0,29,0.0,,,1.0,100.0
2024-02,category3,Personal care,Skin care,Sunscreen products,WATSONS,3,0,0.0,0.0,29,0.0,,,1.0,100.0
2024-02,category3,Personal care,Wet wipes,Disposable wet wipes,AEON,1,0,0.0,0.0,29,0.0,,,,
2024-02,category3,Personal care,Wet wipes,Wet bath tissues,JASONS,1,0,0.0,0.0,29,0.0,,,1.0,101.2121212121212
2024-02,category3,Personal care,Wet wipes,Wet bath tissues,PARKNSHOP,1,0,0.0,0.0,29,0.0,,,1.0,99.59595959595958
2024-02,category3,Personal care,Wet wipes,Wet bath tissues,WATSONS,1,0,0.0,0.0,29,0.0,,,1.0,99.59595959595958
2024-02,category3,Personal care,Wet wipes,Wet bath tissues,WELLCOME,1,0,0.0,0.0,29,0.0,,,1.0,99.59595959595958
2024-02,category3,Personal care,Women's hair removers,Women's disposable razors,JASONS,1,1,1.0,7.0,29,0.2413793103448276,0.13043478260869565,0.13043478260869565,1.0,100.61538461538461
2024-02,category3,Personal care,Women's hair removers,Women's disposable razors,WELLCOME,1,1,1.0,7.0,29,0.2413793103448276,0.13043478260869565,0.13043478260869565,1.0,99.38461538461537
2024-02,category3,Personal care,Women's hair removers,Women's razor sets,WATSONS,1,0,0.0,0.0,29,0.0,,,,
2024-02,category3,Rice / Oil / Canned food / Fruits / Vegetables / Meat,Aseptically packaged food,Fruits / Vegetables,DCHFOOD,1,0,0.0,0.0,29,0.0,,,1.0,105.2932234733693
2024-02,category3,Rice / Oil / Canned food / Fruits / Vegetables / Meat,Aseptically packaged food,Fruits / Vegetables,JASONS,2,2,1.0,22.0,29,0.7586206896551724,0.20713264067024634,0.35048657718120807,2.0,95.84606115117549
2024-02,category3,Rice / Oil / Canned food / Fruits / Vegetables / Meat,Aseptically packaged food,Fruits / Vegetables,PARKNSHOP,2,2,1.0,28.0,29,0.9655172413793104,0.33386865647916336,0.3322147651006712,2.0,105.79766079395054
2024-02,category3,Rice / Oil / Canned food / Fruits / Vegetables / Meat,Aseptically packaged food,Fruits / Vegetables,WELLCOME,2,2,1.0,22.0,29,0.7586206896551724,0.20713264067024634,0.35048657718120807,2.0,95.84606115117549
2024-02,category3,Rice / Oil / Canned food / Fruits / Vegetables / Meat,Canned food,Canned baked beans,DCHFOOD,1,0,0.0,0.0,29,0.0,,,1.0,95.0155428682098
2024-02,category3,Rice / Oil / Canned food / Fruits / Vegetables / Meat,Canned food,Canned baked beans,JASONS,5,4,0.8,16.4,29,0.5655172413793103,0.3668232434724553,0.39285714285714285,5.0,107.15242540664076
2024-02,category3,Rice / Oil / Canned food / Fruits / Vegetables / Meat,Canned food,Canned baked beans,PARKNSHOP,5,5,1.0,26.6,29,0.9172413793103449,0.3370331516610358,0.3201438848920864,4.0,84.89693025915928
2024-02,category3,Rice / Oil / Canned food / Fruits / Vegetables / Meat,Canned food,Canned baked beans,WELLCOME,5,4,0.8,15.8,29,0.5448275862068965,0.36921043798155867,0.3846153846153846,5.0,106.08727259587123
2024-02,category3,Rice / Oil / Canned food / Fruits / Vegetables / Meat,Canned food,Canned corn (cream style),DCHFOOD,2,0,0.0,0.0,29,0.0,,,2.0,100.44536259075612
2024-02,category3,Rice / Oil / Canned food / Fruits / Vegetables / Meat,Canned food,Canned corn (cream style),JASONS,2,2,1.0,18.5,29,0.6379310344827587,0.2487568949418848,0.2962944444444444,2.0,100.35505055120824
2024-02,category3,Rice / Oil / Canned food / Fruits / Vegetables / Meat,Canned food,Canned corn (cream style),PARKNSHOP,3,3,1.0,26.0,29,0.896551724137931,0.2474914654850068,0.18348623853211007,3.0,100.15405743048753
2024-02,category3,Rice / Oil / Canned food / Fruits / Vegetables / Meat,Canned food,Canned corn (cream style),WELLCOME,2,2,1.0,21.5,29,0.7413793103448276,0.2487568949418848,0.2962944444444444,2.0,98.97301597372811
2024-02,category3,Rice / Oil / Canned food / Fruits / Vegetables / Meat,Canned food,Canned corn (whole kernel),DCHFOOD,2,0,0.0,0.0,29,0.0,,,2.0,97.10604201416803
2024-02,category3,Rice / Oil / Canned food / Fruits / Vegetables / Meat,Canned food,Canned corn (whole kernel),JASONS,2,1,0.5,4.0,29,0.13793103448275862,0.23809523809523808,0.23809523809523808,1.0,107.11259302925356
2024-02,category3,Rice / Oil / Canned food / Fruits / Vegetables / Meat,Canned food,Canned corn (whole kernel),PARKNSHOP,2,2,1.0,29.0,29,1.0,0.2743609873781109,0.2773597811217511,2.0,97.39599455726562
2024-02,category3,Rice / Oil / Canned food / Fruits / Vegetables / Meat,Canned food,Canned corn (whole kernel),WELLCOME,1,1,1.0,14.0,29,0.4827586206896552,0.23809523809523808,0.23809523809523808,1.0,104.25723970230638
2024-02,category3,Rice / Oil / Canned food / Fruits / Vegetables / Meat,Canned food,Canned dace,DCHFOOD,2,0,0.0,0.0,29,0.0,,,1.0,84.93871929426943
2024-02,category3,Rice / Oil / Canned food / Fruits / Vegetables / Meat,Canned food,Canned dace,JASONS,5,1,0.2,1.8,29,0.06206896551724138,0.1893131023565806,0.18831168831168832,5.0,107.123636587105
2024-02,category3,Rice / Oil / Canned food / Fruits / Vegetables / Meat,Canned food,Canned dace,PARKNSHOP,5,5,1.0,24.2,29,0.8344827586206897,0.1421495547882261,0.12048192771084339,4.0,85.36570723005045
2024-02,category3,Rice / Oil / Canned food / Fruits / Vegetables / Meat,Canned food,Canned dace,WELLCOME,5,1,0.2,1.8,29,0.06206896551724138,0.19732441471571902,0.19732441471571902,5.0,106.57613698118628
2024-02,category3,Rice / Oil / Canned food / Fruits / Vegetables / Meat,Canned food,Canned fish fillets,JASONS,1,1,1.0,29.0,29,1.0,0.4838429841682932,0.45098039215686275,1.0,96.17141433435762
2024-02,category3,Rice / Oil / Canned food / Fruits / Vegetables / Meat,Canned food,Canned fish fillets,PARKNSHOP,1,1,1.0,29.0,29,1.0,0.1183431952662721,0.1183431952662721,1.0,107.65717133128479
2024-02,category3,Rice / Oil / Canned food / Fruits / Vegetables / Meat,Canned food,Canned fish fillets,WELLCOME,1,1,1.0,29.0,29,1.0,0.47802569303583503,0.45098039215686275,1.0,96.17141433435762
2024-02,category3,Rice / Oil / Canned food / Fruits / Vegetables / Meat,Canned food,Canned fruit mix,JASONS,2,1,0.5,11.5,29,0.39655172413793105,0.051340436501117026,0.0625,2.0,101.10799484631137
2024-02,category3,Rice / Oil / Canned food / Fruits / Vegetables / Meat,Canned food,Canned fruit mix,PARKNSHOP,2,1,0.5,14.5,29,0.5,0.13213371480198763,0.07205240174672484,2.0,97.90694675285074
2024-02,category3,Rice / Oil / Canned food / Fruits / Vegetables / Meat,Canned food,Canned fruit mix,WELLCOME,2,1,0.5,11.5,29,0.39655172413793105,0.05228561608523802,0.06521739130434782,2.0,100.98505840083789
2024-02,category3,Rice / Oil / Canned food / Fruits / Vegetables / Meat,Canned food,Canned ham / luncheon meat,DCHFOOD,6,0,0.0,0.0,29,0.0,,,6.0,100.17767588000841
2024-02,category3,Rice / Oil / Canned food / Fruits / Vegetables / Meat,Canned food,Canned ham / luncheon meat,JASONS,13,8,0.6153846153846154,7.153846153846154,29,0.24668435013262602,0.264958244587115,0.24853206865401983,13.0,100.14088970067085
2024-02,category3,Rice / Oil / Canned food / Fruits / Vegetables / Meat,Canned food,Canned ham / luncheon meat,PARKNSHOP,19,12,0.631578947368421,10.263157894736842,29,0.35390199637023595,0.16578039835963906,0.15886980574457565,13.0,100.53330323198688
2024-02,category3,Rice / Oil / Canned food / Fruits / Vegetables / Meat,Canned food,Canned ham / luncheon meat,WELLCOME,13,8,0.6153846153846154,7.6923076923076925,29,0.26525198938992045,0.265356921346257,0.24853206865401983,13.0,99.2544397758214
2024-02,category3,Rice / Oil / Canned food / Fruits / Vegetables / Meat,Canned food,Canned kidney beans,DCHFOOD,1,0,0.0,0.0,29,0.0,,,1.0,100.8144616607072
2024-02,category3,Rice / Oil / Canned food / Fruits / Vegetables / Meat,Canned food,Canned kidney beans,JASONS,1,1,1.0,14.0,29,0.4827586206896552,0.3272885650934431,0.3170731707317073,1.0,101.21176003178387
2024-02,category3,Rice / Oil / Canned food / Fruits / Vegetables / Meat,Canned food,Canned kidney beans,PARKNSHOP,1,1,1.0,14.0,29,0.4827586206896552,0.3349282296650717,0.3349282296650717,1.0,97.9539133889551
2024-02,category3,Rice / Oil / Canned food / Fruits / Vegetables / Meat,Canned food,Canned kidney beans,WELLCOME,1,1,1.0,14.0,29,0.4827586206896552,0.3170731707317073,0.3170731707317073,1.0,100.01986491855384
2024-02,category3,Rice / Oil / Canned food / Fruits / Vegetables / Meat,Canned food,Canned mushrooms,PARKNSHOP,1,1,1.0,27.0,29,0.9310344827586207,0.18348623853211007,0.18348623853211007,,
2024-02,category3,Rice / Oil / Canned food / Fruits / Vegetables / Meat,Canned food,Canned peaches,JASONS,1,0,0.0,0.0,29,0.0,,,1.0,99.78418179509966
2024-02,category3,Rice / Oil / Canned food / Fruits / Vegetables / Meat,Canned food,Canned peaches,PARKNSHOP,1,1,1.0,29.0,29,1.0,0.0784223272978895,0.06688963210702341,1.0,101.44725149168465
2024-02,category3,Rice / Oil / Canned food / Fruits / Vegetables / Meat,Canned food,Canned peaches,WELLCOME,1,0,0.0,0.0,29,0.0,,,1.0,98.7685667132157
2024-02,category3,Rice / Oil / Canned food / Fruits / Vegetables / Meat,Canned food,Canned pineapples,JASONS,4,3,0.75,20.0,29,0.6896551724137931,0.1139222854797567,0.10958904109589035,4.0,101.41715087625202
2024-02,category3,Rice / Oil / Canned food / Fruits / Vegetables / Meat,Canned food,Canned pineapples,PARKNSHOP,5,4,0.8,19.2,29,0.6620689655172414,0.30569158535164986,0.26037234728346353,4.0,97.49936021509365
2024-02,category3,Rice / Oil / Canned food / Fruits / Vegetables / Meat,Canned food,Canned pineapples,WELLCOME,4,3,0.75,20.0,29,0.6896551724137931,0.11567165443452578,0.10958904109589035,4.0,101.08348890865435
2024-02,category3,Rice / Oil / Canned food / Fruits / Vegetables / Meat,Canned food,Canned pork cubes,JASONS,2,2,1.0,19.0,29,0.6551724137931034,0.30092592592592593,0.30092592592592593,2.0,102.21990464839095
2024-02,category3,Rice / Oil / Canned food / Fruits / Vegetables / Meat,Canned food,Canned pork cubes,PARKNSHOP,2,2,1.0,29.0,29,1.0,0.31483143186770923,0.29646840148698883,2.0,95.56019070321813
2024-02,category3,Rice / Oil / Canned food / Fruits / Vegetables / Meat,Canned food,Canned pork cubes,WELLCOME,2,2,1.0,23.0,29,0.7931034482758621,0.30092592592592593,0.30092592592592593,2.0,102.21990464839095
2024-02,category3,Rice / Oil / Canned food / Fruits / Vegetables / Meat,Canned food,Canned sardines,DCHFOOD,2,0,0.0,0.0,29,0.0,,,1.0,73.40305068940253
2024-02,category3,Rice / Oil / Canned food / Fruits / Vegetables / Meat,Canned food,Canned sardines,JASONS,8,5,0.625,17.25,29,0.5948275862068966,0.28428925220058926,0.2,7.0,103.18455627412344
2024-02,category3,Rice / Oil / Canned food / Fruits / Vegetables / Meat,Canned food,Canned sardines,PARKNSHOP,9,7,0.7777777777777778,17.77777777777778,29,0.6130268199233717,0.15343661701094247,0.12578616352201258,6.0,99.52438830187765
2024-02,category3,Rice / Oil / Canned food / Fruits / Vegetables / Meat,Canned food,Canned sardines,WELLCOME,7,5,0.7142857142857143,19.714285714285715,29,0.6798029556650247,0.28053129737141086,0.2,7.0,102.66946033018407
2024-02,category3,Rice / Oil / Canned food / Fruits / Vegetables / Meat,Canned food,Canned sausages,JASONS,1,0,0.0,0.0,29,0.0,,,1.0,106.3064286199172
2024-02,category3,Rice / Oil / Canned food / Fruits / Vegetables / Meat,Canned food,Canned sausages,PARKNSHOP,3,1,0.3333333333333333,2.0,29,0.06896551724137931,0.19556451612903233,0.1955645161290323,1.0,93.69357138008283
2024-02,category3,Rice / Oil / Canned food / Fruits / Vegetables / Meat,Canned food,Canned shredded pork,JASONS,1,1,1.0,23.0,29,0.7931034482758621,0.20145213954287677,0.20454545454545456,1.0,93.47538912181956
2024-02,category3,Rice / Oil / Canned food / Fruits / Vegetables / Meat,Canned food,Canned shredded pork,PARKNSHOP,1,0,0.0,0.0,29,0.0,,,1.0,114.42766067428639
2024-02,category3,Rice / Oil / Canned food / Fruits / Vegetables / Meat,Canned food,Canned shredded pork,WELLCOME,1,1,1.0,23.0,29,0.7931034482758621,0.20454545454545456,0.20454545454545456,1.0,92.0969502038941
2024-02,category3,Rice / Oil / Canned food / Fruits / Vegetables / Meat,Canned food,Canned sliced pork,JASONS,1,1,1.0,20.0,29,0.6896551724137931,0.3921445,0.38333500000000004,1.0,91.63236979062755
2024-02,category3,Rice / Oil / Canned food / Fruits / Vegetables / Meat,Canned food,Canned sliced pork,PARKNSHOP,1,0,0.0,0.0,29,0.0,,,1.0,117.1627838042741
2024-02,category3,Rice / Oil / Canned food / Fruits / Vegetables / Meat,Canned food,Canned sliced pork,WELLCOME,1,1,1.0,20.0,29,0.6896551724137931,0.38333500000000004,0.38333500000000004,1.0,91.20484640509837
2024-02,category3,Rice / Oil / Canned food / Fruits / Vegetables / Meat,Canned food,Canned soups,DCHFOOD,2,0,0.0,0.0,29,0.0,,,2.0,117.87430524204494
2024-02,category3,Rice / Oil / Canned food / Fruits / Vegetables / Meat,Canned food,Canned soups,JASONS,1,1,1.0,29.0,29,1.0,0.43699096880131366,0.47619047619047616,1.0,100.93581608188002
2024-02,category3,Rice / Oil / Canned food / Fruits / Vegetables / Meat,Canned food,Canned soups,PARKNSHOP,6,6,1.0,24.333333333333332,29,0.8390804597701149,0.38681678326272206,0.33724832214765105,3.0,86.84664874383164
2024-02,category3,Rice / Oil / Canned food / Fruits / Vegetables / Meat,Canned food,Canned soups,WELLCOME,1,1,1.0,29.0,29,1.0,0.43025862068965515,0.45,1.0,100.93581608188002
2024-02,category3,Rice / Oil / Canned food / Fruits / Vegetables / Meat,Canned food,Canned tuna,JASONS,3,0,0.0,0.0,29,0.0,,,3.0,102.53713048046389
2024-02,category3,Rice / Oil / Canned food / Fruits / Vegetables / Meat,Canned food,Canned tuna,PARKNSHOP,5,2,0.4,11.0,29,0.3793103448275862,0.23395430291982014,0.22972972972972971,3.0,94.92573903907223
2024-02,category3,Rice / Oil / Canned food / Fruits / Vegetables / Meat,Canned food,Canned tuna,WELLCOME,3,0,0.0,0.0,29,0.0,,,3.0,102.53713048046389
2024-02,category3,Rice / Oil / Canned food / Fruits / Vegetables / Meat,Chilled / Fresh meat,Chilled whole chicken,JASONS,2,0,0.0,0.0,29,0.0,,,1.0,100.005076161953
2024-02,category3,Rice / Oil / Canned food / Fruits / Vegetables / Meat,Chilled / Fresh meat,Chilled whole chicken,WELLCOME,1,0,0.0,0.0,29,0.0,,,1.0,99.99492383804701
2024-02,category3,Rice / Oil / Canned food / Fruits / Vegetables / Meat,Edible oil / Cooking oil,Blended pomace olive oil,DCHFOOD,1,0,0.0,0.0,29,0.0,,,1.0,96.9436997319035
2024-02,category3,Rice / Oil / Canned food / Fruits / Vegetables / Meat,Edible oil / Cooking oil,Blended pomace olive oil,PARKNSHOP,2,0,0.0,0.0,29,0.0,,,1.0,103.0563002680965
2024-02,category3,Rice / Oil / Canned food / Fruits / Vegetables / Meat,Edible oil / Cooking oil,Canola oil,DCHFOOD,1,0,0.0,0.0,29,0.0,,,1.0,101.89851570590265
2024-02,category3,Rice / Oil / Canned food / Fruits / Vegetables / Meat,Edible oil / Cooking oil,Canola oil,JASONS,2,0,0.0,0.0,29,0.0,,,2.0,100.17023594702259
2024-02,category3,Rice / Oil / Canned food / Fruits / Vegetables / Meat,Edible oil / Cooking oil,Canola oil,PARKNSHOP,12,0,0.0,0.0,29,0.0,,,3.0,99.21654017372161
2024-02,category3,Rice / Oil / Canned food / Fruits / Vegetables / Meat,Edible oil / Cooking oil,Canola oil,WELLCOME,2,0,0.0,0.0,29,0.0,,,2.0,100.17023594702259
2024-02,category3,Rice / Oil / Canned food / Fruits / Vegetables / Meat,Edible oil / Cooking oil,Canola oil blends,JASONS,2,0,0.0,0.0,29,0.0,,,2.0,100.5014251029241
2024-02,category3,Rice / Oil / Canned food / Fruits / Vegetables / Meat,Edible oil / Cooking oil,Canola oil blends,PARKNSHOP,6,0,0.0,0.0,29,0.0,,,2.0,99.51652063760159
2024-02,category3,Rice / Oil / Canned food / Fruits / Vegetables / Meat,Edible oil / Cooking oil,Canola oil blends,WELLCOME,2,0,0.0,0.0,29,0.0,,,2.0,99.9820542594743
2024-02,category3,Rice / Oil / Canned food / Fruits / Vegetables / Meat,Edible oil / Cooking oil,Corn oil,DCHFOOD,3,0,0.0,0.0,29,0.0,,,2.0,106.2976979091615
2024-02,category3,Rice / Oil / Canned food / Fruits / Vegetables / Meat,Edible oil / Cooking oil,Corn oil,JASONS,4,0,0.0,0.0,29,0.0,,,4.0,98.60660673887025
2024-02,category3,Rice / Oil / Canned food / Fruits / Vegetables / Meat,Edible oil / Cooking oil,Corn oil,PARKNSHOP,10,0,0.0,0.0,29,0.0,,,4.0,100.56859336820838
2024-02,category3,Rice / Oil / Canned food / Fruits / Vegetables / Meat,Edible oil / Cooking oil,Corn oil,WELLCOME,4,0,0.0,0.0,29,0.0,,,4.0,98.52529511461128
2024-02,category3,Rice / Oil / Canned food / Fruits / Vegetables / Meat,Edible oil / Cooking oil,Extra light olive oil,JASONS,3,0,0.0,0.0,29,0.0,,,2.0,102.27515469879458
2024-02,category3,Rice / Oil / Canned food / Fruits / Vegetables / Meat,Edible oil / Cooking oil,Extra light olive oil,PARKNSHOP,2,0,0.0,0.0,29,0.0,,,1.0,93.52598412410924
2024-02,category3,Rice / Oil / Canned food / Fruits / Vegetables / Meat,Edible oil / Cooking oil,Extra light olive oil,WELLCOME,2,0,0.0,0.0,29,0.0,,,2.0,101.83950042044849
2024-02,category3,Rice / Oil / Canned food / Fruits / Vegetables / Meat,Edible oil / Cooking oil,Extra virgin olive oil,JASONS,2,0,0.0,0.0,29,0.0,,,2.0,101.35226480213157
2024-02,category3,Rice / Oil / Canned food / Fruits / Vegetables / Meat,Edible oil / Cooking oil,Extra virgin olive oil,PARKNSHOP,4,0,0.0,0.0,29,0.0,,,1.0,97.00226015480037
2024-02,category3,Rice / Oil / Canned food / Fruits / Vegetables / Meat,Edible oil / Cooking oil,Extra virgin olive oil,WELLCOME,2,0,0.0,0.0,29,0.0,,,2.0,100.50249459058314
2024-02,category3,Rice / Oil / Canned food / Fruits / Vegetables / Meat,Edible oil / Cooking oil,Grapeseed oil,DCHFOOD,1,0,0.0,0.0,29,0.0,,,1.0,98.13634134379598
2024-02,category3,Rice / Oil / Canned food / Fruits / Vegetables / Meat,Edible oil / Cooking oil,Grapeseed oil,PARKNSHOP,2,0,0.0,0.0,29,0.0,,,1.0,101.86365865620401
2024-02,category3,Rice / Oil / Canned food / Fruits / Vegetables / Meat,Edible oil / Cooking oil,Olive oil,JASONS,4,0,0.0,0.0,29,0.0,,,3.0,101.9393424965909
2024-02,category3,Rice / Oil / Canned food / Fruits / Vegetables / Meat,Edible oil / Cooking oil,Olive oil,PARKNSHOP,4,0,0.0,0.0,29,0.0,,,1.0,93.94844319529226
2024-02,category3,Rice / Oil / Canned food / Fruits / Vegetables / Meat,Edible oil / Cooking oil,Olive oil,WELLCOME,3,0,0.0,0.0,29,0.0,,,3.0,101.21377114592656
2024-02,category3,Rice / Oil / Canned food / Fruits / Vegetables / Meat,Edible oil / Cooking oil,Peanut oil,DCHFOOD,1,0,0.0,0.0,29,0.0,,,,
2024-02,category3,Rice / Oil / Canned food / Fruits / Vegetables / Meat,Edible oil / Cooking oil,Peanut oil,JASONS,7,0,0.0,0.0,29,0.0,,,7.0,99.45500712401449
2024-02,category3,Rice / Oil / Canned food / Fruits / Vegetables / Meat,Edible oil / Cooking oil,Peanut oil,PARKNSHOP,13,0,0.0,0.0,29,0.0,,,7.0,101.08998575197101
2024-02,category3,Rice / Oil / Canned food / Fruits / Vegetables / Meat,Edible oil / Cooking oil,Peanut oil,WELLCOME,7,0,0.0,0.0,29,0.0,,,7.0,99.45500712401449
2024-02,category3,Rice / Oil / Canned food / Fruits / Vegetables / Meat,Edible oil / Cooking oil,Peanut oil blends,PARKNSHOP,2,0,0.0,0.0,29,0.0,,,,
2024-02,category3,Rice / Oil / Canned food / Fruits / Vegetables / Meat,Edible oil / Cooking oil,Rice bran oil,JASONS,1,1,1.0,16.0,29,0.5517241379310345,0.5,0.5,1.0,100.0
2024-02,category3,Rice / Oil / Canned food / Fruits / Vegetables / Meat,Edible oil / Cooking oil,Rice bran oil,PARKNSHOP,1,0,0.0,0.0,29,0.0,,,,
2024-02,category3,Rice / Oil / Canned food / Fruits / Vegetables / Meat,Edible oil / Cooking oil,Rice bran oil,WELLCOME,1,1,1.0,16.0,29,0.5517241379310345,0.5,0.5,1.0,100.0
2024-02,category3,Rice / Oil / Canned food / Fruits / Vegetables / Meat,Edible oil / Cooking oil,Sunflower oil,PARKNSHOP,1,0,0.0,0.0,29,0.0,,,,
2024-02,category3,Rice / Oil / Canned food / Fruits / Vegetables / Meat,Edible oil / Cooking oil,Sunflower oil blends,JASONS,1,0,0.0,0.0,29,0.0,,,1.0,100.03629217859293
2024-02,category3,Rice / Oil / Canned food / Fruits / Vegetables / Meat,Edible oil / Cooking oil,Sunflower oil blends,PARKNSHOP,4,1,0.25,0.25,29,0.008620689655172414,0.12000000000000005,0.12000000000000005,1.0,99.92741564281414
2024-02,category3,Rice / Oil / Canned food / Fruits / Vegetables / Meat,Edible oil / Cooking oil,Sunflower oil blends,WELLCOME,1,0,0.0,0.0,29,0.0,,,1.0,100.03629217859293
2024-02,category3,Rice / Oil / Canned food / Fruits / Vegetables / Meat,Fresh fruits,Apples,JASONS,2,2,1.0,10.0,29,0.3448275862068966,0.23327636567136567,0.23883040293040292,2.0,107.81125006351087
2024-02,category3,Rice / Oil / Canned food / Fruits / Vegetables / Meat,Fresh fruits,Apples,PARKNSHOP,2,2,1.0,28.5,29,0.9827586206896551,0.2223827529550687,0.19625562089242482,,
2024-02,category3,Rice / Oil / Canned food / Fruits / Vegetables / Meat,Fresh fruits,Apples,WELLCOME,2,2,1.0,3.5,29,0.1206896551724138,0.22749377777777777,0.2203722222222222,2.0,92.18874993648916
2024-02,category3,Rice / Oil / Canned food / Fruits / Vegetables / Meat,Fresh fruits,Bananas,PARKNSHOP,1,0,0.0,0.0,29,0.0,,,,
2024-02,category3,Rice / Oil / Canned food / Fruits / Vegetables / Meat,Fresh fruits,Blueberries,JASONS,1,1,1.0,29.0,29,1.0,0.1841581262677485,0.1875,1.0,102.20786147266894
2024-02,category3,Rice / Oil / Canned food / Fruits / Vegetables / Meat,Fresh fruits,Blueberries,WELLCOME,1,1,1.0,29.0,29,1.0,0.2045260775862069,0.1875,1.0,97.79213852733106
2024-02,category3,Rice / Oil / Canned food / Fruits / Vegetables / Meat,Fresh fruits,Grapefruits,PARKNSHOP,1,1,1.0,29.0,29,1.0,0.19103841117415976,0.12025316455696204,,
2024-02,category3,Rice / Oil / Canned food / Fruits / Vegetables / Meat,Fresh fruits,Kiwifruits,JASONS,1,1,1.0,12.0,29,0.41379310344827586,0.15980218855218856,0.1575757575757576,1.0,93.5054773082942
2024-02,category3,Rice / Oil / Canned food / Fruits / Vegetables / Meat,Fresh fruits,Kiwifruits,WELLCOME,1,1,1.0,4.0,29,0.13793103448275862,0.16425505050505051,0.16489898989898988,1.0,106.49452269170578
2024-02,category3,Rice / Oil / Canned food / Fruits / Vegetables / Meat,Fresh fruits,Lemons,JASONS,1,1,1.0,8.0,29,0.27586206896551724,0.21212727272727266,0.21212727272727266,,
2024-02,category3,Rice / Oil / Canned food / Fruits / Vegetables / Meat,Fresh fruits,Lemons,PARKNSHOP,1,1,1.0,29.0,29,1.0,0.1874149620105202,0.2146949152542373,,
2024-02,category3,Rice / Oil / Canned food / Fruits / Vegetables / Meat,Fresh fruits,Pears,JASONS,1,1,1.0,25.0,29,0.8620689655172413,0.26666,0.26666,1.0,100.0
2024-02,category3,Rice / Oil / Canned food / Fruits / Vegetables / Meat,Fresh fruits,Pears,WELLCOME,1,1,1.0,25.0,29,0.8620689655172413,0.26666,0.26666,1.0,100.0
2024-02,category3,Rice / Oil / Canned food / Fruits / Vegetables / Meat,Fresh fruits,Pineapples,JASONS,1,0,0.0,0.0,29,0.0,,,,
2024-02,category3,Rice / Oil / Canned food / Fruits / Vegetables / Meat,Fresh fruits,Pineapples,PARKNSHOP,1,0,0.0,0.0,29,0.0,,,,
2024-02,category3,Rice / Oil / Canned food / Fruits / Vegetables / Meat,Fresh vegetables,Baby Corn,PARKNSHOP,1,0,0.0,0.0,29,0.0,,,,
2024-02,category3,Rice / Oil / Canned food / Fruits / Vegetables / Meat,Fresh vegetables,Baby cabbage,PARKNSHOP,1,0,0.0,0.0,29,0.0,,,,
2024-02,category3,Rice / Oil / Canned food / Fruits / Vegetables / Meat,Fresh vegetables,Bell pepper / Capsicum,PARKNSHOP,1,0,0.0,0.0,29,0.0,,,,
2024-02,category3,Rice / Oil / Canned food / Fruits / Vegetables / Meat,Fresh vegetables,Bitter cucumber,PARKNSHOP,1,0,0.0,0.0,29,0.0,,,,
2024-02,category3,Rice / Oil / Canned food / Fruits / Vegetables / Meat,Fresh vegetables,Broccoli,JASONS,1,1,1.0,29.0,29,1.0,0.2685881773399015,0.28718461538461537,1.0,100.33877781117657
2024-02,category3,Rice / Oil / Canned food / Fruits / Vegetables / Meat,Fresh vegetables,Broccoli,PARKNSHOP,1,1,1.0,29.0,29,1.0,0.17689713617767389,0.2146949152542373,,
2024-02,category3,Rice / Oil / Canned food / Fruits / Vegetables / Meat,Fresh vegetables,Broccoli,WELLCOME,1,1,1.0,29.0,29,1.0,0.28300704812428945,0.28718461538461537,1.0,99.66122218882343
2024-02,category3,Rice / Oil / Canned food / Fruits / Vegetables / Meat,Fresh vegetables,Carrots,PARKNSHOP,2,0,0.0,0.0,29,0.0,,,,
2024-02,category3,Rice / Oil / Canned food / Fruits / Vegetables / Meat,Fresh vegetables,Cauliflower,JASONS,1,0,0.0,0.0,29,0.0,,,1.0,100.08698893997763
2024-02,category3,Rice / Oil / Canned food / Fruits / Vegetables / Meat,Fresh vegetables,Cauliflower,WELLCOME,1,0,0.0,0.0,29,0.0,,,1.0,99.91301106002237
2024-02,category3,Rice / Oil / Canned food / Fruits / Vegetables / Meat,Fresh vegetables,Celery,JASONS,1,0,0.0,0.0,29,0.0,,,1.0,101.97401299350324
2024-02,category3,Rice / Oil / Canned food / Fruits / Vegetables / Meat,Fresh vegetables,Celery,PARKNSHOP,1,0,0.0,0.0,29,0.0,,,,
2024-02,category3,Rice / Oil / Canned food / Fruits / Vegetables / Meat,Fresh vegetables,Celery,WELLCOME,1,0,0.0,0.0,29,0.0,,,1.0,98.02598700649675
2024-02,category3,Rice / Oil / Canned food / Fruits / Vegetables / Meat,Fresh vegetables,Corn,PARKNSHOP,1,0,0.0,0.0,29,0.0,,,,
2024-02,category3,Rice / Oil / Canned food / Fruits / Vegetables / Meat,Fresh vegetables,Garlics,JASONS,1,0,0.0,0.0,29,0.0,,,,
2024-02,category3,Rice / Oil / Canned food / Fruits / Vegetables / Meat,Fresh vegetables,Garlics,PARKNSHOP,1,0,0.0,0.0,29,0.0,,,,
2024-02,category3,Rice / Oil / Canned food / Fruits / Vegetables / Meat,Fresh vegetables,Green cabbage,PARKNSHOP,1,0,0.0,0.0,29,0.0,,,,
2024-02,category3,Rice / Oil / Canned food / Fruits / Vegetables / Meat,Fresh vegetables,Potatoes,PARKNSHOP,2,0,0.0,0.0,29,0.0,,,,
2024-02,category3,Rice / Oil / Canned food / Fruits / Vegetables / Meat,Fresh vegetables,Sweet bean / Sugar snap,PARKNSHOP,1,0,0.0,0.0,29,0.0,,,,
2024-02,category3,Rice / Oil / Canned food / Fruits / Vegetables / Meat,Fresh vegetables,Tomatoes,PARKNSHOP,1,0,0.0,0.0,29,0.0,,,,
2024-02,category3,Rice / Oil / Canned food / Fruits / Vegetables / Meat,Frozen meat / poultry,Frozen chicken wings,PARKNSHOP,1,0,0.0,0.0,29,0.0,,,,
2024-02,category3,Rice / Oil / Canned food / Fruits / Vegetables / Meat,Frozen meat / poultry,Frozen pork chops / steaks,JASONS,1,1,1.0,9.0,29,0.3103448275862069,0.14648571428571425,0.1360551020408163,1.0,98.46571657519303
2024-02,category3,Rice / Oil / Canned food / Fruits / Vegetables / Meat,Frozen meat / poultry,Frozen pork chops / steaks,PARKNSHOP,1,1,1.0,12.0,29,0.41379310344827586,0.317094017094017,0.317094017094017,1.0,101.66900046577656
2024-02,category3,Rice / Oil / Canned food / Fruits / Vegetables / Meat,Frozen meat / poultry,Frozen pork chops / steaks,WELLCOME,1,1,1.0,2.0,29,0.06896551724137931,0.13435408163265306,0.13435408163265306,1.0,99.86528295903041
2024-02,category3,Rice / Oil / Canned food / Fruits / Vegetables / Meat,Frozen seafood,Frozen Halibut,PARKNSHOP,1,1,1.0,20.0,29,0.6896551724137931,0.24480151228733452,0.24480151228733452,,
2024-02,category3,Rice / Oil / Canned food / Fruits / Vegetables / Meat,Frozen seafood,Frozen Salmon,JASONS,1,1,1.0,9.0,29,0.3103448275862069,0.1307012095421799,0.1346153846153846,1.0,100.3415300546448
2024-02,category3,Rice / Oil / Canned food / Fruits / Vegetables / Meat,Frozen seafood,Frozen Salmon,PARKNSHOP,1,1,1.0,24.0,29,0.8275862068965517,0.1851728726621664,0.18086956521739128,,
2024-02,category3,Rice / Oil / Canned food / Fruits / Vegetables / Meat,Frozen seafood,Frozen Salmon,WELLCOME,1,1,1.0,9.0,29,0.3103448275862069,0.13292210933720366,0.1346153846153846,1.0,99.6584699453552
2024-02,category3,Rice / Oil / Canned food / Fruits / Vegetables / Meat,Frozen seafood,Frozen Yellow Coraker,PARKNSHOP,1,1,1.0,29.0,29,1.0,0.40704647676161915,0.4147157190635451,,
2024-02,category3,Rice / Oil / Canned food / Fruits / Vegetables / Meat,Frozen seafood,Frozen pacific saury,PARKNSHOP,1,1,1.0,29.0,29,1.0,0.1366782006920415,0.1366782006920415,,
2024-02,category3,Rice / Oil / Canned food / Fruits / Vegetables / Meat,Frozen vegetables,Frozen corn kernels,PARKNSHOP,1,0,0.0,0.0,29,0.0,,,,
2024-02,category3,Rice / Oil / Canned food / Fruits / Vegetables / Meat,Frozen vegetables,Frozen mixed vegetables,PARKNSHOP,2,0,0.0,0.0,29,0.0,,,,
2024-02,category3,Rice / Oil / Canned food / Fruits / Vegetables / Meat,Frozen vegetables,Frozen peas,PARKNSHOP,1,0,0.0,0.0,29,0.0,,,,
2024-02,category3,Rice / Oil / Canned food / Fruits / Vegetables / Meat,Previously frozen meat,Previously frozen whole chicken,JASONS,1,0,0.0,0.0,29,0.0,,,,
2024-02,category3,Rice / Oil / Canned food / Fruits / Vegetables / Meat,Rice,Red / Brown / Mixed rice,JASONS,2,0,0.0,0.0,29,0.0,,,2.0,100.50361976707585
2024-02,category3,Rice / Oil / Canned food / Fruits / Vegetables / Meat,Rice,Red / Brown / Mixed rice,PARKNSHOP,5,0,0.0,0.0,29,0.0,,,,
2024-02,category3,Rice / Oil / Canned food / Fruits / Vegetables / Meat,Rice,Red / Brown / Mixed rice,WELLCOME,2,0,0.0,0.0,29,0.0,,,2.0,99.49638023292412
2024-02,category3,Rice / Oil / Canned food / Fruits / Vegetables / Meat,Rice,White rice,DCHFOOD,5,0,0.0,0.0,29,0.0,,,4.0,104.89918185917668
2024-02,category3,Rice / Oil / Canned food / Fruits / Vegetables / Meat,Rice,White rice,JASONS,13,0,0.0,0.0,29,0.0,,,11.0,98.83201565145117
2024-02,category3,Rice / Oil / Canned food / Fruits / Vegetables / Meat,Rice,White rice,PARKNSHOP,22,1,0.045454545454545456,0.045454545454545456,29,0.001567398119122257,0.14149443561208266,0.14149443561208266,5.0,102.19547242703354
2024-02,category3,Rice / Oil / Canned food / Fruits / Vegetables / Meat,Rice,White rice,WELLCOME,11,0,0.0,0.0,29,0.0,,,11.0,98.68720654262302
2024-03,category3,Bakery / Cereals / Spreads,Breads,Bread loaf,JASONS,15,0,0.0,0.0,31,0.0,,,15.0,100.38222840721522
2024-03,category3,Bakery / Cereals / Spreads,Breads,Bread loaf,PARKNSHOP,8,0,0.0,0.0,31,0.0,,,8.0,99.72160356347439
2024-03,category3,Bakery / Cereals / Spreads,Breads,Bread loaf,WELLCOME,15,0,0.0,0.0,31,0.0,,,15.0,99.7737831875665
2024-03,category3,Bakery / Cereals / Spreads,Breads,Bread rolls,JASONS,4,1,0.25,7.75,31,0.25,0.2067556494738658,0.20588235294117646,4.0,97.34432234432234
2024-03,category3,Bakery / Cereals / Spreads,Breads,Bread rolls,PARKNSHOP,4,2,0.5,15.5,31,0.5,0.31818181818181823,0.31818181818181823,2.0,106.53153153153153
2024-03,category3,Bakery / Cereals / Spreads,Breads,Bread rolls,WELLCOME,3,1,0.3333333333333333,10.333333333333334,31,0.33333333333333337,0.20588235294117646,0.20588235294117646,3.0,100.0
2024-03,category3,Bakery / Cereals / Spreads,Breads,Other bread,JASONS,1,0,0.0,0.0,31,0.0,,,1.0,99.82300884955754
2024-03,category3,Bakery / Cereals / Spreads,Breads,Other bread,PARKNSHOP,1,0,0.0,0.0,31,0.0,,,1.0,100.35398230088495
2024-03,category3,Bakery / Cereals / Spreads,Breads,Other bread,WELLCOME,1,0,0.0,0.0,31,0.0,,,1.0,99.82300884955754
2024-03,category3,Bakery / Cereals / Spreads,Breads,Pastry,PARKNSHOP,1,0,0.0,0.0,31,0.0,,,,
2024-03,category3,Bakery / Cereals / Spreads,Breakfast cereals,Corn flakes / Cereals / Muesli,JASONS,12,7,0.5833333333333334,2.8333333333333335,31,0.0913978494623656,0.15129512838759412,0.16666818181818177,12.0,100.45452714930987
2024-03,category3,Bakery / Cereals / Spreads,Breakfast cereals,Corn flakes / Cereals / Muesli,PARKNSHOP,11,8,0.7272727272727273,4.090909090909091,31,0.13196480938416422,0.16199697178629546,0.1666674242424242,9.0,98.92267325047472
2024-03,category3,Bakery / Cereals / Spreads,Breakfast cereals,Corn flakes / Cereals / Muesli,WELLCOME,12,7,0.5833333333333334,2.8333333333333335,31,0.0913978494623656,0.15129512838759412,0.16666818181818177,12.0,100.33825051286622
2024-03,category3,Bakery / Cereals / Spreads,Breakfast cereals,Instant oatmeal in sachets,JASONS,1,1,1.0,3.0,31,0.0967741935483871,0.18401559454191038,0.16944444444444448,1.0,99.86318480031422
2024-03,category3,Bakery / Cereals / Spreads,Breakfast cereals,Instant oatmeal in sachets,PARKNSHOP,2,2,1.0,2.5,31,0.08064516129032258,0.14571428571428577,0.14571428571428577,1.0,100.27363039937163
2024-03,category3,Bakery / Cereals / Spreads,Breakfast cereals,Instant oatmeal in sachets,WELLCOME,1,1,1.0,3.0,31,0.0967741935483871,0.16944444444444448,0.16944444444444448,1.0,99.86318480031422
2024-03,category3,Bakery / Cereals / Spreads,Breakfast cereals,Instant oatmeals,JASONS,4,1,0.25,6.0,31,0.1935483870967742,0.27655547954460996,0.24999999999999994,4.0,99.65353344225663
2024-03,category3,Bakery / Cereals / Spreads,Breakfast cereals,Instant oatmeals,PARKNSHOP,2,1,0.5,12.0,31,0.3870967741935484,0.25492269502725345,0.2474916387959866,2.0,101.05170301396717
2024-03,category3,Bakery / Cereals / Spreads,Breakfast cereals,Instant oatmeals,WELLCOME,4,1,0.25,6.0,31,0.1935483870967742,0.27655547954460996,0.24999999999999994,4.0,99.65353344225663
2024-03,category3,Bakery / Cereals / Spreads,Breakfast cereals,Quick cooking oatmeals,DCHFOOD,1,0,0.0,0.0,31,0.0,,,1.0,117.99642335646668
2024-03,category3,Bakery / Cereals / Spreads,Breakfast cereals,Quick cooking oatmeals,JASONS,3,1,0.3333333333333333,8.0,31,0.25806451612903225,0.2740302270193574,0.24999999999999994,3.0,97.80216948803175
2024-03,category3,Bakery / Cereals / Spreads,Breakfast cereals,Quick cooking oatmeals,PARKNSHOP,2,1,0.5,12.0,31,0.3870967741935484,0.25492269502725345,0.2474916387959866,2.0,98.36914908081263
2024-03,category3,Bakery / Cereals / Spreads,Breakfast cereals,Quick cooking oatmeals,WELLCOME,3,1,0.3333333333333333,8.0,31,0.25806451612903225,0.27655547954460996,0.24999999999999994,3.0,97.71971863646904
2024-03,category3,Bakery / Cereals / Spreads,Breakfast cereals,Rolled oats,JASONS,3,1,0.3333333333333333,8.0,31,0.25806451612903225,0.2740302270193574,0.24999999999999994,3.0,99.61954063426647
2024-03,category3,Bakery / Cereals / Spreads,Breakfast cereals,Rolled oats,PARKNSHOP,2,1,0.5,12.0,31,0.3870967741935484,0.25492269502725345,0.2474916387959866,2.0,101.49274054909705
2024-03,category3,Bakery / Cereals / Spreads,Breakfast cereals,Rolled oats,WELLCOME,3,1,0.3333333333333333,8.0,31,0.25806451612903225,0.27655547954460996,0.24999999999999994,3.0,99.4989194350907
2024-03,category3,Bakery / Cereals / Spreads,Cakes,Chiffon cakes,JASONS,1,1,1.0,29.0,31,0.9354838709677419,0.280952380952381,0.275,1.0,100.0
2024-03,category3,Bakery / Cereals / Spreads,Cakes,Chiffon cakes,WELLCOME,1,1,1.0,29.0,31,0.9354838709677419,0.275,0.275,1.0,100.0
2024-03,category3,Bakery / Cereals / Spreads,Cakes,Chocolate pies / Chocolate cakes,PARKNSHOP,2,0,0.0,0.0,31,0.0,,,,
2024-03,category3,Bakery / Cereals / Spreads,Cakes,Frozen cakes,JASONS,2,0,0.0,0.0,31,0.0,,,2.0,107.4203017002566
2024-03,category3,Bakery / Cereals / Spreads,Cakes,Frozen cakes,PARKNSHOP,2,2,1.0,21.5,31,0.6935483870967742,0.35566132264529055,0.2985971943887775,2.0,85.15939659948683
2024-03,category3,Bakery / Cereals / Spreads,Cakes,Frozen cakes,WELLCOME,2,0,0.0,0.0,31,0.0,,,2.0,107.4203017002566
2024-03,category3,Bakery / Cereals / Spreads,Cakes,Sponge cakes,JASONS,4,1,0.25,3.5,31,0.11290322580645161,0.2622012107595332,0.2619047619047619,4.0,100.78083492988586
2024-03,category3,Bakery / Cereals / Spreads,Cakes,Sponge cakes,WELLCOME,4,1,0.25,3.25,31,0.10483870967741936,0.2619047619047619,0.2619047619047619,4.0,99.21916507011414
2024-03,category3,Bakery / Cereals / Spreads,Cakes,Swiss rolls,JASONS,2,2,1.0,21.0,31,0.6774193548387096,0.25625,0.25,2.0,100.05141388174808
2024-03,category3,Bakery / Cereals / Spreads,Cakes,Swiss rolls,WELLCOME,2,2,1.0,21.0,31,0.6774193548387096,0.24880681818181816,0.25,2.0,99.94858611825192
2024-03,category3,Bakery / Cereals / Spreads,Honey / Syrup,Honey,DCHFOOD,1,0,0.0,0.0,31,0.0,,,1.0,97.43589743589743
2024-03,category3,Bakery / Cereals / Spreads,Honey / Syrup,Honey,JASONS,21,3,0.14285714285714285,0.14285714285714285,31,0.004608294930875576,0.13503649635036497,0.13503649635036497,21.0,99.884194334427
2024-03,category3,Bakery / Cereals / Spreads,Honey / Syrup,Honey,PARKNSHOP,23,0,0.0,0.0,31,0.0,,,13.0,100.84735475720612
2024-03,category3,Bakery / Cereals / Spreads,Honey / Syrup,Honey,WELLCOME,20,3,0.15,0.15,31,0.004838709677419355,0.13533834586466165,0.13533834586466165,20.0,99.7536670448147
2024-03,category3,Bakery / Cereals / Spreads,Honey / Syrup,Honey with syrup,JASONS,2,0,0.0,0.0,31,0.0,,,2.0,100.06439150032196
2024-03,category3,Bakery / Cereals / Spreads,Honey / Syrup,Honey with syrup,PARKNSHOP,2,0,0.0,0.0,31,0.0,,,2.0,99.8712169993561
2024-03,category3,Bakery / Cereals / Spreads,Honey / Syrup,Honey with syrup,WELLCOME,2,0,0.0,0.0,31,0.0,,,2.0,100.06439150032196
2024-03,category3,Bakery / Cereals / Spreads,Honey / Syrup,Syrup,PARKNSHOP,1,0,0.0,0.0,31,0.0,,,,
2024-03,category3,Bakery / Cereals / Spreads,Spreads,Fruit jams / Fruit preserves,JASONS,7,1,0.14285714285714285,1.0,31,0.03225806451612903,0.19444444444444445,0.19444444444444445,7.0,99.9237167544413
2024-03,category3,Bakery / Cereals / Spreads,Spreads,Fruit jams / Fruit preserves,PARKNSHOP,4,1,0.25,1.75,31,0.056451612903225805,0.19444444444444445,0.19444444444444445,4.0,100.2315381704032
2024-03,category3,Bakery / Cereals / Spreads,Spreads,Fruit jams / Fruit preserves,WELLCOME,7,1,0.14285714285714285,1.0,31,0.03225806451612903,0.19444444444444445,0.19444444444444445,7.0,99.9237167544413
2024-03,category3,Bakery / Cereals / Spreads,Spreads,Hazelnut spreads,JASONS,2,0,0.0,0.0,31,0.0,,,2.0,97.01869631126831
2024-03,category3,Bakery / Cereals / Spreads,Spreads,Hazelnut spreads,PARKNSHOP,1,0,0.0,0.0,31,0.0,,,1.0,108.55692530819434
2024-03,category3,Bakery / Cereals / Spreads,Spreads,Hazelnut spreads,WELLCOME,2,0,0.0,0.0,31,0.0,,,2.0,97.01869631126831
2024-03,category3,Bakery / Cereals / Spreads,Spreads,Peanut butter,JASONS,10,0,0.0,0.0,31,0.0,,,10.0,99.52177196073497
2024-03,category3,Bakery / Cereals / Spreads,Spreads,Peanut butter,PARKNSHOP,9,0,0.0,0.0,31,0.0,,,4.0,102.6098901098901
2024-03,category3,Bakery / Cereals / Spreads,Spreads,Peanut butter,WELLCOME,10,0,0.0,0.0,31,0.0,,,10.0,99.52177196073497
2024-03,category3,Bakery / Cereals / Spreads,Spreads,Tuna spreads,JASONS,1,0,0.0,0.0,31,0.0,,,1.0,102.97010228166799
2024-03,category3,Bakery / Cereals / Spreads,Spreads,Tuna spreads,PARKNSHOP,2,1,0.5,15.5,31,0.5,0.20280070017504384,0.2248062015503876,1.0,94.05979543666405
2024-03,category3,Bakery / Cereals / Spreads,Spreads,Tuna spreads,WELLCOME,1,0,0.0,0.0,31,0.0,,,1.0,102.97010228166799
2024-03,category3,Beer / Wines / Spirits,Beer,Bottles,JASONS,8,4,0.5,12.75,31,0.4112903225806452,0.22486433579653115,0.20000000000000004,8.0,97.93647122335763
2024-03,category3,Beer / Wines / Spirits,Beer,Bottles,PARKNSHOP,9,9,1.0,9.777777777777779,31,0.31541218637992835,0.15378895299760206,0.10000000000000002,7.0,104.44092613374491
2024-03,category3,Beer / Wines / Spirits,Beer,Bottles,WELLCOME,8,4,0.5,12.75,31,0.4112903225806452,0.22468652640819542,0.20000000000000004,8.0,97.9311969368456
2024-03,category3,Beer / Wines / Spirits,Beer,Canned,JASONS,21,12,0.5714285714285714,8.904761904761905,31,0.2872503840245776,0.16300437339501644,0.1535339063992359,21.0,98.89567404722416
2024-03,category3,Beer / Wines / Spirits,Beer,Canned,PARKNSHOP,24,24,1.0,10.625,31,0.34274193548387094,0.14116844214112848,0.10390334572490706,22.0,102.15882419726263
2024-03,category3,Beer / Wines / Spirits,Beer,Canned,WELLCOME,22,12,0.5454545454545454,8.5,31,0.27419354838709675,0.16215726664367777,0.1535339063992359,22.0,98.89354017889606
2024-03,category3,Beer / Wines / Spirits,Red wines,American (US),JASONS,1,0,0.0,0.0,31,0.0,,,1.0,104.0
2024-03,category3,Beer / Wines / Spirits,Red wines,American (US),PARKNSHOP,1,0,0.0,0.0,31,0.0,,,1.0,92.0
2024-03,category3,Beer / Wines / Spirits,Red wines,American (US),WELLCOME,1,0,0.0,0.0,31,0.0,,,1.0,104.0
2024-03,category3,Beer / Wines / Spirits,Red wines,Australian,JASONS,3,3,1.0,22.333333333333332,31,0.7204301075268816,0.392335154619623,0.38095238095238093,3.0,98.78175474087104
2024-03,category3,Beer / Wines / Spirits,Red wines,Australian,PARKNSHOP,3,3,1.0,22.666666666666668,31,0.7311827956989247,0.3597197609654222,0.30581009174311924,2.0,113.31308818700252
2024-03,category3,Beer / Wines / Spirits,Red wines,Australian,WELLCOME,4,4,1.0,17.5,31,0.5645161290322581,0.4295347456330693,0.3968982088248143,4.0,94.57396786309602
2024-03,category3,Beer / Wines / Spirits,Red wines,French,JASONS,1,0,0.0,0.0,31,0.0,,,1.0,95.26763814745348
2024-03,category3,Beer / Wines / Spirits,Red wines,French,PARKNSHOP,1,1,1.0,31.0,31,1.0,0.2577145805171849,0.27522935779816515,1.0,109.46472370509308
2024-03,category3,Beer / Wines / Spirits,Red wines,French,WELLCOME,1,0,0.0,0.0,31,0.0,,,1.0,95.26763814745348
2024-03,category3,Beer / Wines / Spirits,Rice wines,Chinese,JASONS,2,1,0.5,4.5,31,0.14516129032258066,0.08333333333333333,0.08333333333333333,2.0,99.98268518197874
2024-03,category3,Beer / Wines / Spirits,Rice wines,Chinese,PARKNSHOP,4,2,0.5,2.75,31,0.08870967741935484,0.12593305478616026,0.12593305478616026,2.0,104.69390035004096
2024-03,category3,Beer / Wines / Spirits,Rice wines,Chinese,WELLCOME,3,1,0.3333333333333333,3.0,31,0.0967741935483871,0.08333333333333333,0.08333333333333333,3.0,96.20300922083214
2024-03,category3,Beer / Wines / Spirits,Shandy,Canned,JASONS,1,0,0.0,0.0,31,0.0,,,1.0,95.80840509138429
2024-03,category3,Beer / Wines / Spirits,Shandy,Canned,PARKNSHOP,1,1,1.0,3.0,31,0.0967741935483871,0.09999999999999991,0.0999999999999999,1.0,108.38318981723143
2024-03,category3,Beer / Wines / Spirits,Shandy,Canned,WELLCOME,1,0,0.0,0.0,31,0.0,,,1.0,95.80840509138429
2024-03,category3,Beer / Wines / Spirits,Shaoxing wines,Chinese,JASONS,1,0,0.0,0.0,31,0.0,,,1.0,101.82767624020887
2024-03,category3,Beer / Wines / Spirits,Shaoxing wines,Chinese,PARKNSHOP,1,0,0.0,0.0,31,0.0,,,1.0,96.34464751958222
2024-03,category3,Beer / Wines / Spirits,Shaoxing wines,Chinese,WELLCOME,1,0,0.0,0.0,31,0.0,,,1.0,101.82767624020887
2024-03,category3,Beer / Wines / Spirits,White wines,American (US),JASONS,1,0,0.0,0.0,31,0.0,,,1.0,100.0
2024-03,category3,Beer / Wines / Spirits,White wines,American (US),WELLCOME,1,0,0.0,0.0,31,0.0,,,1.0,100.0
2024-03,category3,Beer / Wines / Spirits,White wines,Australian,JASONS,1,1,1.0,31.0,31,1.0,0.38316492622500314,0.38095238095238093,1.0,96.35665269260836
2024-03,category3,Beer / Wines / Spirits,White wines,Australian,PARKNSHOP,1,1,1.0,30.0,31,0.967741935483871,0.34909625521267723,0.30581009174311924,1.0,107.28669461478329
2024-03,category3,Beer / Wines / Spirits,White wines,Australian,WELLCOME,1,1,1.0,31.0,31,1.0,0.38248847926267276,0.38095238095238093,1.0,96.35665269260836
2024-03,category3,Candies / Biscuits / Snacks,Biscuits,Biscuit sticks,JASONS,8,6,0.75,12.0,31,0.3870967741935484,0.30937612768637435,0.2761904761904762,8.0,98.23981416101424
2024-03,category3,Candies / Biscuits / Snacks,Biscuits,Biscuit sticks,MANNINGS,1,1,1.0,12.0,31,0.3870967741935484,0.19831223628691985,0.17721518987341775,1.0,97.12662880053458
2024-03,category3,Candies / Biscuits / Snacks,Biscuits,Biscuit sticks,PARKNSHOP,7,3,0.42857142857142855,10.857142857142858,31,0.3502304147465438,0.2772923822892197,0.25925925925925924,7.0,103.58830063277739
2024-03,category3,Candies / Biscuits / Snacks,Biscuits,Biscuit sticks,WELLCOME,6,4,0.6666666666666666,8.0,31,0.25806451612903225,0.29625112359170874,0.2651162790697674,6.0,98.51782838401562
2024-03,category3,Candies / Biscuits / Snacks,Biscuits,Cheese crackers,JASONS,2,1,0.5,15.5,31,0.5,0.26916485645933014,0.25,2.0,99.31601472016126
2024-03,category3,Candies / Biscuits / Snacks,Biscuits,Cheese crackers,MANNINGS,1,0,0.0,0.0,31,0.0,,,1.0,99.64555113150737
2024-03,category3,Candies / Biscuits / Snacks,Biscuits,Cheese crackers,PARKNSHOP,2,1,0.5,12.0,31,0.3870967741935484,0.2604166666666667,0.25,2.0,101.50241573300009
2024-03,category3,Candies / Biscuits / Snacks,Biscuits,Cheese crackers,WELLCOME,2,1,0.5,15.5,31,0.5,0.26881758064516126,0.25,2.0,99.28726049474115
2024-03,category3,Candies / Biscuits / Snacks,Biscuits,Cookies,JASONS,10,4,0.4,10.7,31,0.34516129032258064,0.29941181971023234,0.26582668890361194,10.0,97.11868882321151
2024-03,category3,Candies / Biscuits / Snacks,Biscuits,Cookies,PARKNSHOP,10,5,0.5,10.2,31,0.3290322580645161,0.28418119667180874,0.2683397683397683,9.0,106.9733348886866
2024-03,category3,Candies / Biscuits / Snacks,Biscuits,Cookies,WELLCOME,10,4,0.4,10.7,31,0.34516129032258064,0.29943029440663815,0.26582668890361194,10.0,96.92454700978666
2024-03,category3,Candies / Biscuits / Snacks,Biscuits,Others,DCHFOOD,1,0,0.0,0.0,31,0.0,,,1.0,83.89639201536387
2024-03,category3,Candies / Biscuits / Snacks,Biscuits,Others,JASONS,11,10,0.9090909090909091,17.181818181818183,31,0.5542521994134898,0.2940317316038321,0.25,11.0,99.56147299814894
2024-03,category3,Candies / Biscuits / Snacks,Biscuits,Others,PARKNSHOP,12,9,0.75,15.583333333333334,31,0.5026881720430108,0.2543411975473597,0.25,10.0,102.42779469667862
2024-03,category3,Candies / Biscuits / Snacks,Biscuits,Others,WELLCOME,8,7,0.875,16.25,31,0.5241935483870968,0.30799857095577726,0.25,8.0,99.29242017210201
2024-03,category3,Candies / Biscuits / Snacks,Biscuits,Saltine crackers / Soda crackers / Cream crackers,JASONS,8,8,1.0,26.5,31,0.8548387096774194,0.3432563907508185,0.3827586206896552,8.0,99.84538547011506
2024-03,category3,Candies / Biscuits / Snacks,Biscuits,Saltine crackers / Soda crackers / Cream crackers,MANNINGS,1,0,0.0,0.0,31,0.0,,,1.0,99.66957926898473
2024-03,category3,Candies / Biscuits / Snacks,Biscuits,Saltine crackers / Soda crackers / Cream crackers,PARKNSHOP,8,7,0.875,22.75,31,0.7338709677419355,0.24864282293550835,0.2446043165467626,2.0,101.18713246334687
2024-03,category3,Candies / Biscuits / Snacks,Biscuits,Saltine crackers / Soda crackers / Cream crackers,WELLCOME,8,8,1.0,26.5,31,0.8548387096774194,0.343000122996236,0.3827586206896552,8.0,99.84538547011506
2024-03,category3,Candies / Biscuits / Snacks,Biscuits,Sandwich crackers,DCHFOOD,3,0,0.0,0.0,31,0.0,,,2.0,101.0778794291669
2024-03,category3,Candies / Biscuits / Snacks,Biscuits,Sandwich crackers,JASONS,13,10,0.7692307692307693,15.076923076923077,31,0.48635235732009924,0.31366771169896757,0.3235638594164456,13.0,98.67103324329395
2024-03,category3,Candies / Biscuits / Snacks,Biscuits,Sandwich crackers,MANNINGS,1,0,0.0,0.0,31,0.0,,,1.0,117.39250830074425
2024-03,category3,Candies / Biscuits / Snacks,Biscuits,Sandwich crackers,PARKNSHOP,14,12,0.8571428571428571,10.285714285714286,31,0.3317972350230415,0.3241114963889596,0.3436195587358378,12.0,101.1771320302594
2024-03,category3,Candies / Biscuits / Snacks,Biscuits,Sandwich crackers,WELLCOME,11,8,0.7272727272727273,16.272727272727273,31,0.5249266862170088,0.3071933349303486,0.28455612619222304,11.0,98.45055605718765
2024-03,category3,Candies / Biscuits / Snacks,Biscuits,Wafers,JASONS,13,11,0.8461538461538461,17.076923076923077,31,0.5508684863523573,0.2977416597089727,0.24152542372881367,13.0,99.23791990456337
2024-03,category3,Candies / Biscuits / Snacks,Biscuits,Wafers,MANNINGS,1,0,0.0,0.0,31,0.0,,,1.0,110.11127506275788
2024-03,category3,Candies / Biscuits / Snacks,Biscuits,Wafers,PARKNSHOP,7,4,0.5714285714285714,17.714285714285715,31,0.5714285714285715,0.21657890887816295,0.2138364779874214,7.0,99.15145942235
2024-03,category3,Candies / Biscuits / Snacks,Biscuits,Wafers,WELLCOME,11,9,0.8181818181818182,14.727272727272727,31,0.47507331378299117,0.31660524731109435,0.24152542372881367,10.0,99.85524260208324
2024-03,category3,Candies / Biscuits / Snacks,Candies / Confectioneries,Candies,JASONS,9,6,0.6666666666666666,16.0,31,0.5161290322580645,0.16817615542653072,0.1521204089360091,9.0,97.97975100659006
2024-03,category3,Candies / Biscuits / Snacks,Candies / Confectioneries,Candies,MANNINGS,2,0,0.0,0.0,31,0.0,,,2.0,94.2484999268257
2024-03,category3,Candies / Biscuits / Snacks,Candies / Confectioneries,Candies,PARKNSHOP,10,7,0.7,11.4,31,0.36774193548387096,0.20428861964120887,0.16666666666666666,8.0,105.44373227028562
2024-03,category3,Candies / Biscuits / Snacks,Candies / Confectioneries,Candies,WELLCOME,9,6,0.6666666666666666,16.0,31,0.5161290322580645,0.16765163557409588,0.1521204089360091,9.0,97.9618578864125
2024-03,category3,Candies / Biscuits / Snacks,Candies / Confectioneries,Chewing gums,JASONS,5,5,1.0,28.0,31,0.9032258064516129,0.1947738960431808,0.25,5.0,100.95476562790135
2024-03,category3,Candies / Biscuits / Snacks,Candies / Confectioneries,Chewing gums,MANNINGS,3,2,0.6666666666666666,20.666666666666668,31,0.6666666666666667,0.1145833333333333,0.1145833333333333,3.0,97.84981507238392
2024-03,category3,Candies / Biscuits / Snacks,Candies / Confectioneries,Chewing gums,PARKNSHOP,6,6,1.0,28.166666666666668,31,0.9086021505376345,0.18843461628971678,0.2511682242990654,5.0,98.52617646179314
2024-03,category3,Candies / Biscuits / Snacks,Candies / Confectioneries,Chewing gums,WATSONS,2,0,0.0,0.0,31,0.0,,,2.0,101.96797977198733
2024-03,category3,Candies / Biscuits / Snacks,Candies / Confectioneries,Chewing gums,WELLCOME,5,5,1.0,28.0,31,0.9032258064516129,0.19354838709677422,0.25,5.0,100.95476562790135
2024-03,category3,Candies / Biscuits / Snacks,Candies / Confectioneries,Chocolates,JASONS,39,26,0.6666666666666666,14.102564102564102,31,0.4549214226633581,0.23836149885552085,0.25,39.0,98.7049785579199
2024-03,category3,Candies / Biscuits / Snacks,Candies / Confectioneries,Chocolates,MANNINGS,5,1,0.2,3.2,31,0.1032258064516129,0.1417910447761194,0.1417910447761194,5.0,108.31938999228605
2024-03,category3,Candies / Biscuits / Snacks,Candies / Confectioneries,Chocolates,PARKNSHOP,36,19,0.5277777777777778,9.972222222222221,31,0.32168458781362,0.26533995867675964,0.25000000000000006,29.0,103.44192255238409
2024-03,category3,Candies / Biscuits / Snacks,Candies / Confectioneries,Chocolates,WELLCOME,39,26,0.6666666666666666,14.076923076923077,31,0.45409429280397023,0.2382833479984029,0.25,38.0,98.37879935875867
2024-03,category3,Candies / Biscuits / Snacks,Dried fruits,Apricots,JASONS,1,0,0.0,0.0,31,0.0,,,1.0,100.1526529607288
2024-03,category3,Candies / Biscuits / Snacks,Dried fruits,Apricots,PARKNSHOP,1,0,0.0,0.0,31,0.0,,,1.0,99.69469407854243
2024-03,category3,Candies / Biscuits / Snacks,Dried fruits,Apricots,WELLCOME,1,0,0.0,0.0,31,0.0,,,1.0,100.1526529607288
2024-03,category3,Candies / Biscuits / Snacks,Dried fruits,Cranberries,JASONS,1,0,0.0,0.0,31,0.0,,,1.0,100.0
2024-03,category3,Candies / Biscuits / Snacks,Dried fruits,Cranberries,WELLCOME,1,0,0.0,0.0,31,0.0,,,1.0,100.0
2024-03,category3,Candies / Biscuits / Snacks,Dried fruits,Dried Prunes,JASONS,1,0,0.0,0.0,31,0.0,,,1.0,103.10318076027929
2024-03,category3,Candies / Biscuits / Snacks,Dried fruits,Dried Prunes,PARKNSHOP,2,1,0.5,4.5,31,0.14516129032258066,0.2506265664160401,0.2506265664160401,1.0,93.79363847944143
2024-03,category3,Candies / Biscuits / Snacks,Dried fruits,Dried Prunes,WELLCOME,1,0,0.0,0.0,31,0.0,,,1.0,103.10318076027929
2024-03,category3,Candies / Biscuits / Snacks,Dried fruits,Dried mangoes,JASONS,2,0,0.0,0.0,31,0.0,,,2.0,97.30290456431534
2024-03,category3,Candies / Biscuits / Snacks,Dried fruits,Dried mangoes,PARKNSHOP,1,0,0.0,0.0,31,0.0,,,1.0,110.27667984189722
2024-03,category3,Candies / Biscuits / Snacks,Dried fruits,Dried mangoes,WELLCOME,2,0,0.0,0.0,31,0.0,,,2.0,97.30290456431534
2024-03,category3,Candies / Biscuits / Snacks,Dried fruits,Raisins,JASONS,2,0,0.0,0.0,31,0.0,,,2.0,96.8601662984742
2024-03,category3,Candies / Biscuits / Snacks,Dried fruits,Raisins,PARKNSHOP,3,1,0.3333333333333333,2.0,31,0.06451612903225806,0.2506265664160401,0.2506265664160401,1.0,114.2412690066167
2024-03,category3,Candies / Biscuits / Snacks,Dried fruits,Raisins,WELLCOME,2,0,0.0,0.0,31,0.0,,,2.0,96.8601662984742
2024-03,category3,Candies / Biscuits / Snacks,Snack bars / Energy bars,Energy bars / Snack bars,JASONS,3,3,1.0,1.0,31,0.03225806451612903,0.25,0.25,3.0,99.54017931397115
2024-03,category3,Candies / Biscuits / Snacks,Snack bars / Energy bars,Energy bars / Snack bars,PARKNSHOP,3,2,0.6666666666666666,4.666666666666667,31,0.15053763440860216,0.42741935483870963,0.42741935483870963,2.0,101.70258000993317
2024-03,category3,Candies / Biscuits / Snacks,Snack bars / Energy bars,Energy bars / Snack bars,WELLCOME,3,3,1.0,1.0,31,0.03225806451612903,0.25,0.25,3.0,99.41140806000739
2024-03,category3,Candies / Biscuits / Snacks,Snack bars / Energy bars,Soya bars,PARKNSHOP,1,1,1.0,30.0,31,0.967741935483871,0.3055155875299761,0.28057553956834536,,
2024-03,category3,Candies / Biscuits / Snacks,Snacks,Corn chips / Tortilla chips,JASONS,10,10,1.0,25.5,31,0.8225806451612904,0.2097843589421735,0.13636363636363635,10.0,99.75517607645907
2024-03,category3,Candies / Biscuits / Snacks,Snacks,Corn chips / Tortilla chips,PARKNSHOP,2,1,0.5,15.5,31,0.5,0.31832958239559894,0.3023255813953489,2.0,102.58656083207882
2024-03,category3,Candies / Biscuits / Snacks,Snacks,Corn chips / Tortilla chips,WELLCOME,10,10,1.0,25.5,31,0.8225806451612904,0.2095795948324858,0.13636363636363635,10.0,99.75517607645907
2024-03,category3,Candies / Biscuits / Snacks,Snacks,Crispy crackers,JASONS,7,7,1.0,31.0,31,1.0,0.16393077868365474,0.15730337078651688,7.0,99.12544676753272
2024-03,category3,Candies / Biscuits / Snacks,Snacks,Crispy crackers,PARKNSHOP,6,6,1.0,29.833333333333332,31,0.9623655913978494,0.2533620722338008,0.2474747474747475,5.0,102.30670601896652
2024-03,category3,Candies / Biscuits / Snacks,Snacks,Crispy crackers,WELLCOME,7,7,1.0,31.0,31,1.0,0.16237622906739516,0.15730337078651688,7.0,99.10877979221837
2024-03,category3,Candies / Biscuits / Snacks,Snacks,Noodle snacks,JASONS,3,2,0.6666666666666666,20.666666666666668,31,0.6666666666666667,0.3073503515301902,0.3333333333333333,3.0,98.82983979324054
2024-03,category3,Candies / Biscuits / Snacks,Snacks,Noodle snacks,PARKNSHOP,2,2,1.0,24.0,31,0.7741935483870968,0.3333384615384614,0.3333384615384615,2.0,105.0376550825671
2024-03,category3,Candies / Biscuits / Snacks,Snacks,Noodle snacks,WELLCOME,3,2,0.6666666666666666,20.666666666666668,31,0.6666666666666667,0.3064543010752688,0.3333333333333333,3.0,98.82983979324054
2024-03,category3,Candies / Biscuits / Snacks,Snacks,Nuts,DCHFOOD,1,0,0.0,0.0,31,0.0,,,1.0,103.71481310567606
2024-03,category3,Candies / Biscuits / Snacks,Snacks,Nuts,JASONS,21,3,0.14285714285714285,4.142857142857143,31,0.1336405529953917,0.2541415365727278,0.30591259640102825,20.0,99.82635317472129
2024-03,category3,Candies / Biscuits / Snacks,Snacks,Nuts,PARKNSHOP,9,5,0.5555555555555556,8.555555555555555,31,0.27598566308243727,0.30209579905845424,0.30591259640102825,7.0,100.3783664481769
2024-03,category3,Candies / Biscuits / Snacks,Snacks,Nuts,WELLCOME,18,2,0.1111111111111111,3.111111111111111,31,0.1003584229390681,0.19607301139766517,0.20851185375606968,18.0,99.75573533793565
2024-03,category3,Candies / Biscuits / Snacks,Snacks,Potato chips,DCHFOOD,2,0,0.0,0.0,31,0.0,,,2.0,86.37353069220724
2024-03,category3,Candies / Biscuits / Snacks,Snacks,Potato chips,JASONS,40,36,0.9,25.375,31,0.8185483870967742,0.3027104463125278,0.3119266055045872,40.0,100.51989690717204
2024-03,category3,Candies / Biscuits / Snacks,Snacks,Potato chips,PARKNSHOP,23,20,0.8695652173913043,23.956521739130434,31,0.7727910238429172,0.28105693258538217,0.256578947368421,20.0,99.37070476143782
2024-03,category3,Candies / Biscuits / Snacks,Snacks,Potato chips,WELLCOME,40,36,0.9,25.375,31,0.8185483870967742,0.302418065806017,0.3119266055045872,40.0,100.5141601116035
2024-03,category3,Candies / Biscuits / Snacks,Snacks,Seaweeds,JASONS,2,1,0.5,7.0,31,0.22580645161290322,0.28,0.28,2.0,98.04322957432719
2024-03,category3,Candies / Biscuits / Snacks,Snacks,Seaweeds,MANNINGS,1,0,0.0,0.0,31,0.0,,,1.0,89.66531440162272
2024-03,category3,Candies / Biscuits / Snacks,Snacks,Seaweeds,PARKNSHOP,3,0,0.0,0.0,31,0.0,,,3.0,106.67284619230131
2024-03,category3,Candies / Biscuits / Snacks,Snacks,Seaweeds,WATSONS,1,0,0.0,0.0,31,0.0,,,1.0,97.46450304259636
2024-03,category3,Candies / Biscuits / Snacks,Snacks,Seaweeds,WELLCOME,2,1,0.5,7.0,31,0.22580645161290322,0.28,0.28,2.0,98.04322957432719
2024-03,category3,Dairy / Soy products / Eggs,Bean curd products,Bean curd desserts,JASONS,5,5,1.0,22.0,31,0.7096774193548387,0.25709297648463925,0.19444999999999993,5.0,100.84835027304275
2024-03,category3,Dairy / Soy products / Eggs,Bean curd products,Bean curd desserts,PARKNSHOP,6,6,1.0,31.0,31,1.0,0.20514767838846537,0.15205263157894733,5.0,98.66556442157723
2024-03,category3,Dairy / Soy products / Eggs,Bean curd products,Bean curd desserts,WELLCOME,5,5,1.0,22.4,31,0.7225806451612903,0.25912352658805454,0.19444999999999993,5.0,100.48608530538003
2024-03,category3,Dairy / Soy products / Eggs,Bean curd products,Bean curds,JASONS,7,5,0.7142857142857143,18.0,31,0.5806451612903226,0.26250544184981955,0.26605504587155965,7.0,99.88748698724574
2024-03,category3,Dairy / Soy products / Eggs,Bean curd products,Bean curds,PARKNSHOP,7,5,0.7142857142857143,18.285714285714285,31,0.5898617511520737,0.16729451208662846,0.17582417582417578,7.0,100.22502602550855
2024-03,category3,Dairy / Soy products / Eggs,Bean curd products,Bean curds,WELLCOME,7,5,0.7142857142857143,18.0,31,0.5806451612903226,0.2613682100675294,0.26605504587155965,7.0,99.88748698724574
2024-03,category3,Dairy / Soy products / Eggs,Butter / Margarine,Butter,JASONS,9,3,0.3333333333333333,4.666666666666667,31,0.15053763440860216,0.2654537399232739,0.24849699398797592,9.0,99.86748982859626
2024-03,category3,Dairy / Soy products / Eggs,Butter / Margarine,Butter,PARKNSHOP,6,3,0.5,7.333333333333333,31,0.23655913978494622,0.2295810132273921,0.21968365553602812,6.0,100.28785760199199
2024-03,category3,Dairy / Soy products / Eggs,Butter / Margarine,Butter,WELLCOME,9,3,0.3333333333333333,4.666666666666667,31,0.15053763440860216,0.2654537399232739,0.24849699398797592,9.0,99.92413539805129
2024-03,category3,Dairy / Soy products / Eggs,Butter / Margarine,Butter with vegetable oil,JASONS,2,0,0.0,0.0,31,0.0,,,2.0,100.48369354212501
2024-03,category3,Dairy / Soy products / Eggs,Butter / Margarine,Butter with vegetable oil,PARKNSHOP,1,0,0.0,0.0,31,0.0,,,1.0,97.79506655359317
2024-03,category3,Dairy / Soy products / Eggs,Butter / Margarine,Butter with vegetable oil,WELLCOME,2,0,0.0,0.0,31,0.0,,,2.0,100.48369354212501
2024-03,category3,Dairy / Soy products / Eggs,Butter / Margarine,Margarine,JASONS,1,0,0.0,0.0,31,0.0,,,1.0,99.32088285229203
2024-03,category3,Dairy / Soy products / Eggs,Butter / Margarine,Margarine,PARKNSHOP,4,0,0.0,0.0,31,0.0,,,2.0,101.3251155624037
2024-03,category3,Dairy / Soy products / Eggs,Butter / Margarine,Margarine,WELLCOME,2,0,0.0,0.0,31,0.0,,,2.0,98.92141756548536
2024-03,category3,Dairy / Soy products / Eggs,Cheese / Yoghurt products,Cheese slices / Shredded cheese / Hard cheese,JASONS,27,13,0.48148148148148145,7.185185185185185,31,0.23178016726403822,0.34987503180090873,0.3157894736842105,27.0,100.12752119132567
2024-03,category3,Dairy / Soy products / Eggs,Cheese / Yoghurt products,Cheese slices / Shredded cheese / Hard cheese,PARKNSHOP,15,10,0.6666666666666666,9.2,31,0.2967741935483871,0.38748953226177346,0.3118294693138154,15.0,99.37150008883137
2024-03,category3,Dairy / Soy products / Eggs,Cheese / Yoghurt products,Cheese slices / Shredded cheese / Hard cheese,WELLCOME,27,13,0.48148148148148145,7.185185185185185,31,0.23178016726403822,0.34987503180090873,0.3157894736842105,27.0,100.21270797213249
2024-03,category3,Dairy / Soy products / Eggs,Cheese / Yoghurt products,Cheese spreads / Cheese snacks,JASONS,3,2,0.6666666666666666,10.666666666666666,31,0.3440860215053763,0.32567486503111576,0.3139478764478765,3.0,98.22673558782517
2024-03,category3,Dairy / Soy products / Eggs,Cheese / Yoghurt products,Cheese spreads / Cheese snacks,PARKNSHOP,4,4,1.0,12.0,31,0.3870967741935484,0.30078849721706863,0.2544063079777365,2.0,104.7690297164719
2024-03,category3,Dairy / Soy products / Eggs,Cheese / Yoghurt products,Cheese spreads / Cheese snacks,WELLCOME,3,2,0.6666666666666666,10.666666666666666,31,0.3440860215053763,0.3244482928306458,0.3139478764478765,3.0,98.22673558782517
2024-03,category3,Dairy / Soy products / Eggs,Cheese / Yoghurt products,Yoghurt,JASONS,13,12,0.9230769230769231,17.923076923076923,31,0.5781637717121588,0.22672921988185837,0.2,13.0,100.02540204830062
2024-03,category3,Dairy / Soy products / Eggs,Cheese / Yoghurt products,Yoghurt,PARKNSHOP,14,9,0.6428571428571429,16.214285714285715,31,0.5230414746543779,0.2845663084354989,0.2632311977715877,13.0,99.96417636618726
2024-03,category3,Dairy / Soy products / Eggs,Cheese / Yoghurt products,Yoghurt,WELLCOME,13,12,0.9230769230769231,18.0,31,0.5806451612903226,0.22649573107004317,0.2,13.0,100.01042158551215
2024-03,category3,Dairy / Soy products / Eggs,Cheese / Yoghurt products,Yoghurt drinks / Lactic drinks,JASONS,4,3,0.75,13.75,31,0.4435483870967742,0.19537751359616987,0.19387755102040816,4.0,99.95295433657604
2024-03,category3,Dairy / Soy products / Eggs,Cheese / Yoghurt products,Yoghurt drinks / Lactic drinks,PARKNSHOP,3,2,0.6666666666666666,10.333333333333334,31,0.33333333333333337,0.165701560373323,0.15586359741036004,3.0,100.09958522040974
2024-03,category3,Dairy / Soy products / Eggs,Cheese / Yoghurt products,Yoghurt drinks / Lactic drinks,WELLCOME,4,3,0.75,13.75,31,0.4435483870967742,0.1951983752741744,0.19387755102040816,4.0,99.95295433657604
2024-03,category3,Dairy / Soy products / Eggs,Cheese / Yoghurt products,Yoghurt flavour drinks,JASONS,1,1,1.0,9.0,31,0.2903225806451613,0.21428571428571427,0.21428571428571427,1.0,97.97926083488433
2024-03,category3,Dairy / Soy products / Eggs,Cheese / Yoghurt products,Yoghurt flavour drinks,PARKNSHOP,1,1,1.0,12.0,31,0.3870967741935484,0.1858992805755396,0.18589928057553956,1.0,104.04147833023131
2024-03,category3,Dairy / Soy products / Eggs,Cheese / Yoghurt products,Yoghurt flavour drinks,WELLCOME,1,1,1.0,9.0,31,0.2903225806451613,0.21428571428571427,0.21428571428571427,1.0,97.97926083488433
2024-03,category3,Dairy / Soy products / Eggs,Cream,Whipping cream,JASONS,2,2,1.0,27.5,31,0.8870967741935484,0.29723932766479666,0.28328804347826086,2.0,97.73022296884545
2024-03,category3,Dairy / Soy products / Eggs,Cream,Whipping cream,PARKNSHOP,3,2,0.6666666666666666,16.0,31,0.5161290322580645,0.2729898826869317,0.27645112381420694,2.0,104.53955406230911
2024-03,category3,Dairy / Soy products / Eggs,Cream,Whipping cream,WELLCOME,2,2,1.0,27.5,31,0.8870967741935484,0.29723932766479666,0.28328804347826086,2.0,97.73022296884545
2024-03,category3,Dairy / Soy products / Eggs,Eggs,Chicken eggs,JASONS,8,5,0.625,7.875,31,0.2540322580645161,0.25985844284462384,0.24324324324324326,8.0,98.9133498523918
2024-03,category3,Dairy / Soy products / Eggs,Eggs,Chicken eggs,PARKNSHOP,9,6,0.6666666666666666,4.555555555555555,31,0.14695340501792115,0.2767970734242543,0.2859784910440998,4.0,104.17927913978022
2024-03,category3,Dairy / Soy products / Eggs,Eggs,Chicken eggs,WELLCOME,8,5,0.625,7.875,31,0.2540322580645161,0.25966599416427194,0.24324324324324326,8.0,98.9133498523918
2024-03,category3,Dairy / Soy products / Eggs,Frozen confections,Ice cream,JASONS,14,10,0.7142857142857143,4.571428571428571,31,0.14746543778801843,0.3558138744300708,0.38202247191011235,14.0,98.29667660949485
2024-03,category3,Dairy / Soy products / Eggs,Frozen confections,Ice cream,PARKNSHOP,7,3,0.42857142857142855,4.285714285714286,31,0.13824884792626727,0.3229034161496451,0.33259176863181317,7.0,105.70704905650194
2024-03,category3,Dairy / Soy products / Eggs,Frozen confections,Ice cream,WELLCOME,14,10,0.7142857142857143,4.571428571428571,31,0.14746543778801843,0.3550032369117513,0.38202247191011235,14.0,98.29667660949485
2024-03,category3,Dairy / Soy products / Eggs,Frozen confections,Ice cream bars / Ice sticks / Ice cream cones,JASONS,7,7,1.0,17.571428571428573,31,0.566820276497696,0.28249374685553413,0.3101123595505618,7.0,99.09325324575681
2024-03,category3,Dairy / Soy products / Eggs,Frozen confections,Ice cream bars / Ice sticks / Ice cream cones,PARKNSHOP,7,7,1.0,19.714285714285715,31,0.6359447004608295,0.37073795679014143,0.35470941883767537,7.0,101.81349350848639
2024-03,category3,Dairy / Soy products / Eggs,Frozen confections,Ice cream bars / Ice sticks / Ice cream cones,WELLCOME,7,7,1.0,17.571428571428573,31,0.566820276497696,0.2819707735477842,0.3101123595505618,7.0,99.09325324575681
2024-03,category3,Dairy / Soy products / Eggs,Milk / Milk drinks,Chilled fresh milk/milk drinks,JASONS,22,22,1.0,23.181818181818183,31,0.7478005865102639,0.2734887565280942,0.27801120448179273,21.0,99.99793305378705
2024-03,category3,Dairy / Soy products / Eggs,Milk / Milk drinks,Chilled fresh milk/milk drinks,PARKNSHOP,22,20,0.9090909090909091,20.181818181818183,31,0.6510263929618769,0.18502285444926048,0.19367695998761703,17.0,100.0044555482803
2024-03,category3,Dairy / Soy products / Eggs,Milk / Milk drinks,Chilled fresh milk/milk drinks,WELLCOME,21,21,1.0,23.19047619047619,31,0.7480798771121352,0.27222668051584653,0.29411764705882354,21.0,99.99793305378705
2024-03,category3,Dairy / Soy products / Eggs,Milk / Milk drinks,Evaporated milk,DCHFOOD,3,0,0.0,0.0,31,0.0,,,3.0,105.17458981909971
2024-03,category3,Dairy / Soy products / Eggs,Milk / Milk drinks,Evaporated milk,JASONS,5,4,0.8,10.0,31,0.3225806451612903,0.017013888888888898,0.15151515151515152,5.0,98.63937079575015
2024-03,category3,Dairy / Soy products / Eggs,Milk / Milk drinks,Evaporated milk,PARKNSHOP,5,4,0.8,11.0,31,0.3548387096774194,0.16583504554168463,0.12578616352201258,5.0,99.73931221734532
2024-03,category3,Dairy / Soy products / Eggs,Milk / Milk drinks,Evaporated milk,WATSONS,1,0,0.0,0.0,31,0.0,,,1.0,96.87802743835745
2024-03,category3,Dairy / Soy products / Eggs,Milk / Milk drinks,Evaporated milk,WELLCOME,5,4,0.8,10.0,31,0.3225806451612903,-0.0037878787878787845,0.15151515151515152,5.0,99.00028039899945
2024-03,category3,Dairy / Soy products / Eggs,Milk / Milk drinks,Sweetened condensed milk,DCHFOOD,2,0,0.0,0.0,31,0.0,,,2.0,104.00422478332455
2024-03,category3,Dairy / Soy products / Eggs,Milk / Milk drinks,Sweetened condensed milk,JASONS,5,2,0.4,4.6,31,0.14838709677419354,0.26984558316080054,0.2654589371980676,5.0,99.97808447187737
2024-03,category3,Dairy / Soy products / Eggs,Milk / Milk drinks,Sweetened condensed milk,PARKNSHOP,5,2,0.4,5.6,31,0.18064516129032257,0.2621390276994847,0.25581028626880153,5.0,98.97107982523058
2024-03,category3,Dairy / Soy products / Eggs,Milk / Milk drinks,Sweetened condensed milk,WELLCOME,5,2,0.4,4.6,31,0.14838709677419354,0.26984558316080054,0.2654589371980676,5.0,99.97808447187737
2024-03,category3,Dairy / Soy products / Eggs,Milk / Milk drinks,UHT milk/milk drinks,AEON,1,0,0.0,0.0,31,0.0,,,1.0,101.48096450082618
2024-03,category3,Dairy / Soy products / Eggs,Milk / Milk drinks,UHT milk/milk drinks,DCHFOOD,2,0,0.0,0.0,31,0.0,,,2.0,93.59121430518391
2024-03,category3,Dairy / Soy products / Eggs,Milk / Milk drinks,UHT milk/milk drinks,JASONS,36,27,0.75,12.333333333333334,31,0.39784946236559143,0.289770638003178,0.32051282051282054,36.0,99.66249560870573
2024-03,category3,Dairy / Soy products / Eggs,Milk / Milk drinks,UHT milk/milk drinks,PARKNSHOP,36,33,0.9166666666666666,14.277777777777779,31,0.460573476702509,0.22322359675158,0.2505446623093682,27.0,101.4329003336391
2024-03,category3,Dairy / Soy products / Eggs,Milk / Milk drinks,UHT milk/milk drinks,WELLCOME,35,26,0.7428571428571429,12.485714285714286,31,0.40276497695852537,0.2941097681407836,0.32883024445330145,35.0,99.66014375533759
2024-03,category3,Dairy / Soy products / Eggs,Soy drinks / Instant Soy Milk,Chilled fresh soy milk,JASONS,10,10,1.0,23.1,31,0.7451612903225807,0.23101272026466688,0.24324324324324326,10.0,99.04161578605766
2024-03,category3,Dairy / Soy products / Eggs,Soy drinks / Instant Soy Milk,Chilled fresh soy milk,PARKNSHOP,10,9,0.9,17.4,31,0.5612903225806452,0.20163874163429416,0.23280423280423274,9.0,101.99696544862047
2024-03,category3,Dairy / Soy products / Eggs,Soy drinks / Instant Soy Milk,Chilled fresh soy milk,WELLCOME,10,10,1.0,23.2,31,0.7483870967741936,0.22847047354833783,0.24324324324324326,10.0,99.06161975725037
2024-03,category3,Dairy / Soy products / Eggs,Soy drinks / Instant Soy Milk,Instant soy milk,JASONS,2,1,0.5,7.0,31,0.22580645161290322,0.2692307692307692,0.2692307692307692,2.0,100.63219362600802
2024-03,category3,Dairy / Soy products / Eggs,Soy drinks / Instant Soy Milk,Instant soy milk,PARKNSHOP,2,1,0.5,7.0,31,0.22580645161290322,0.0967190704032809,0.09330143540669854,2.0,98.73561274798394
2024-03,category3,Dairy / Soy products / Eggs,Soy drinks / Instant Soy Milk,Instant soy milk,WELLCOME,2,1,0.5,7.0,31,0.22580645161290322,0.2692307692307692,0.2692307692307692,2.0,100.63219362600802
2024-03,category3,Dairy / Soy products / Eggs,Soy drinks / Instant Soy Milk,Soy milk,JASONS,12,11,0.9166666666666666,13.166666666666666,31,0.4247311827956989,0.20466377057286148,0.2037037037037037,12.0,100.42813455332097
2024-03,category3,Dairy / Soy products / Eggs,Soy drinks / Instant Soy Milk,Soy milk,PARKNSHOP,15,14,0.9333333333333333,18.066666666666666,31,0.5827956989247312,0.20720493250534708,0.20050508915588883,12.0,100.27175605029647
2024-03,category3,Dairy / Soy products / Eggs,Soy drinks / Instant Soy Milk,Soy milk,WATSONS,5,2,0.4,5.6,31,0.18064516129032257,0.05405405405405406,0.05405405405405406,5.0,97.75694172269287
2024-03,category3,Dairy / Soy products / Eggs,Soy drinks / Instant Soy Milk,Soy milk,WELLCOME,12,11,0.9166666666666666,13.166666666666666,31,0.4247311827956989,0.20486357077266168,0.2037037037037037,12.0,100.41268215391084
2024-03,category3,Drinks,Bottled water / Sports drinks /  Energy drinks,Distilled water with minerals,JASONS,1,1,1.0,31.0,31,1.0,0.1146856007480131,0.10869565217391304,1.0,95.92814823200875
2024-03,category3,Drinks,Bottled water / Sports drinks /  Energy drinks,Distilled water with minerals,PARKNSHOP,4,3,0.75,22.75,31,0.7338709677419355,0.21488090282769254,0.23076923076923078,3.0,96.7738222642924
2024-03,category3,Drinks,Bottled water / Sports drinks /  Energy drinks,Distilled water with minerals,WATSONS,3,0,0.0,0.0,31,0.0,,,3.0,106.68360582128354
2024-03,category3,Drinks,Bottled water / Sports drinks /  Energy drinks,Distilled water with minerals,WELLCOME,1,1,1.0,31.0,31,1.0,0.10869565217391304,0.10869565217391304,1.0,95.92814823200875
2024-03,category3,Drinks,Bottled water / Sports drinks /  Energy drinks,Energy drinks,JASONS,8,7,0.875,12.75,31,0.4112903225806452,0.17548269307723088,0.2,8.0,99.08109684947492
2024-03,category3,Drinks,Bottled water / Sports drinks /  Energy drinks,Energy drinks,PARKNSHOP,8,3,0.375,4.5,31,0.14516129032258066,0.15143594466986965,0.11764705882352941,7.0,102.2288261515602
2024-03,category3,Drinks,Bottled water / Sports drinks /  Energy drinks,Energy drinks,WELLCOME,8,7,0.875,12.75,31,0.4112903225806452,0.1706032412965186,0.2,8.0,98.94982497082847
2024-03,category3,Drinks,Bottled water / Sports drinks /  Energy drinks,Mineral water / Spring water / Artesian water,JASONS,15,10,0.6666666666666666,12.0,31,0.3870967741935484,0.22988700903946485,0.18695652173913044,15.0,98.09126556881684
2024-03,category3,Drinks,Bottled water / Sports drinks /  Energy drinks,Mineral water / Spring water / Artesian water,PARKNSHOP,12,7,0.5833333333333334,10.0,31,0.3225806451612903,0.13364097254074112,0.125,10.0,106.80814385726596
2024-03,category3,Drinks,Bottled water / Sports drinks /  Energy drinks,Mineral water / Spring water / Artesian water,WELLCOME,15,10,0.6666666666666666,12.0,31,0.3870967741935484,0.22440661924001568,0.18695652173913044,15.0,98.06655674362511
2024-03,category3,Drinks,Bottled water / Sports drinks /  Energy drinks,Mineralized water,JASONS,5,4,0.8,10.8,31,0.34838709677419355,0.25539434523809523,0.24404761904761904,5.0,99.90571755673784
2024-03,category3,Drinks,Bottled water / Sports drinks /  Energy drinks,Mineralized water,PARKNSHOP,4,3,0.75,16.0,31,0.5161290322580645,0.15599129544290835,0.16666666666666666,1.0,101.54355016538037
2024-03,category3,Drinks,Bottled water / Sports drinks /  Energy drinks,Mineralized water,WELLCOME,5,4,0.8,10.8,31,0.34838709677419355,0.2547630321067821,0.24404761904761904,5.0,99.90571755673784
2024-03,category3,Drinks,Bottled water / Sports drinks /  Energy drinks,Pure distilled water,JASONS,11,4,0.36363636363636365,9.272727272727273,31,0.2991202346041056,0.1417446564050982,0.11684782608695651,11.0,98.25330275005575
2024-03,category3,Drinks,Bottled water / Sports drinks /  Energy drinks,Pure distilled water,PARKNSHOP,6,4,0.6666666666666666,17.666666666666668,31,0.5698924731182796,0.21116067712076939,0.2153846153846154,5.0,99.01656073928349
2024-03,category3,Drinks,Bottled water / Sports drinks /  Energy drinks,Pure distilled water,WATSONS,3,0,0.0,0.0,31,0.0,,,3.0,107.39018072686224
2024-03,category3,Drinks,Bottled water / Sports drinks /  Energy drinks,Pure distilled water,WELLCOME,11,4,0.36363636363636365,9.272727272727273,31,0.2991202346041056,0.13768627809181105,0.11684782608695651,11.0,98.2255528036756
2024-03,category3,Drinks,Bottled water / Sports drinks /  Energy drinks,Sports drinks,DCHFOOD,2,0,0.0,0.0,31,0.0,,,2.0,86.76425312771138
2024-03,category3,Drinks,Bottled water / Sports drinks /  Energy drinks,Sports drinks,JASONS,9,6,0.6666666666666666,7.444444444444445,31,0.24014336917562726,0.21413164135125748,0.19533452960779288,9.0,101.06025642119943
2024-03,category3,Drinks,Bottled water / Sports drinks /  Energy drinks,Sports drinks,PARKNSHOP,10,4,0.4,4.7,31,0.15161290322580645,0.2680199520643418,0.24673202614379083,9.0,102.82624040368789
2024-03,category3,Drinks,Bottled water / Sports drinks /  Energy drinks,Sports drinks,WATSONS,1,0,0.0,0.0,31,0.0,,,1.0,93.42773632112457
2024-03,category3,Drinks,Bottled water / Sports drinks /  Energy drinks,Sports drinks,WELLCOME,9,6,0.6666666666666666,7.555555555555555,31,0.24372759856630824,0.2112598823171474,0.1783132530120482,9.0,100.94691075877562
2024-03,category3,Drinks,Carbonated drinks,Bottles,JASONS,9,5,0.5555555555555556,4.888888888888889,31,0.15770609318996417,0.14294516594516596,0.1,9.0,101.57880682096865
2024-03,category3,Drinks,Carbonated drinks,Bottles,PARKNSHOP,12,12,1.0,8.0,31,0.25806451612903225,0.1674168315344786,0.12142857142857144,9.0,97.02222973083441
2024-03,category3,Drinks,Carbonated drinks,Bottles,WELLCOME,9,5,0.5555555555555556,4.888888888888889,31,0.15770609318996417,0.1414848484848485,0.1,9.0,101.39896344819692
2024-03,category3,Drinks,Carbonated drinks,Canned,DCHFOOD,1,0,0.0,0.0,31,0.0,,,1.0,107.62500146612088
2024-03,category3,Drinks,Carbonated drinks,Canned,JASONS,11,9,0.8181818181818182,12.818181818181818,31,0.41348973607038125,0.20236979166666666,0.22625,11.0,99.34985132576824
2024-03,category3,Drinks,Carbonated drinks,Canned,PARKNSHOP,12,7,0.5833333333333334,8.75,31,0.28225806451612906,0.2655526315789474,0.29078947368421054,10.0,100.8029795091317
2024-03,category3,Drinks,Carbonated drinks,Canned,WELLCOME,11,9,0.8181818181818182,12.818181818181818,31,0.41348973607038125,0.20236979166666666,0.22625,11.0,99.25145266153011
2024-03,category3,Drinks,Cereal drinks / Malted drinks / Chocolate drinks,Cereal drinks / Malted drinks,JASONS,5,2,0.4,5.6,31,0.18064516129032257,0.1664638932496076,0.15769230769230774,5.0,99.70232985793766
2024-03,category3,Drinks,Cereal drinks / Malted drinks / Chocolate drinks,Cereal drinks / Malted drinks,PARKNSHOP,5,2,0.4,7.8,31,0.25161290322580643,0.12400000000000005,0.12400000000000005,5.0,100.667995178357
2024-03,category3,Drinks,Cereal drinks / Malted drinks / Chocolate drinks,Cereal drinks / Malted drinks,WELLCOME,5,2,0.4,5.6,31,0.18064516129032257,0.15769230769230774,0.15769230769230774,5.0,99.62967496370531
2024-03,category3,Drinks,Coffee / Tea bags / Milk tea / Yuan yang,Chinese tea bags,JASONS,10,5,0.5,7.1,31,0.22903225806451613,0.14999487710357276,0.11,10.0,98.63070504461645
2024-03,category3,Drinks,Coffee / Tea bags / Milk tea / Yuan yang,Chinese tea bags,PARKNSHOP,10,8,0.8,5.6,31,0.18064516129032257,0.10836292351044755,0.08147229711221003,6.0,101.36162855334929
2024-03,category3,Drinks,Coffee / Tea bags / Milk tea / Yuan yang,Chinese tea bags,WELLCOME,10,4,0.4,6.7,31,0.2161290322580645,0.15994953416149066,0.13833333333333334,10.0,100.25567880752962
2024-03,category3,Drinks,Coffee / Tea bags / Milk tea / Yuan yang,Coffee drinks,PARKNSHOP,2,2,1.0,15.0,31,0.4838709677419355,0.2747597236294045,0.2755037712484521,,
2024-03,category3,Drinks,Coffee / Tea bags / Milk tea / Yuan yang,Instant coffee,JASONS,17,13,0.7647058823529411,10.294117647058824,31,0.33206831119544594,0.27803567807679647,0.25,17.0,99.1924615278256
2024-03,category3,Drinks,Coffee / Tea bags / Milk tea / Yuan yang,Instant coffee,PARKNSHOP,19,11,0.5789473684210527,7.2631578947368425,31,0.234295415959253,0.20449874035339663,0.16413373860182368,17.0,101.2887153086671
2024-03,category3,Drinks,Coffee / Tea bags / Milk tea / Yuan yang,Instant coffee,WELLCOME,16,12,0.75,10.4375,31,0.33669354838709675,0.2698662280042488,0.25,16.0,99.49746336833336
2024-03,category3,Drinks,Coffee / Tea bags / Milk tea / Yuan yang,Instant milk tea,JASONS,4,4,1.0,15.5,31,0.5,0.21191356837814856,0.22413793103448276,4.0,98.55100011030811
2024-03,category3,Drinks,Coffee / Tea bags / Milk tea / Yuan yang,Instant milk tea,PARKNSHOP,5,4,0.8,8.2,31,0.264516129032258,0.1990578768774624,0.22145328719723179,4.0,102.9269241161149
2024-03,category3,Drinks,Coffee / Tea bags / Milk tea / Yuan yang,Instant milk tea,WELLCOME,4,4,1.0,15.5,31,0.5,0.21196768093226115,0.22413793103448276,4.0,98.52207577357697
2024-03,category3,Drinks,Coffee / Tea bags / Milk tea / Yuan yang,Milk tea drinks,JASONS,3,2,0.6666666666666666,5.333333333333333,31,0.17204301075268816,0.2883731617647059,0.28125,3.0,101.14497528830313
2024-03,category3,Drinks,Coffee / Tea bags / Milk tea / Yuan yang,Milk tea drinks,PARKNSHOP,3,2,0.6666666666666666,10.666666666666666,31,0.3440860215053763,0.263671875,0.25,3.0,98.50082372322898
2024-03,category3,Drinks,Coffee / Tea bags / Milk tea / Yuan yang,Milk tea drinks,WELLCOME,3,2,0.6666666666666666,5.333333333333333,31,0.17204301075268816,0.283203125,0.28125,3.0,100.35420098846788
2024-03,category3,Drinks,Coffee / Tea bags / Milk tea / Yuan yang,Western tea bags,JASONS,10,9,0.9,15.4,31,0.4967741935483871,0.13068461374016926,0.11,10.0,99.91063280513804
2024-03,category3,Drinks,Coffee / Tea bags / Milk tea / Yuan yang,Western tea bags,PARKNSHOP,5,4,0.8,4.0,31,0.12903225806451613,0.1522098307352961,0.10320641282565127,4.0,100.46795078630464
2024-03,category3,Drinks,Coffee / Tea bags / Milk tea / Yuan yang,Western tea bags,WELLCOME,10,9,0.9,15.4,31,0.4967741935483871,0.12795352795352793,0.11,10.0,99.85101051056739
2024-03,category3,Drinks,Fruit Juices / Cordials,Ambient juices/juice drinks,JASONS,15,8,0.5333333333333333,7.933333333333334,31,0.25591397849462366,0.1907843258427203,0.1986269713261649,15.0,100.85638468568776
2024-03,category3,Drinks,Fruit Juices / Cordials,Ambient juices/juice drinks,PARKNSHOP,15,8,0.5333333333333333,6.333333333333333,31,0.2043010752688172,0.1647393053469366,0.12083333333333332,13.0,98.57110805598785
2024-03,category3,Drinks,Fruit Juices / Cordials,Ambient juices/juice drinks,WATSONS,1,1,1.0,31.0,31,1.0,0.32,0.32,1.0,91.96851004421003
2024-03,category3,Drinks,Fruit Juices / Cordials,Ambient juices/juice drinks,WELLCOME,15,8,0.5333333333333333,7.933333333333334,31,0.25591397849462366,0.19182197465210396,0.1956027777777778,15.0,100.64386051791148
2024-03,category3,Drinks,Fruit Juices / Cordials,Chilled juices/juice drinks,JASONS,5,5,1.0,10.2,31,0.3290322580645161,0.2879638337320574,0.3148026315789474,5.0,101.41400664514842
2024-03,category3,Drinks,Fruit Juices / Cordials,Chilled juices/juice drinks,PARKNSHOP,3,3,1.0,13.0,31,0.41935483870967744,0.18130921619293713,0.1111111111111111,2.0,93.37144853408226
2024-03,category3,Drinks,Fruit Juices / Cordials,Chilled juices/juice drinks,WELLCOME,5,5,1.0,10.2,31,0.3290322580645161,0.2862763337320574,0.29605263157894735,5.0,100.76540139536625
2024-03,category3,Drinks,Fruit Juices / Cordials,Cordials,JASONS,1,0,0.0,0.0,31,0.0,,,1.0,100.03609782510605
2024-03,category3,Drinks,Fruit Juices / Cordials,Cordials,PARKNSHOP,1,0,0.0,0.0,31,0.0,,,1.0,100.4692717263785
2024-03,category3,Drinks,Fruit Juices / Cordials,Cordials,WELLCOME,1,0,0.0,0.0,31,0.0,,,1.0,99.49463044851548
2024-03,category3,Drinks,Oriental drinks,Green tea,AEON,1,0,0.0,0.0,31,0.0,,,1.0,115.52853925834499
2024-03,category3,Drinks,Oriental drinks,Green tea,DCHFOOD,2,0,0.0,0.0,31,0.0,,,2.0,101.45354409488945
2024-03,category3,Drinks,Oriental drinks,Green tea,JASONS,6,5,0.8333333333333334,19.0,31,0.6129032258064516,0.22148536263967955,0.17647058823529413,6.0,97.79532588645388
2024-03,category3,Drinks,Oriental drinks,Green tea,PARKNSHOP,5,5,1.0,21.4,31,0.6903225806451613,0.2120132476809642,0.22796743295019156,5.0,100.48641280182451
2024-03,category3,Drinks,Oriental drinks,Green tea,WELLCOME,6,5,0.8333333333333334,19.0,31,0.6129032258064516,0.22148536263967955,0.17647058823529413,6.0,97.79532588645388
2024-03,category3,Drinks,Oriental drinks,Health drinks,DCHFOOD,3,0,0.0,0.0,31,0.0,,,3.0,137.73041017639434
2024-03,category3,Drinks,Oriental drinks,Health drinks,JASONS,12,12,1.0,22.666666666666668,31,0.7311827956989247,0.27792629598616103,0.29411764705882354,12.0,96.76591788481497
2024-03,category3,Drinks,Oriental drinks,Health drinks,PARKNSHOP,6,6,1.0,25.666666666666668,31,0.8279569892473119,0.3480054421227035,0.43820224719101125,6.0,95.4992986082272
2024-03,category3,Drinks,Oriental drinks,Health drinks,WELLCOME,12,12,1.0,22.666666666666668,31,0.7311827956989247,0.275378566367998,0.29411764705882354,12.0,96.76591788481497
2024-03,category3,Drinks,Oriental drinks,Honey Citron Tea,JASONS,1,0,0.0,0.0,31,0.0,,,1.0,104.87106017191978
2024-03,category3,Drinks,Oriental drinks,Honey Citron Tea,PARKNSHOP,2,0,0.0,0.0,31,0.0,,,1.0,90.25787965616047
2024-03,category3,Drinks,Oriental drinks,Honey Citron Tea,WELLCOME,1,0,0.0,0.0,31,0.0,,,1.0,104.87106017191978
2024-03,category3,Drinks,Oriental drinks,Juices,PARKNSHOP,1,1,1.0,17.0,31,0.5483870967741935,0.18157472573336209,0.18823529411764703,,
2024-03,category3,Drinks,Oriental drinks,Lemon tea,AEON,1,0,0.0,0.0,31,0.0,,,1.0,107.43284278549783
2024-03,category3,Drinks,Oriental drinks,Lemon tea,JASONS,5,4,0.8,14.6,31,0.47096774193548385,0.18719331747404844,0.20098039215686275,5.0,97.11121964936206
2024-03,category3,Drinks,Oriental drinks,Lemon tea,PARKNSHOP,6,6,1.0,13.5,31,0.43548387096774194,0.2043721197666888,0.24581216931216932,5.0,103.53776487593687
2024-03,category3,Drinks,Oriental drinks,Lemon tea,WATSONS,1,1,1.0,12.0,31,0.3870967741935484,0.1111111111111111,0.1111111111111111,1.0,102.5629362924201
2024-03,category3,Drinks,Oriental drinks,Lemon tea,WELLCOME,5,4,0.8,14.6,31,0.47096774193548385,0.18719331747404844,0.20098039215686275,5.0,97.11121964936206
2024-03,category3,Drinks,Oriental drinks,Tea,AEON,1,0,0.0,0.0,31,0.0,,,1.0,108.90539042921019
2024-03,category3,Drinks,Oriental drinks,Tea,JASONS,10,7,0.7,13.9,31,0.4483870967741936,0.21521790942547897,0.18518518518518517,10.0,98.61760199452902
2024-03,category3,Drinks,Oriental drinks,Tea,PARKNSHOP,5,5,1.0,17.2,31,0.5548387096774193,0.20867654576575728,0.21666428571428575,5.0,101.968810445153
2024-03,category3,Drinks,Oriental drinks,Tea,WELLCOME,10,7,0.7,13.9,31,0.4483870967741936,0.21521790942547897,0.18518518518518517,10.0,98.61760199452902
2024-03,category3,Household / Pet food and care,Batteries,AA batteries,JASONS,5,0,0.0,0.0,31,0.0,,,5.0,96.14691707171855
2024-03,category3,Household / Pet food and care,Batteries,AA batteries,PARKNSHOP,5,0,0.0,0.0,31,0.0,,,5.0,105.10647689536057
2024-03,category3,Household / Pet food and care,Batteries,AA batteries,WATSONS,1,0,0.0,0.0,31,0.0,,,1.0,119.0407353867823
2024-03,category3,Household / Pet food and care,Batteries,AA batteries,WELLCOME,5,0,0.0,0.0,31,0.0,,,5.0,96.10996196703809
2024-03,category3,Household / Pet food and care,Batteries,AAA batteries,JASONS,5,0,0.0,0.0,31,0.0,,,5.0,96.41285416294932
2024-03,category3,Household / Pet food and care,Batteries,AAA batteries,PARKNSHOP,6,0,0.0,0.0,31,0.0,,,5.0,101.80375784199632
2024-03,category3,Household / Pet food and care,Batteries,AAA batteries,WATSONS,2,0,0.0,0.0,31,0.0,,,2.0,114.69796323254704
2024-03,category3,Household / Pet food and care,Batteries,AAA batteries,WELLCOME,5,0,0.0,0.0,31,0.0,,,5.0,96.37874651225586
2024-03,category3,Household / Pet food and care,Dehumidfiers / Mold prevention,Dehumidifiers - tank,JASONS,4,4,1.0,6.5,31,0.20967741935483872,0.1,0.1,4.0,100.38441697250961
2024-03,category3,Household / Pet food and care,Dehumidfiers / Mold prevention,Dehumidifiers - tank,PARKNSHOP,4,0,0.0,0.0,31,0.0,,,2.0,101.314539434884
2024-03,category3,Household / Pet food and care,Dehumidfiers / Mold prevention,Dehumidifiers - tank,WATSONS,1,0,0.0,0.0,31,0.0,,,1.0,95.24839393060601
2024-03,category3,Household / Pet food and care,Dehumidfiers / Mold prevention,Dehumidifiers - tank,WELLCOME,4,4,1.0,6.5,31,0.20967741935483872,0.1,0.1,4.0,100.40327029399062
2024-03,category3,Household / Pet food and care,Dehumidfiers / Mold prevention,Dehumidifying bags,JASONS,2,2,1.0,18.0,31,0.5806451612903226,0.07117578500275412,0.06149425287356322,2.0,99.37651843015004
2024-03,category3,Household / Pet food and care,Dehumidfiers / Mold prevention,Dehumidifying bags,PARKNSHOP,3,2,0.6666666666666666,19.0,31,0.6129032258064516,0.1452508719356528,0.1452508719356528,2.0,101.24696313969994
2024-03,category3,Household / Pet food and care,Dehumidfiers / Mold prevention,Dehumidifying bags,WELLCOME,2,2,1.0,18.0,31,0.5806451612903226,0.0706142841439881,0.06149425287356322,2.0,99.37651843015004
2024-03,category3,Household / Pet food and care,Electrical products,Compact fluorescent lamps / Energy saving lamps,PARKNSHOP,2,0,0.0,0.0,31,0.0,,,,
2024-03,category3,Household / Pet food and care,Household cleaning,Air Conditioner Cleaner,JASONS,1,0,0.0,0.0,31,0.0,,,1.0,88.6914378029079
2024-03,category3,Household / Pet food and care,Household cleaning,Air Conditioner Cleaner,PARKNSHOP,3,2,0.6666666666666666,9.666666666666666,31,0.3118279569892473,0.3076923076923077,0.3076923076923077,1.0,122.61712439418417
2024-03,category3,Household / Pet food and care,Household cleaning,Air Conditioner Cleaner,WELLCOME,1,0,0.0,0.0,31,0.0,,,1.0,88.6914378029079
2024-03,category3,Household / Pet food and care,Household cleaning,Bathroom cleaners,JASONS,4,1,0.25,5.25,31,0.1693548387096774,0.09375,0.09375,4.0,99.19259025774072
2024-03,category3,Household / Pet food and care,Household cleaning,Bathroom cleaners,PARKNSHOP,4,1,0.25,3.5,31,0.11290322580645161,0.09119496855345918,0.09119496855345918,3.0,99.37801980726623
2024-03,category3,Household / Pet food and care,Household cleaning,Bathroom cleaners,WATSONS,2,0,0.0,0.0,31,0.0,,,2.0,103.19735391400222
2024-03,category3,Household / Pet food and care,Household cleaning,Bathroom cleaners,WELLCOME,4,1,0.25,5.25,31,0.1693548387096774,0.09375,0.09375,4.0,99.19259025774072
2024-03,category3,Household / Pet food and care,Household cleaning,Bleach,JASONS,5,2,0.4,0.8,31,0.025806451612903226,0.13043478260869565,0.13043478260869565,5.0,100.27489061305485
2024-03,category3,Household / Pet food and care,Household cleaning,Bleach,PARKNSHOP,8,3,0.375,4.625,31,0.14919354838709678,0.13724683164411514,0.16666666666666666,7.0,99.72339270480573
2024-03,category3,Household / Pet food and care,Household cleaning,Bleach,WATSONS,2,0,0.0,0.0,31,0.0,,,2.0,97.95430225970918
2024-03,category3,Household / Pet food and care,Household cleaning,Bleach,WELLCOME,7,2,0.2857142857142857,0.5714285714285714,31,0.018433179723502304,0.13043478260869565,0.13043478260869565,7.0,100.47824625804616
2024-03,category3,Household / Pet food and care,Household cleaning,Dishwashing liquid,AEON,2,0,0.0,0.0,31,0.0,,,2.0,96.45968279905175
2024-03,category3,Household / Pet food and care,Household cleaning,Dishwashing liquid,JASONS,15,8,0.5333333333333333,10.6,31,0.3419354838709677,0.13052287647097102,0.11,15.0,97.62530914599445
2024-03,category3,Household / Pet food and care,Household cleaning,Dishwashing liquid,PARKNSHOP,10,5,0.5,4.1,31,0.132258064516129,0.16139396441860293,0.1332046332046332,7.0,107.15557073446098
2024-03,category3,Household / Pet food and care,Household cleaning,Dishwashing liquid,WATSONS,1,0,0.0,0.0,31,0.0,,,1.0,124.7999730490003
2024-03,category3,Household / Pet food and care,Household cleaning,Dishwashing liquid,WELLCOME,16,8,0.5,9.9375,31,0.32056451612903225,0.1310961346572275,0.11,15.0,97.5883777750851
2024-03,category3,Household / Pet food and care,Household cleaning,Disinfectants,JASONS,4,1,0.25,3.5,31,0.11290322580645161,0.16024653312788914,0.16024653312788914,4.0,100.67849858844467
2024-03,category3,Household / Pet food and care,Household cleaning,Disinfectants,PARKNSHOP,2,1,0.5,7.0,31,0.22580645161290322,0.16024653312788914,0.16024653312788914,2.0,103.05880523922421
2024-03,category3,Household / Pet food and care,Household cleaning,Disinfectants,WATSONS,2,1,0.5,7.0,31,0.22580645161290322,0.07470288624787773,0.07470288624787774,2.0,94.88348334008873
2024-03,category3,Household / Pet food and care,Household cleaning,Disinfectants,WELLCOME,4,1,0.25,3.5,31,0.11290322580645161,0.16024653312788914,0.16024653312788914,4.0,100.67849858844467
2024-03,category3,Household / Pet food and care,Household cleaning,Drain cleaners,JASONS,2,0,0.0,0.0,31,0.0,,,2.0,99.23780487804878
2024-03,category3,Household / Pet food and care,Household cleaning,Drain cleaners,PARKNSHOP,4,0,0.0,0.0,31,0.0,,,3.0,100.36363636363636
2024-03,category3,Household / Pet food and care,Household cleaning,Drain cleaners,WATSONS,1,0,0.0,0.0,31,0.0,,,1.0,101.63934426229508
2024-03,category3,Household / Pet food and care,Household cleaning,Drain cleaners,WELLCOME,2,0,0.0,0.0,31,0.0,,,2.0,99.23780487804878
2024-03,category3,Household / Pet food and care,Household cleaning,Furniture polish,JASONS,1,0,0.0,0.0,31,0.0,,,1.0,100.26109660574411
2024-03,category3,Household / Pet food and care,Household cleaning,Furniture polish,PARKNSHOP,1,0,0.0,0.0,31,0.0,,,1.0,103.39425587467363
2024-03,category3,Household / Pet food and care,Household cleaning,Furniture polish,WATSONS,1,0,0.0,0.0,31,0.0,,,1.0,96.08355091383812
2024-03,category3,Household / Pet food and care,Household cleaning,Furniture polish,WELLCOME,1,0,0.0,0.0,31,0.0,,,1.0,100.26109660574411
2024-03,category3,Household / Pet food and care,Household cleaning,General cleaners,JASONS,9,3,0.3333333333333333,10.333333333333334,31,0.33333333333333337,0.21325913878096045,0.2,9.0,97.10239902548933
2024-03,category3,Household / Pet food and care,Household cleaning,General cleaners,PARKNSHOP,4,3,0.75,6.75,31,0.21774193548387097,0.23977266268826372,0.22666666666666666,4.0,111.28212713788437
2024-03,category3,Household / Pet food and care,Household cleaning,General cleaners,WATSONS,1,1,1.0,20.0,31,0.6451612903225806,0.26470588235294124,0.3235294117647059,1.0,98.47153194792679
2024-03,category3,Household / Pet food and care,Household cleaning,General cleaners,WELLCOME,10,3,0.3,9.3,31,0.30000000000000004,0.21227523267371465,0.2,9.0,97.07080791079122
2024-03,category3,Household / Pet food and care,Household cleaning,Glass cleaners,JASONS,4,1,0.25,5.25,31,0.1693548387096774,0.09375,0.09375,4.0,98.92629417891101
2024-03,category3,Household / Pet food and care,Household cleaning,Glass cleaners,PARKNSHOP,3,1,0.3333333333333333,4.666666666666667,31,0.15053763440860216,0.09119496855345918,0.09119496855345918,3.0,102.80306546801437
2024-03,category3,Household / Pet food and care,Household cleaning,Glass cleaners,WATSONS,1,0,0.0,0.0,31,0.0,,,1.0,99.74937343358395
2024-03,category3,Household / Pet food and care,Household cleaning,Glass cleaners,WELLCOME,4,1,0.25,5.25,31,0.1693548387096774,0.09375,0.09375,4.0,98.92629417891101
2024-03,category3,Household / Pet food and care,Household cleaning,Gloves,JASONS,4,0,0.0,0.0,31,0.0,,,4.0,99.97929949490768
2024-03,category3,Household / Pet food and care,Household cleaning,Gloves,PARKNSHOP,5,0,0.0,0.0,31,0.0,,,4.0,100.04140101018464
2024-03,category3,Household / Pet food and care,Household cleaning,Gloves,WELLCOME,4,0,0.0,0.0,31,0.0,,,4.0,99.97929949490768
2024-03,category3,Household / Pet food and care,Household cleaning,Kitchen cleaners,JASONS,3,0,0.0,0.0,31,0.0,,,3.0,99.52628318162323
2024-03,category3,Household / Pet food and care,Household cleaning,Kitchen cleaners,PARKNSHOP,2,0,0.0,0.0,31,0.0,,,2.0,97.78874245276893
2024-03,category3,Household / Pet food and care,Household cleaning,Kitchen cleaners,WATSONS,1,0,0.0,0.0,31,0.0,,,1.0,107.09046454767726
2024-03,category3,Household / Pet food and care,Household cleaning,Kitchen cleaners,WELLCOME,3,0,0.0,0.0,31,0.0,,,3.0,99.52628318162323
2024-03,category3,Household / Pet food and care,Household cleaning,Mops,JASONS,4,1,0.25,3.5,31,0.11290322580645161,0.1349480968858131,0.1349480968858131,4.0,98.93892057840978
2024-03,category3,Household / Pet food and care,Household cleaning,Mops,PARKNSHOP,4,1,0.25,3.5,31,0.11290322580645161,0.1349480968858131,0.1349480968858131,4.0,102.1221588431805
2024-03,category3,Household / Pet food and care,Household cleaning,Mops,WELLCOME,4,1,0.25,3.5,31,0.11290322580645161,0.1349480968858131,0.1349480968858131,4.0,98.93892057840978
2024-03,category3,Household / Pet food and care,Household cleaning,Scourers / Sponges,JASONS,2,1,0.5,7.0,31,0.22580645161290322,0.1284403669724771,0.1284403669724771,2.0,99.89343887958594
2024-03,category3,Household / Pet food and care,Household cleaning,Scourers / Sponges,PARKNSHOP,2,1,0.5,7.0,31,0.22580645161290322,0.1284403669724771,0.1284403669724771,2.0,100.21312224082814
2024-03,category3,Household / Pet food and care,Household cleaning,Scourers / Sponges,WELLCOME,2,1,0.5,7.0,31,0.22580645161290322,0.1284403669724771,0.1284403669724771,2.0,99.89343887958594
2024-03,category3,Household / Pet food and care,Household cleaning,Toilet cleaners,JASONS,6,4,0.6666666666666666,7.166666666666667,31,0.23118279569892475,0.16908377768662838,0.16561320754716982,5.0,97.72321920907822
2024-03,category3,Household / Pet food and care,Household cleaning,Toilet cleaners,PARKNSHOP,6,4,0.6666666666666666,7.5,31,0.24193548387096775,0.1562574703347589,0.1436297851599115,4.0,100.06466638466287
2024-03,category3,Household / Pet food and care,Household cleaning,Toilet cleaners,WATSONS,4,0,0.0,0.0,31,0.0,,,4.0,106.52932561697308
2024-03,category3,Household / Pet food and care,Household cleaning,Toilet cleaners,WELLCOME,4,3,0.75,7.75,31,0.25,0.14847222222222223,0.10166666666666668,4.0,97.01513582371845
2024-03,category3,Household / Pet food and care,Insecticides,Insecticides,JASONS,4,0,0.0,0.0,31,0.0,,,4.0,99.46923462952535
2024-03,category3,Household / Pet food and care,Insecticides,Insecticides,PARKNSHOP,5,1,0.2,1.4,31,0.04516129032258064,0.09333333333333334,0.09333333333333334,4.0,101.06153074094928
2024-03,category3,Household / Pet food and care,Insecticides,Insecticides,WELLCOME,4,0,0.0,0.0,31,0.0,,,4.0,99.46923462952535
2024-03,category3,Household / Pet food and care,Insecticides,Mosquito repellent,JASONS,2,2,1.0,11.5,31,0.3709677419354839,0.19047619047619047,0.19047619047619047,2.0,97.34823129601979
2024-03,category3,Household / Pet food and care,Insecticides,Mosquito repellent,PARKNSHOP,3,1,0.3333333333333333,0.6666666666666666,31,0.02150537634408602,0.2413793103448276,0.2413793103448276,2.0,105.30353740796046
2024-03,category3,Household / Pet food and care,Insecticides,Mosquito repellent,WELLCOME,2,2,1.0,11.5,31,0.3709677419354839,0.19047619047619047,0.19047619047619047,2.0,97.34823129601979
2024-03,category3,Household / Pet food and care,Laundry needs,Laundry powder detergents,JASONS,11,0,0.0,0.0,31,0.0,,,11.0,99.67257656242538
2024-03,category3,Household / Pet food and care,Laundry needs,Laundry powder detergents,PARKNSHOP,8,0,0.0,0.0,31,0.0,,,7.0,100.59048199605955
2024-03,category3,Household / Pet food and care,Laundry needs,Laundry powder detergents,WATSONS,2,0,0.0,0.0,31,0.0,,,2.0,101.28531122644469
2024-03,category3,Household / Pet food and care,Laundry needs,Laundry powder detergents,WELLCOME,11,0,0.0,0.0,31,0.0,,,11.0,99.66270609899121
2024-03,category3,Household / Pet food and care,Laundry needs,Liquid laundry detergents,JASONS,13,6,0.46153846153846156,6.076923076923077,31,0.19602977667493796,0.17093829130442398,0.12406015037593975,13.0,99.87926009719317
2024-03,category3,Household / Pet food and care,Laundry needs,Liquid laundry detergents,PARKNSHOP,9,4,0.4444444444444444,6.0,31,0.1935483870967742,0.11363249787022146,0.11576413711875311,9.0,99.53600700501883
2024-03,category3,Household / Pet food and care,Laundry needs,Liquid laundry detergents,WATSONS,3,0,0.0,0.0,31,0.0,,,3.0,101.82439713149778
2024-03,category3,Household / Pet food and care,Laundry needs,Liquid laundry detergents,WELLCOME,12,6,0.5,6.583333333333333,31,0.21236559139784944,0.17093829130442398,0.12406015037593975,12.0,99.89204028350396
2024-03,category3,Household / Pet food and care,Laundry needs,Softeners,JASONS,6,5,0.8333333333333334,15.5,31,0.5,0.15518955387366903,0.1590909090909091,6.0,98.23089638451292
2024-03,category3,Household / Pet food and care,Laundry needs,Softeners,PARKNSHOP,7,5,0.7142857142857143,5.285714285714286,31,0.1705069124423963,0.16800745962713234,0.11904761904761904,5.0,104.18795474184739
2024-03,category3,Household / Pet food and care,Laundry needs,Softeners,WELLCOME,6,5,0.8333333333333334,15.5,31,0.5,0.15519871020893744,0.1590909090909091,6.0,98.18216602796332
2024-03,category3,Household / Pet food and care,Laundry needs,Stain Removers,JASONS,1,0,0.0,0.0,31,0.0,,,1.0,100.32176511146862
2024-03,category3,Household / Pet food and care,Laundry needs,Stain Removers,PARKNSHOP,1,0,0.0,0.0,31,0.0,,,1.0,99.35646977706273
2024-03,category3,Household / Pet food and care,Laundry needs,Stain Removers,WELLCOME,1,0,0.0,0.0,31,0.0,,,1.0,100.32176511146862
2024-03,category3,Household / Pet food and care,Paper,Bathroom tissues / Toilet tissues / Toilet rolls / Toilet paper,JASONS,12,12,1.0,22.166666666666668,31,0.7150537634408602,0.1820860456900688,0.17572505434782607,12.0,100.51693218937785
2024-03,category3,Household / Pet food and care,Paper,Bathroom tissues / Toilet tissues / Toilet rolls / Toilet paper,PARKNSHOP,13,13,1.0,25.846153846153847,31,0.8337468982630273,0.1759632636699515,0.1761517615176152,6.0,98.04029378479906
2024-03,category3,Household / Pet food and care,Paper,Bathroom tissues / Toilet tissues / Toilet rolls / Toilet paper,WATSONS,2,2,1.0,21.0,31,0.6774193548387096,0.15384088756595854,0.15384088756595854,2.0,100.53720121208059
2024-03,category3,Household / Pet food and care,Paper,Bathroom tissues / Toilet tissues / Toilet rolls / Toilet paper,WELLCOME,12,12,1.0,22.166666666666668,31,0.7150537634408602,0.18157124517526826,0.17572505434782607,12.0,100.4505789917131
2024-03,category3,Household / Pet food and care,Paper,Boxed facial tissues,JASONS,7,6,0.8571428571428571,23.0,31,0.7419354838709677,0.16866269332444397,0.14646464646464646,6.0,100.35978867465103
2024-03,category3,Household / Pet food and care,Paper,Boxed facial tissues,PARKNSHOP,6,6,1.0,29.833333333333332,31,0.9623655913978494,0.22877178980673754,0.21625513431849297,4.0,97.62290280674452
2024-03,category3,Household / Pet food and care,Paper,Boxed facial tissues,WATSONS,2,2,1.0,19.0,31,0.6129032258064516,0.10722728807835188,0.10722728807835188,2.0,102.81935815448571
2024-03,category3,Household / Pet food and care,Paper,Boxed facial tissues,WELLCOME,6,6,1.0,26.833333333333332,31,0.8655913978494624,0.16866269332444397,0.14646464646464646,6.0,100.31323712254753
2024-03,category3,Household / Pet food and care,Paper,Hand paper towels,JASONS,2,2,1.0,19.0,31,0.6129032258064516,0.20234375,0.190625,2.0,100.69892381157295
2024-03,category3,Household / Pet food and care,Paper,Hand paper towels,PARKNSHOP,2,2,1.0,26.0,31,0.8387096774193549,0.2059624479401544,0.23076437117011966,1.0,89.70832047138656
2024-03,category3,Household / Pet food and care,Paper,Hand paper towels,WATSONS,1,0,0.0,0.0,31,0.0,,,1.0,107.79960935347519
2024-03,category3,Household / Pet food and care,Paper,Hand paper towels,WELLCOME,2,2,1.0,19.0,31,0.6129032258064516,0.20234375,0.190625,2.0,100.69892381157295
2024-03,category3,Household / Pet food and care,Paper,Kitchen paper towels,JASONS,6,4,0.6666666666666666,13.0,31,0.41935483870967744,0.16855293923124806,0.1597222222222222,6.0,99.707607755142
2024-03,category3,Household / Pet food and care,Paper,Kitchen paper towels,PARKNSHOP,7,5,0.7142857142857143,17.285714285714285,31,0.5576036866359446,0.20001769595822555,0.25,3.0,100.18576150153193
2024-03,category3,Household / Pet food and care,Paper,Kitchen paper towels,WATSONS,3,2,0.6666666666666666,17.0,31,0.5483870967741935,0.09702380952380953,0.06845238095238096,3.0,101.37228862328465
2024-03,category3,Household / Pet food and care,Paper,Kitchen paper towels,WELLCOME,6,4,0.6666666666666666,13.0,31,0.41935483870967744,0.16861907679738564,0.1597222222222222,6.0,99.57530357194834
2024-03,category3,Household / Pet food and care,Paper,Pocket size facial tissues,JASONS,3,3,1.0,22.0,31,0.7096774193548387,0.2045978925912797,0.17307692307692307,3.0,94.82810335389945
2024-03,category3,Household / Pet food and care,Paper,Pocket size facial tissues,MANNINGS,1,0,0.0,0.0,31,0.0,,,1.0,100.2629114111588
2024-03,category3,Household / Pet food and care,Paper,Pocket size facial tissues,PARKNSHOP,2,2,1.0,31.0,31,1.0,0.16117040412519484,0.14498141263940517,2.0,98.57281798931281
2024-03,category3,Household / Pet food and care,Paper,Pocket size facial tissues,WATSONS,2,0,0.0,0.0,31,0.0,,,2.0,113.58068806202446
2024-03,category3,Household / Pet food and care,Paper,Pocket size facial tissues,WELLCOME,3,3,1.0,23.0,31,0.7419354838709677,0.2047123614557486,0.17307692307692307,3.0,94.81165701329371
2024-03,category3,Household / Pet food and care,Paper,Soft pack facial tissues,JASONS,4,4,1.0,15.25,31,0.49193548387096775,0.34571983229157294,0.3405804347826087,4.0,101.03287846348957
2024-03,category3,Household / Pet food and care,Paper,Soft pack facial tissues,PARKNSHOP,3,2,0.6666666666666666,18.0,31,0.5806451612903226,0.34321589460822777,0.32318797536188837,2.0,95.77085950097255
2024-03,category3,Household / Pet food and care,Paper,Soft pack facial tissues,WELLCOME,4,4,1.0,15.25,31,0.49193548387096775,0.3446206625118148,0.3405804347826087,4.0,101.03287846348957
2024-03,category3,Household / Pet food and care,Paper,Wet tissues,JASONS,2,2,1.0,19.5,31,0.6290322580645161,0.2387956315097583,0.23912337662337663,2.0,98.70746097272787
2024-03,category3,Household / Pet food and care,Paper,Wet tissues,PARKNSHOP,2,2,1.0,22.5,31,0.7258064516129032,0.2640008285054614,0.2640008285054614,2.0,98.90754276381955
2024-03,category3,Household / Pet food and care,Paper,Wet tissues,WATSONS,2,1,0.5,7.0,31,0.22580645161290322,0.2805100182149362,0.2805100182149362,2.0,102.27722917357696
2024-03,category3,Household / Pet food and care,Paper,Wet tissues,WELLCOME,2,2,1.0,19.5,31,0.6290322580645161,0.23912337662337663,0.23912337662337663,2.0,100.10776708987564
2024-03,category3,Household / Pet food and care,Pet care,Cat Litter,JASONS,1,1,1.0,31.0,31,1.0,0.12346252030633559,0.10071942446043165,1.0,98.09030783614392
2024-03,category3,Household / Pet food and care,Pet care,Cat Litter,PARKNSHOP,1,1,1.0,24.0,31,0.7741935483870968,0.10020267048164051,0.07725321888412025,1.0,103.81938432771216
2024-03,category3,Household / Pet food and care,Pet care,Cat Litter,WELLCOME,1,1,1.0,31.0,31,1.0,0.12346252030633559,0.10071942446043165,1.0,98.09030783614392
2024-03,category3,Household / Pet food and care,Pet food,Canned Cat Foods / Wet Cat Foods,AEON,3,0,0.0,0.0,31,0.0,,,3.0,133.6309601986097
2024-03,category3,Household / Pet food and care,Pet food,Canned Cat Foods / Wet Cat Foods,JASONS,5,5,1.0,31.0,31,1.0,0.2860673096148899,0.2916666666666667,5.0,98.10610414034943
2024-03,category3,Household / Pet food and care,Pet food,Canned Cat Foods / Wet Cat Foods,PARKNSHOP,7,6,0.8571428571428571,24.857142857142858,31,0.8018433179723502,0.41791341703019663,0.2973305084745763,5.0,81.59996871103944
2024-03,category3,Household / Pet food and care,Pet food,Canned Cat Foods / Wet Cat Foods,WELLCOME,5,5,1.0,31.0,31,1.0,0.283537027370479,0.2916666666666667,5.0,98.01976594896271
2024-03,category3,Household / Pet food and care,Pet food,Canned Dog Foods,AEON,3,0,0.0,0.0,31,0.0,,,3.0,94.54065644070592
2024-03,category3,Household / Pet food and care,Pet food,Canned Dog Foods,JASONS,5,2,0.4,12.4,31,0.4,0.08032258064516129,0.08,5.0,102.04115493995334
2024-03,category3,Household / Pet food and care,Pet food,Canned Dog Foods,PARKNSHOP,5,3,0.6,18.6,31,0.6000000000000001,0.11407124018201316,0.1320754716981132,5.0,99.08245920842612
2024-03,category3,Household / Pet food and care,Pet food,Canned Dog Foods,WELLCOME,5,2,0.4,12.4,31,0.4,0.08,0.08,5.0,101.84205024738758
2024-03,category3,Household / Pet food and care,Pet food,Dry Cat Foods,JASONS,2,2,1.0,29.0,31,0.9354838709677419,0.09887315065886496,0.09833916083916083,2.0,100.14065218195951
2024-03,category3,Household / Pet food and care,Pet food,Dry Cat Foods,PARKNSHOP,2,2,1.0,29.0,31,0.9354838709677419,0.1451696304579269,0.14521018553741535,2.0,99.95928489469593
2024-03,category3,Household / Pet food and care,Pet food,Dry Cat Foods,WELLCOME,2,2,1.0,29.0,31,0.9354838709677419,0.09833916083916083,0.09833916083916083,2.0,99.90006292334456
2024-03,category3,Household / Pet food and care,Pet food,Dry Dog Foods,JASONS,1,1,1.0,31.0,31,1.0,0.21367295375756507,0.16211293260473586,1.0,102.37045444623914
2024-03,category3,Household / Pet food and care,Pet food,Dry Dog Foods,PARKNSHOP,2,1,0.5,3.5,31,0.11290322580645161,0.25969294821753836,0.27595628415300544,1.0,95.37368489981226
2024-03,category3,Household / Pet food and care,Pet food,Dry Dog Foods,WELLCOME,1,1,1.0,31.0,31,1.0,0.213526059110406,0.16211293260473586,1.0,102.25586065394856
2024-03,category3,Household / Pet food and care,Wraps / Food bags / Foil,Aluminium foil,JASONS,3,0,0.0,0.0,31,0.0,,,3.0,99.8145280675186
2024-03,category3,Household / Pet food and care,Wraps / Food bags / Foil,Aluminium foil,PARKNSHOP,2,0,0.0,0.0,31,0.0,,,2.0,99.60479789225542
2024-03,category3,Household / Pet food and care,Wraps / Food bags / Foil,Aluminium foil,WATSONS,1,0,0.0,0.0,31,0.0,,,1.0,101.63934426229511
2024-03,category3,Household / Pet food and care,Wraps / Food bags / Foil,Aluminium foil,WELLCOME,3,0,0.0,0.0,31,0.0,,,3.0,99.8145280675186
2024-03,category3,Household / Pet food and care,Wraps / Food bags / Foil,Cling wraps,JASONS,5,2,0.4,1.8,31,0.05806451612903226,0.10445468509984639,0.10445468509984639,5.0,99.13732240473901
2024-03,category3,Household / Pet food and care,Wraps / Food bags / Foil,Cling wraps,PARKNSHOP,4,2,0.5,2.5,31,0.08064516129032258,0.17086165693728286,0.17498180579427383,3.0,98.01285395116285
2024-03,category3,Household / Pet food and care,Wraps / Food bags / Foil,Cling wraps,WATSONS,3,0,0.0,0.0,31,0.0,,,3.0,104.59139986024033
2024-03,category3,Household / Pet food and care,Wraps / Food bags / Foil,Cling wraps,WELLCOME,5,2,0.4,1.8,31,0.05806451612903226,0.10445468509984639,0.10445468509984639,5.0,99.08353112833926
2024-03,category3,Household / Pet food and care,Wraps / Food bags / Foil,Storage bags,JASONS,5,0,0.0,0.0,31,0.0,,,5.0,100.22826312512969
2024-03,category3,Household / Pet food and care,Wraps / Food bags / Foil,Storage bags,PARKNSHOP,7,0,0.0,0.0,31,0.0,,,4.0,99.63500067765561
2024-03,category3,Household / Pet food and care,Wraps / Food bags / Foil,Storage bags,WATSONS,1,0,0.0,0.0,31,0.0,,,1.0,99.62371605817147
2024-03,category3,Household / Pet food and care,Wraps / Food bags / Foil,Storage bags,WELLCOME,5,0,0.0,0.0,31,0.0,,,5.0,100.17412957766811
2024-03,category3,Milk powder / Baby care,Adult milk powder,Full cream milk powder,JASONS,2,1,0.5,7.0,31,0.22580645161290322,0.2882887099794046,0.2857142857142857,2.0,97.26399847894285
2024-03,category3,Milk powder / Baby care,Adult milk powder,Full cream milk powder,MANNINGS,3,0,0.0,0.0,31,0.0,,,3.0,100.54952130193311
2024-03,category3,Milk powder / Baby care,Adult milk powder,Full cream milk powder,PARKNSHOP,3,1,0.3333333333333333,1.0,31,0.03225806451612903,0.2857142857142857,0.2857142857142857,3.0,101.13038392481013
2024-03,category3,Milk powder / Baby care,Adult milk powder,Full cream milk powder,WATSONS,4,0,0.0,0.0,31,0.0,,,4.0,100.86890730057205
2024-03,category3,Milk powder / Baby care,Adult milk powder,Full cream milk powder,WELLCOME,2,1,0.5,7.0,31,0.22580645161290322,0.2857142857142857,0.2857142857142857,2.0,97.14991919383971
2024-03,category3,Milk powder / Baby care,Adult milk powder,Low fat / Skimmed milk powder,JASONS,5,3,0.6,8.6,31,0.27741935483870966,0.2523266877893664,0.30000000000000004,5.0,98.6422593391878
2024-03,category3,Milk powder / Baby care,Adult milk powder,Low fat / Skimmed milk powder,MANNINGS,2,1,0.5,0.5,31,0.016129032258064516,0.30000000000000004,0.30000000000000004,2.0,98.6366206499688
2024-03,category3,Milk powder / Baby care,Adult milk powder,Low fat / Skimmed milk powder,PARKNSHOP,5,2,0.4,4.0,31,0.12903225806451613,0.2290404248689468,0.22762908281095345,5.0,102.31290510094169
2024-03,category3,Milk powder / Baby care,Adult milk powder,Low fat / Skimmed milk powder,WATSONS,6,1,0.16666666666666666,2.3333333333333335,31,0.07526881720430108,0.15704387990762128,0.15704387990762128,4.0,101.49344385736494
2024-03,category3,Milk powder / Baby care,Adult milk powder,Low fat / Skimmed milk powder,WELLCOME,5,3,0.6,8.6,31,0.27741935483870966,0.25234795996920717,0.30000000000000004,5.0,98.44238710761765
2024-03,category3,Milk powder / Baby care,Adult milk powder,Nutrition supplements,JASONS,4,0,0.0,0.0,31,0.0,,,4.0,99.22963745462212
2024-03,category3,Milk powder / Baby care,Adult milk powder,Nutrition supplements,MANNINGS,3,0,0.0,0.0,31,0.0,,,3.0,99.61293046657661
2024-03,category3,Milk powder / Baby care,Adult milk powder,Nutrition supplements,PARKNSHOP,3,0,0.0,0.0,31,0.0,,,3.0,102.17759752531579
2024-03,category3,Milk powder / Baby care,Adult milk powder,Nutrition supplements,WATSONS,4,0,0.0,0.0,31,0.0,,,4.0,100.1787875468754
2024-03,category3,Milk powder / Baby care,Adult milk powder,Nutrition supplements,WELLCOME,4,0,0.0,0.0,31,0.0,,,4.0,99.14613773589164
2024-03,category3,Milk powder / Baby care,Adult milk powder,Senior formula,JASONS,5,3,0.6,8.8,31,0.2838709677419355,0.22296137034809502,0.21166306695464365,5.0,99.04148297421969
2024-03,category3,Milk powder / Baby care,Adult milk powder,Senior formula,MANNINGS,6,3,0.5,5.0,31,0.16129032258064516,0.222902315620755,0.21166306695464365,6.0,98.84793359090497
2024-03,category3,Milk powder / Baby care,Adult milk powder,Senior formula,PARKNSHOP,6,3,0.5,6.166666666666667,31,0.19892473118279572,0.22345378832189655,0.21166306695464365,6.0,102.10973706528446
2024-03,category3,Milk powder / Baby care,Adult milk powder,Senior formula,WATSONS,6,2,0.3333333333333333,5.0,31,0.16129032258064516,0.18435347343113245,0.18435347343113245,6.0,100.40307831628492
2024-03,category3,Milk powder / Baby care,Adult milk powder,Senior formula,WELLCOME,5,3,0.6,8.8,31,0.2838709677419355,0.22290231562075502,0.21166306695464365,5.0,98.82188250661562
2024-03,category3,Milk powder / Baby care,Baby foods / Infant foods,Baby snacks,JASONS,4,0,0.0,0.0,31,0.0,,,4.0,109.94963435883756
2024-03,category3,Milk powder / Baby care,Baby foods / Infant foods,Baby snacks,MANNINGS,5,5,1.0,25.2,31,0.8129032258064516,0.25,0.25,4.0,96.40899066864898
2024-03,category3,Milk powder / Baby care,Baby foods / Infant foods,Baby snacks,PARKNSHOP,10,10,1.0,30.3,31,0.9774193548387097,0.3026507732279988,0.3330540888984788,10.0,96.18078511104538
2024-03,category3,Milk powder / Baby care,Baby foods / Infant foods,Baby snacks,WATSONS,9,9,1.0,28.77777777777778,31,0.9283154121863799,0.25,0.25,8.0,92.38919378015986
2024-03,category3,Milk powder / Baby care,Baby foods / Infant foods,Baby snacks,WELLCOME,4,0,0.0,0.0,31,0.0,,,4.0,109.94963435883756
2024-03,category3,Milk powder / Baby care,Baby foods / Infant foods,Infant rice cereals / Baby rice cereals,JASONS,2,0,0.0,0.0,31,0.0,,,2.0,118.98487066861885
2024-03,category3,Milk powder / Baby care,Baby foods / Infant foods,Infant rice cereals / Baby rice cereals,MANNINGS,4,4,1.0,26.5,31,0.8548387096774194,0.25,0.25,4.0,86.83435318623222
2024-03,category3,Milk powder / Baby care,Baby foods / Infant foods,Infant rice cereals / Baby rice cereals,PARKNSHOP,5,1,0.2,0.2,31,0.0064516129032258064,0.2777777777777778,0.2777777777777778,4.0,115.72232299320564
2024-03,category3,Milk powder / Baby care,Baby foods / Infant foods,Infant rice cereals / Baby rice cereals,WATSONS,5,5,1.0,24.2,31,0.7806451612903226,0.25,0.25,5.0,90.34681170759573
2024-03,category3,Milk powder / Baby care,Baby products,Baby Lotion,MANNINGS,3,2,0.6666666666666666,16.0,31,0.5161290322580645,0.2774193548387097,0.30000000000000004,3.0,96.88318573312696
2024-03,category3,Milk powder / Baby care,Baby products,Baby Lotion,PARKNSHOP,2,0,0.0,0.0,31,0.0,,,2.0,92.93896392545736
2024-03,category3,Milk powder / Baby care,Baby products,Baby Lotion,WATSONS,8,1,0.125,2.875,31,0.09274193548387097,0.25,0.25,4.0,105.74875649273284
2024-03,category3,Milk powder / Baby care,Baby products,Baby wipes,AEON,1,0,0.0,0.0,31,0.0,,,1.0,110.51392406801068
2024-03,category3,Milk powder / Baby care,Baby products,Baby wipes,JASONS,2,2,1.0,13.5,31,0.43548387096774194,0.19779058637847685,0.21000244259892525,2.0,99.45605096277603
2024-03,category3,Milk powder / Baby care,Baby products,Baby wipes,PARKNSHOP,1,1,1.0,20.0,31,0.6451612903225806,0.20400432900432905,0.1558441558441559,1.0,93.82529190090814
2024-03,category3,Milk powder / Baby care,Baby products,Baby wipes,WATSONS,2,2,1.0,10.0,31,0.3225806451612903,0.17635767790262175,0.25,2.0,98.20006738119696
2024-03,category3,Milk powder / Baby care,Baby products,Baby wipes,WELLCOME,2,2,1.0,13.5,31,0.43548387096774194,0.1965659159082821,0.21081397122375314,2.0,98.72302561837381
2024-03,category3,Milk powder / Baby care,Baby products,Body washes,JASONS,1,1,1.0,17.0,31,0.5483870967741935,0.17606505059490712,0.19974858223062378,1.0,100.50144453802162
2024-03,category3,Milk powder / Baby care,Baby products,Body washes,PARKNSHOP,1,1,1.0,15.0,31,0.4838709677419355,0.1688888888888889,0.16666666666666666,1.0,103.01105386422067
2024-03,category3,Milk powder / Baby care,Baby products,Body washes,WATSONS,1,1,1.0,15.0,31,0.4838709677419355,0.25000000000000006,0.25000000000000006,1.0,96.67223598949873
2024-03,category3,Milk powder / Baby care,Baby products,Body washes,WELLCOME,1,1,1.0,17.0,31,0.5483870967741935,0.1760650505949071,0.19974858223062378,1.0,99.81526560825895
2024-03,category3,Milk powder / Baby care,Baby products,Diaper pants,AEON,2,1,0.5,10.0,31,0.3225806451612903,0.20028571428571434,0.20028571428571434,2.0,101.24134950565944
2024-03,category3,Milk powder / Baby care,Baby products,Diaper pants,JASONS,4,2,0.5,3.5,31,0.11290322580645161,0.09918107370336675,0.09918107370336675,4.0,99.29297778031024
2024-03,category3,Milk powder / Baby care,Baby products,Diaper pants,MANNINGS,2,2,1.0,9.5,31,0.3064516129032258,0.18563143939393945,0.18813143939393942,2.0,103.50816079114547
2024-03,category3,Milk powder / Baby care,Baby products,Diaper pants,PARKNSHOP,6,6,1.0,16.5,31,0.532258064516129,0.14409727096421376,0.11499677151404863,6.0,95.76174028919715
2024-03,category3,Milk powder / Baby care,Baby products,Diaper pants,WATSONS,7,5,0.7142857142857143,3.0,31,0.0967741935483871,0.14914143290043297,0.10000000000000009,7.0,102.6803076617456
2024-03,category3,Milk powder / Baby care,Baby products,Diaper pants,WELLCOME,3,2,0.6666666666666666,4.666666666666667,31,0.15053763440860216,0.09918107370336675,0.09918107370336675,3.0,98.78712334519638
2024-03,category3,Milk powder / Baby care,Baby products,Diapers,AEON,7,4,0.5714285714285714,13.142857142857142,31,0.423963133640553,0.22544573458767034,0.2005822498586772,4.0,87.22716393335884
2024-03,category3,Milk powder / Baby care,Baby products,Diapers,JASONS,5,3,0.6,4.6,31,0.14838709677419354,0.20281240012783638,0.2,5.0,101.85113835429453
2024-03,category3,Milk powder / Baby care,Baby products,Diapers,MANNINGS,8,6,0.75,15.0,31,0.4838709677419355,0.14275362318840581,0.1,7.0,99.50313684154169
2024-03,category3,Milk powder / Baby care,Baby products,Diapers,PARKNSHOP,5,2,0.4,5.6,31,0.18064516129032257,0.15226015132408577,0.15226015132408577,5.0,102.39985095182182
2024-03,category3,Milk powder / Baby care,Baby products,Diapers,WATSONS,5,2,0.4,0.8,31,0.025806451612903226,0.15,0.15,5.0,104.24056961881824
2024-03,category3,Milk powder / Baby care,Baby products,Diapers,WELLCOME,5,3,0.6,4.6,31,0.14838709677419354,0.20000000000000004,0.2,5.0,101.63114607215564
2024-03,category3,Milk powder / Baby care,Baby products,Shampoos,JASONS,1,1,1.0,23.0,31,0.7419354838709677,0.17074793242493283,0.150227617602428,1.0,96.6907707994569
2024-03,category3,Milk powder / Baby care,Baby products,Shampoos,PARKNSHOP,2,2,1.0,16.0,31,0.5161290322580645,0.16060571438277937,0.16066098081023455,1.0,102.17846235033568
2024-03,category3,Milk powder / Baby care,Baby products,Shampoos,WATSONS,1,1,1.0,6.0,31,0.1935483870967742,0.2500000000000001,0.2500000000000001,1.0,104.76388200856151
2024-03,category3,Milk powder / Baby care,Baby products,Shampoos,WELLCOME,1,1,1.0,23.0,31,0.7419354838709677,0.17002025466781034,0.150227617602428,1.0,96.36688484164596
2024-03,category3,Milk powder / Baby care,Infant formula / Growing-up formula,Children's nutrition supplements,JASONS,3,0,0.0,0.0,31,0.0,,,3.0,100.0
2024-03,category3,Milk powder / Baby care,Infant formula / Growing-up formula,Children's nutrition supplements,MANNINGS,3,0,0.0,0.0,31,0.0,,,3.0,100.0
2024-03,category3,Milk powder / Baby care,Infant formula / Growing-up formula,Children's nutrition supplements,PARKNSHOP,3,0,0.0,0.0,31,0.0,,,3.0,100.0
2024-03,category3,Milk powder / Baby care,Infant formula / Growing-up formula,Children's nutrition supplements,WATSONS,3,0,0.0,0.0,31,0.0,,,3.0,100.0
2024-03,category3,Milk powder / Baby care,Infant formula / Growing-up formula,Children's nutrition supplements,WELLCOME,3,0,0.0,0.0,31,0.0,,,3.0,100.0
2024-03,category3,Milk powder / Baby care,Infant formula / Growing-up formula,Infant formula / Follow-on formula / Toddler formula / Growing-up formula,JASONS,28,6,0.21428571428571427,1.75,31,0.056451612903225805,0.13094686631426392,0.11964513946319826,28.0,99.98343236785972
2024-03,category3,Milk powder / Baby care,Infant formula / Growing-up formula,Infant formula / Follow-on formula / Toddler formula / Growing-up formula,MANNINGS,59,10,0.1694915254237288,1.7966101694915255,31,0.057955166757791145,0.191,0.14999999999999997,59.0,100.80625397846134
2024-03,category3,Milk powder / Baby care,Infant formula / Growing-up formula,Infant formula / Follow-on formula / Toddler formula / Growing-up formula,PARKNSHOP,45,13,0.28888888888888886,3.2444444444444445,31,0.10465949820788531,0.1445816492590684,0.1201923076923077,44.0,100.05531148747575
2024-03,category3,Milk powder / Baby care,Infant formula / Growing-up formula,Infant formula / Follow-on formula / Toddler formula / Growing-up formula,WATSONS,57,8,0.14035087719298245,1.0175438596491229,31,0.03282399547255235,0.5140791515408906,0.375,56.0,99.14099006312725
2024-03,category3,Milk powder / Baby care,Infant formula / Growing-up formula,Infant formula / Follow-on formula / Toddler formula / Growing-up formula,WELLCOME,31,6,0.1935483870967742,1.5806451612903225,31,0.0509885535900104,0.13094686631426392,0.11964513946319826,31.0,99.94623006479738
2024-03,category3,Milk powder / Baby care,Pregnant women's milk powder,Pregnant women's milk powder,JASONS,2,0,0.0,0.0,31,0.0,,,2.0,100.0
2024-03,category3,Milk powder / Baby care,Pregnant women's milk powder,Pregnant women's milk powder,MANNINGS,2,0,0.0,0.0,31,0.0,,,2.0,100.0
2024-03,category3,Milk powder / Baby care,Pregnant women's milk powder,Pregnant women's milk powder,WATSONS,3,0,0.0,0.0,31,0.0,,,3.0,100.0
2024-03,category3,Milk powder / Baby care,Pregnant women's milk powder,Pregnant women's milk powder,WELLCOME,2,0,0.0,0.0,31,0.0,,,2.0,100.0
2024-03,category3,Noodles / Cooking needs / Processed food (cold),Baking needs / Wheat flour,Baking soda,JASONS,1,0,0.0,0.0,31,0.0,,,1.0,97.94661190965094
2024-03,category3,Noodles / Cooking needs / Processed food (cold),Baking needs / Wheat flour,Baking soda,PARKNSHOP,2,0,0.0,0.0,31,0.0,,,1.0,104.10677618069816
2024-03,category3,Noodles / Cooking needs / Processed food (cold),Baking needs / Wheat flour,Baking soda,WELLCOME,1,0,0.0,0.0,31,0.0,,,1.0,97.94661190965094
2024-03,category3,Noodles / Cooking needs / Processed food (cold),Baking needs / Wheat flour,Bread flour / High gluten flour / Strong flour,JASONS,2,1,0.5,5.0,31,0.16129032258064516,0.3780459770114942,0.3793103448275862,2.0,96.035755491582
2024-03,category3,Noodles / Cooking needs / Processed food (cold),Baking needs / Wheat flour,Bread flour / High gluten flour / Strong flour,PARKNSHOP,2,1,0.5,4.5,31,0.14516129032258066,0.29046520569011913,0.30968858131487886,2.0,108.26453687005029
2024-03,category3,Noodles / Cooking needs / Processed food (cold),Baking needs / Wheat flour,Bread flour / High gluten flour / Strong flour,WELLCOME,2,1,0.5,5.0,31,0.16129032258064516,0.3793103448275862,0.3793103448275862,2.0,95.6997076383677
2024-03,category3,Noodles / Cooking needs / Processed food (cold),Baking needs / Wheat flour,Bread mix / Bread premix,PARKNSHOP,1,1,1.0,30.0,31,0.967741935483871,0.5,0.5,,
2024-03,category3,Noodles / Cooking needs / Processed food (cold),Baking needs / Wheat flour,Cake flour / Low gluten flour,JASONS,1,0,0.0,0.0,31,0.0,,,1.0,100.0
2024-03,category3,Noodles / Cooking needs / Processed food (cold),Baking needs / Wheat flour,Cake flour / Low gluten flour,WELLCOME,1,0,0.0,0.0,31,0.0,,,1.0,100.0
2024-03,category3,Noodles / Cooking needs / Processed food (cold),Baking needs / Wheat flour,Cake mix / Cake premix,JASONS,1,0,0.0,0.0,31,0.0,,,1.0,100.0
2024-03,category3,Noodles / Cooking needs / Processed food (cold),Baking needs / Wheat flour,Cake mix / Cake premix,WELLCOME,1,0,0.0,0.0,31,0.0,,,1.0,100.0
2024-03,category3,Noodles / Cooking needs / Processed food (cold),Baking needs / Wheat flour,Pancake mix / Pancake premix,JASONS,2,0,0.0,0.0,31,0.0,,,2.0,98.88979591836737
2024-03,category3,Noodles / Cooking needs / Processed food (cold),Baking needs / Wheat flour,Pancake mix / Pancake premix,PARKNSHOP,2,1,0.5,1.0,31,0.03225806451612903,0.5,0.5,2.0,102.22040816326535
2024-03,category3,Noodles / Cooking needs / Processed food (cold),Baking needs / Wheat flour,Pancake mix / Pancake premix,WELLCOME,2,0,0.0,0.0,31,0.0,,,2.0,98.88979591836737
2024-03,category3,Noodles / Cooking needs / Processed food (cold),Baking needs / Wheat flour,Plain flour / All purpose flour,JASONS,3,1,0.3333333333333333,3.0,31,0.0967741935483871,0.3793103448275862,0.3793103448275862,3.0,96.76085607884347
2024-03,category3,Noodles / Cooking needs / Processed food (cold),Baking needs / Wheat flour,Plain flour / All purpose flour,PARKNSHOP,4,1,0.25,2.25,31,0.07258064516129033,0.29046520569011913,0.30968858131487886,3.0,106.6128527581286
2024-03,category3,Noodles / Cooking needs / Processed food (cold),Baking needs / Wheat flour,Plain flour / All purpose flour,WELLCOME,3,1,0.3333333333333333,3.0,31,0.0967741935483871,0.3793103448275862,0.3793103448275862,3.0,96.62629116302794
2024-03,category3,Noodles / Cooking needs / Processed food (cold),Baking needs / Wheat flour,Self-raising flour,JASONS,3,0,0.0,0.0,31,0.0,,,3.0,100.0
2024-03,category3,Noodles / Cooking needs / Processed food (cold),Baking needs / Wheat flour,Self-raising flour,PARKNSHOP,2,0,0.0,0.0,31,0.0,,,1.0,100.0
2024-03,category3,Noodles / Cooking needs / Processed food (cold),Baking needs / Wheat flour,Self-raising flour,WELLCOME,3,0,0.0,0.0,31,0.0,,,3.0,100.0
2024-03,category3,Noodles / Cooking needs / Processed food (cold),Condiments & sauces / Cooking needs,Bean sauces,JASONS,2,2,1.0,19.0,31,0.6129032258064516,0.25125791632247874,0.2954545454545454,2.0,99.19774501300954
2024-03,category3,Noodles / Cooking needs / Processed food (cold),Condiments & sauces / Cooking needs,Bean sauces,PARKNSHOP,3,2,0.6666666666666666,5.666666666666667,31,0.1827956989247312,0.29052892532073904,0.2485207100591716,2.0,101.60450997398094
2024-03,category3,Noodles / Cooking needs / Processed food (cold),Condiments & sauces / Cooking needs,Bean sauces,WELLCOME,2,2,1.0,19.0,31,0.6129032258064516,0.2508095662507427,0.2954545454545454,2.0,99.19774501300954
2024-03,category3,Noodles / Cooking needs / Processed food (cold),Condiments & sauces / Cooking needs,Chicken broth / Chicken soup base,JASONS,1,0,0.0,0.0,31,0.0,,,1.0,100.0
2024-03,category3,Noodles / Cooking needs / Processed food (cold),Condiments & sauces / Cooking needs,Chicken broth / Chicken soup base,PARKNSHOP,4,4,1.0,31.0,31,1.0,0.25384889138874783,0.2557462509732237,,
2024-03,category3,Noodles / Cooking needs / Processed food (cold),Condiments & sauces / Cooking needs,Chicken broth / Chicken soup base,WELLCOME,1,0,0.0,0.0,31,0.0,,,1.0,100.0
2024-03,category3,Noodles / Cooking needs / Processed food (cold),Condiments & sauces / Cooking needs,Chicken broth concentrate,DCHFOOD,1,0,0.0,0.0,31,0.0,,,1.0,108.82538790985046
2024-03,category3,Noodles / Cooking needs / Processed food (cold),Condiments & sauces / Cooking needs,Chicken broth concentrate,JASONS,1,0,0.0,0.0,31,0.0,,,1.0,101.86056308362001
2024-03,category3,Noodles / Cooking needs / Processed food (cold),Condiments & sauces / Cooking needs,Chicken broth concentrate,PARKNSHOP,2,1,0.5,1.5,31,0.04838709677419355,0.16666666666666666,0.16666666666666666,1.0,87.45348592290951
2024-03,category3,Noodles / Cooking needs / Processed food (cold),Condiments & sauces / Cooking needs,Chicken broth concentrate,WELLCOME,1,0,0.0,0.0,31,0.0,,,1.0,101.86056308362001
2024-03,category3,Noodles / Cooking needs / Processed food (cold),Condiments & sauces / Cooking needs,Chicken broth cubes,JASONS,1,0,0.0,0.0,31,0.0,,,1.0,100.25706940874035
2024-03,category3,Noodles / Cooking needs / Processed food (cold),Condiments & sauces / Cooking needs,Chicken broth cubes,PARKNSHOP,1,0,0.0,0.0,31,0.0,,,1.0,99.48586118251929
2024-03,category3,Noodles / Cooking needs / Processed food (cold),Condiments & sauces / Cooking needs,Chicken broth cubes,WELLCOME,1,0,0.0,0.0,31,0.0,,,1.0,100.25706940874035
2024-03,category3,Noodles / Cooking needs / Processed food (cold),Condiments & sauces / Cooking needs,Chicken powder / Mushroom powder,JASONS,4,1,0.25,1.75,31,0.056451612903225805,0.3333333333333333,0.3333333333333333,4.0,99.51878158309808
2024-03,category3,Noodles / Cooking needs / Processed food (cold),Condiments & sauces / Cooking needs,Chicken powder / Mushroom powder,PARKNSHOP,4,0,0.0,0.0,31,0.0,,,4.0,101.08299259586695
2024-03,category3,Noodles / Cooking needs / Processed food (cold),Condiments & sauces / Cooking needs,Chicken powder / Mushroom powder,WELLCOME,4,1,0.25,1.75,31,0.056451612903225805,0.3333333333333333,0.3333333333333333,4.0,99.39822582103497
2024-03,category3,Noodles / Cooking needs / Processed food (cold),Condiments & sauces / Cooking needs,Chili sauces / Chili bean sauces,DCHFOOD,1,0,0.0,0.0,31,0.0,,,1.0,86.15099583140342
2024-03,category3,Noodles / Cooking needs / Processed food (cold),Condiments & sauces / Cooking needs,Chili sauces / Chili bean sauces,JASONS,5,1,0.2,2.0,31,0.06451612903225806,0.35772432932469933,0.34782608695652173,5.0,102.75277098402455
2024-03,category3,Noodles / Cooking needs / Processed food (cold),Condiments & sauces / Cooking needs,Chili sauces / Chili bean sauces,PARKNSHOP,10,1,0.1,0.7,31,0.02258064516129032,0.1449704142011834,0.1449704142011834,5.0,98.01477858146433
2024-03,category3,Noodles / Cooking needs / Processed food (cold),Condiments & sauces / Cooking needs,Chili sauces / Chili bean sauces,WELLCOME,5,1,0.2,2.0,31,0.06451612903225806,0.358695652173913,0.34782608695652173,5.0,102.73325701202059
2024-03,category3,Noodles / Cooking needs / Processed food (cold),Condiments & sauces / Cooking needs,Coconut milk / Coconut cream,JASONS,3,3,1.0,16.666666666666668,31,0.5376344086021506,0.1959678736422923,0.16744186046511633,3.0,97.7588020233385
2024-03,category3,Noodles / Cooking needs / Processed food (cold),Condiments & sauces / Cooking needs,Coconut milk / Coconut cream,PARKNSHOP,3,3,1.0,5.0,31,0.16129032258064516,0.1860703637447824,0.16744186046511633,3.0,104.48239595332298
2024-03,category3,Noodles / Cooking needs / Processed food (cold),Condiments & sauces / Cooking needs,Coconut milk / Coconut cream,WELLCOME,3,3,1.0,16.666666666666668,31,0.5376344086021506,0.1955670399081252,0.16744186046511633,3.0,97.7588020233385
2024-03,category3,Noodles / Cooking needs / Processed food (cold),Condiments & sauces / Cooking needs,Corn starch,JASONS,4,2,0.5,3.5,31,0.11290322580645161,0.11607142857142858,0.11607142857142858,4.0,100.15822784810126
2024-03,category3,Noodles / Cooking needs / Processed food (cold),Condiments & sauces / Cooking needs,Corn starch,PARKNSHOP,2,2,1.0,7.0,31,0.22580645161290322,0.11228485565977603,0.11228485565977603,2.0,99.44668008048289
2024-03,category3,Noodles / Cooking needs / Processed food (cold),Condiments & sauces / Cooking needs,Corn starch,WELLCOME,4,2,0.5,3.5,31,0.11290322580645161,0.11607142857142858,0.11607142857142858,4.0,100.15822784810126
2024-03,category3,Noodles / Cooking needs / Processed food (cold),Condiments & sauces / Cooking needs,Curry sauces / Coconut curry sauces,JASONS,2,0,0.0,0.0,31,0.0,,,2.0,102.42892387218046
2024-03,category3,Noodles / Cooking needs / Processed food (cold),Condiments & sauces / Cooking needs,Curry sauces / Coconut curry sauces,PARKNSHOP,2,0,0.0,0.0,31,0.0,,,2.0,95.14215225563909
2024-03,category3,Noodles / Cooking needs / Processed food (cold),Condiments & sauces / Cooking needs,Curry sauces / Coconut curry sauces,WELLCOME,2,0,0.0,0.0,31,0.0,,,2.0,102.42892387218046
2024-03,category3,Noodles / Cooking needs / Processed food (cold),Condiments & sauces / Cooking needs,Dark soy sauces,JASONS,3,0,0.0,0.0,31,0.0,,,3.0,101.66135813479423
2024-03,category3,Noodles / Cooking needs / Processed food (cold),Condiments & sauces / Cooking needs,Dark soy sauces,PARKNSHOP,4,0,0.0,0.0,31,0.0,,,3.0,96.67728373041152
2024-03,category3,Noodles / Cooking needs / Processed food (cold),Condiments & sauces / Cooking needs,Dark soy sauces,WELLCOME,3,0,0.0,0.0,31,0.0,,,3.0,101.66135813479423
2024-03,category3,Noodles / Cooking needs / Processed food (cold),Condiments & sauces / Cooking needs,Dry spices,JASONS,9,1,0.1111111111111111,0.7777777777777778,31,0.025089605734767026,0.16666666666666666,0.16666666666666666,9.0,100.31554369241833
2024-03,category3,Noodles / Cooking needs / Processed food (cold),Condiments & sauces / Cooking needs,Dry spices,PARKNSHOP,7,0,0.0,0.0,31,0.0,,,1.0,96.25129007557346
2024-03,category3,Noodles / Cooking needs / Processed food (cold),Condiments & sauces / Cooking needs,Dry spices,WELLCOME,9,1,0.1111111111111111,0.7777777777777778,31,0.025089605734767026,0.16666666666666666,0.16666666666666666,9.0,100.25476481105366
2024-03,category3,Noodles / Cooking needs / Processed food (cold),Condiments & sauces / Cooking needs,Gelatine,JASONS,1,0,0.0,0.0,31,0.0,,,1.0,100.33444816053512
2024-03,category3,Noodles / Cooking needs / Processed food (cold),Condiments & sauces / Cooking needs,Gelatine,PARKNSHOP,1,0,0.0,0.0,31,0.0,,,1.0,99.33110367892976
2024-03,category3,Noodles / Cooking needs / Processed food (cold),Condiments & sauces / Cooking needs,Gelatine,WELLCOME,1,0,0.0,0.0,31,0.0,,,1.0,100.33444816053512
2024-03,category3,Noodles / Cooking needs / Processed food (cold),Condiments & sauces / Cooking needs,Hot pot soup base,JASONS,2,2,1.0,23.0,31,0.7419354838709677,0.33333749999999995,0.33333749999999995,2.0,100.26743453158149
2024-03,category3,Noodles / Cooking needs / Processed food (cold),Condiments & sauces / Cooking needs,Hot pot soup base,PARKNSHOP,2,2,1.0,31.0,31,1.0,0.43859999999999993,0.43859999999999993,2.0,99.46513093683704
2024-03,category3,Noodles / Cooking needs / Processed food (cold),Condiments & sauces / Cooking needs,Hot pot soup base,WELLCOME,2,2,1.0,23.0,31,0.7419354838709677,0.33333749999999995,0.33333749999999995,2.0,100.26743453158149
2024-03,category3,Noodles / Cooking needs / Processed food (cold),Condiments & sauces / Cooking needs,Ketchup,DCHFOOD,1,0,0.0,0.0,31,0.0,,,1.0,95.46723125781925
2024-03,category3,Noodles / Cooking needs / Processed food (cold),Condiments & sauces / Cooking needs,Ketchup,JASONS,6,3,0.5,3.8333333333333335,31,0.12365591397849462,0.3007809066779166,0.3333333333333333,6.0,99.84159395790793
2024-03,category3,Noodles / Cooking needs / Processed food (cold),Condiments & sauces / Cooking needs,Ketchup,PARKNSHOP,4,2,0.5,8.5,31,0.27419354838709675,0.2828817204301075,0.2653333333333333,4.0,101.00627338961907
2024-03,category3,Noodles / Cooking needs / Processed food (cold),Condiments & sauces / Cooking needs,Ketchup,WELLCOME,6,3,0.5,3.8333333333333335,31,0.12365591397849462,0.3007809066779166,0.3333333333333333,6.0,99.84159395790793
2024-03,category3,Noodles / Cooking needs / Processed food (cold),Condiments & sauces / Cooking needs,Light soy sauces,JASONS,9,4,0.4444444444444444,11.222222222222221,31,0.36200716845878134,0.32351731838810094,0.28502214839424145,9.0,101.25053662343942
2024-03,category3,Noodles / Cooking needs / Processed food (cold),Condiments & sauces / Cooking needs,Light soy sauces,PARKNSHOP,10,5,0.5,13.1,31,0.4225806451612903,0.24469232374637082,0.23255813953488372,9.0,97.49892675312115
2024-03,category3,Noodles / Cooking needs / Processed food (cold),Condiments & sauces / Cooking needs,Light soy sauces,WELLCOME,9,4,0.4444444444444444,11.222222222222221,31,0.36200716845878134,0.32351731838810094,0.28502214839424145,9.0,101.25053662343942
2024-03,category3,Noodles / Cooking needs / Processed food (cold),Condiments & sauces / Cooking needs,Liquid seasoning / Wheat sauces,JASONS,3,1,0.3333333333333333,0.3333333333333333,31,0.01075268817204301,0.3333333333333333,0.3333333333333333,3.0,102.93213326320256
2024-03,category3,Noodles / Cooking needs / Processed food (cold),Condiments & sauces / Cooking needs,Liquid seasoning / Wheat sauces,PARKNSHOP,3,1,0.3333333333333333,2.3333333333333335,31,0.07526881720430108,0.5,0.5,3.0,94.16912756276594
2024-03,category3,Noodles / Cooking needs / Processed food (cold),Condiments & sauces / Cooking needs,Liquid seasoning / Wheat sauces,WELLCOME,3,1,0.3333333333333333,0.3333333333333333,31,0.01075268817204301,0.33333500000000005,0.33333500000000005,3.0,102.89873917403149
2024-03,category3,Noodles / Cooking needs / Processed food (cold),Condiments & sauces / Cooking needs,MSG,JASONS,1,0,0.0,0.0,31,0.0,,,1.0,100.13908205841446
2024-03,category3,Noodles / Cooking needs / Processed food (cold),Condiments & sauces / Cooking needs,MSG,PARKNSHOP,1,0,0.0,0.0,31,0.0,,,1.0,99.72183588317107
2024-03,category3,Noodles / Cooking needs / Processed food (cold),Condiments & sauces / Cooking needs,MSG,WELLCOME,1,0,0.0,0.0,31,0.0,,,1.0,100.13908205841446
2024-03,category3,Noodles / Cooking needs / Processed food (cold),Condiments & sauces / Cooking needs,Marinades / Pickles,JASONS,2,1,0.5,4.5,31,0.14516129032258066,0.1,0.1,2.0,97.59349593495936
2024-03,category3,Noodles / Cooking needs / Processed food (cold),Condiments & sauces / Cooking needs,Marinades / Pickles,PARKNSHOP,4,3,0.75,17.25,31,0.5564516129032258,0.1697223677317968,0.20180722891566272,2.0,104.8130081300813
2024-03,category3,Noodles / Cooking needs / Processed food (cold),Condiments & sauces / Cooking needs,Marinades / Pickles,WELLCOME,2,1,0.5,4.5,31,0.14516129032258066,0.1,0.1,2.0,97.59349593495936
2024-03,category3,Noodles / Cooking needs / Processed food (cold),Condiments & sauces / Cooking needs,Other sauces,JASONS,11,6,0.5454545454545454,8.0,31,0.25806451612903225,0.29688918522791824,0.3048253947368421,11.0,100.42704722029765
2024-03,category3,Noodles / Cooking needs / Processed food (cold),Condiments & sauces / Cooking needs,Other sauces,PARKNSHOP,12,5,0.4166666666666667,6.333333333333333,31,0.2043010752688172,0.2315727263844415,0.17455621301775145,11.0,99.15536692768976
2024-03,category3,Noodles / Cooking needs / Processed food (cold),Condiments & sauces / Cooking needs,Other sauces,WELLCOME,11,6,0.5454545454545454,7.909090909090909,31,0.25513196480938416,0.29740613441650054,0.3371220454545455,11.0,100.41758585201256
2024-03,category3,Noodles / Cooking needs / Processed food (cold),Condiments & sauces / Cooking needs,Oyster sauces,JASONS,4,1,0.25,3.25,31,0.10483870967741936,0.29714198844633627,0.36363636363636365,4.0,101.13627835067022
2024-03,category3,Noodles / Cooking needs / Processed food (cold),Condiments & sauces / Cooking needs,Oyster sauces,PARKNSHOP,6,6,1.0,7.0,31,0.22580645161290322,0.4772263836714561,0.48640994099925605,4.0,97.72744329865958
2024-03,category3,Noodles / Cooking needs / Processed food (cold),Condiments & sauces / Cooking needs,Oyster sauces,WELLCOME,4,1,0.25,3.25,31,0.10483870967741936,0.29714198844633627,0.36363636363636365,4.0,101.13627835067022
2024-03,category3,Noodles / Cooking needs / Processed food (cold),Condiments & sauces / Cooking needs,Pasta sauce,DCHFOOD,1,0,0.0,0.0,31,0.0,,,1.0,79.93983023530676
2024-03,category3,Noodles / Cooking needs / Processed food (cold),Condiments & sauces / Cooking needs,Pasta sauce,JASONS,13,4,0.3076923076923077,2.8461538461538463,31,0.09181141439205956,0.29494289612668095,0.2801724137931034,13.0,100.53974447985969
2024-03,category3,Noodles / Cooking needs / Processed food (cold),Condiments & sauces / Cooking needs,Pasta sauce,PARKNSHOP,4,4,1.0,19.5,31,0.6290322580645161,0.23732403586732223,0.20833333333333331,4.0,101.75828393451039
2024-03,category3,Noodles / Cooking needs / Processed food (cold),Condiments & sauces / Cooking needs,Pasta sauce,WELLCOME,13,4,0.3076923076923077,2.8461538461538463,31,0.09181141439205956,0.2948457777159807,0.2801724137931034,13.0,100.53974447985969
2024-03,category3,Noodles / Cooking needs / Processed food (cold),Condiments & sauces / Cooking needs,Reconstituted Dessert,JASONS,3,2,0.6666666666666666,20.666666666666668,31,0.6666666666666667,0.271966920211702,0.251131221719457,3.0,99.69552508333376
2024-03,category3,Noodles / Cooking needs / Processed food (cold),Condiments & sauces / Cooking needs,Reconstituted Dessert,PARKNSHOP,3,2,0.6666666666666666,17.666666666666668,31,0.5698924731182796,0.3784092592592593,0.3484848484848485,3.0,100.64979191652927
2024-03,category3,Noodles / Cooking needs / Processed food (cold),Condiments & sauces / Cooking needs,Reconstituted Dessert,WELLCOME,3,2,0.6666666666666666,20.666666666666668,31,0.6666666666666667,0.2715661947160999,0.251131221719457,3.0,99.65468300013698
2024-03,category3,Noodles / Cooking needs / Processed food (cold),Condiments & sauces / Cooking needs,Reduced salt light soy sauces,JASONS,2,2,1.0,8.5,31,0.27419354838709675,0.33633629019607847,0.3137248235294118,2.0,101.6809572020367
2024-03,category3,Noodles / Cooking needs / Processed food (cold),Condiments & sauces / Cooking needs,Reduced salt light soy sauces,PARKNSHOP,2,1,0.5,15.5,31,0.5,0.1592020897934096,0.11538461538461535,2.0,97.18075906592308
2024-03,category3,Noodles / Cooking needs / Processed food (cold),Condiments & sauces / Cooking needs,Reduced salt light soy sauces,WELLCOME,2,2,1.0,8.5,31,0.27419354838709675,0.3355029568627451,0.3137248235294118,2.0,101.13828373204021
2024-03,category3,Noodles / Cooking needs / Processed food (cold),Condiments & sauces / Cooking needs,Rice flour / Glutinous rice flour,PARKNSHOP,2,0,0.0,0.0,31,0.0,,,,
2024-03,category3,Noodles / Cooking needs / Processed food (cold),Condiments & sauces / Cooking needs,Salad Dressing / Miracle Whip Dressing / Mayonnaise,DCHFOOD,1,0,0.0,0.0,31,0.0,,,1.0,100.09476011651985
2024-03,category3,Noodles / Cooking needs / Processed food (cold),Condiments & sauces / Cooking needs,Salad Dressing / Miracle Whip Dressing / Mayonnaise,JASONS,9,2,0.2222222222222222,4.888888888888889,31,0.15770609318996417,0.3346520797703171,0.3193573667711599,9.0,101.27155455912997
2024-03,category3,Noodles / Cooking needs / Processed food (cold),Condiments & sauces / Cooking needs,Salad Dressing / Miracle Whip Dressing / Mayonnaise,PARKNSHOP,4,3,0.75,19.5,31,0.6290322580645161,0.30368333886446963,0.26200873362445415,4.0,94.62019479204923
2024-03,category3,Noodles / Cooking needs / Processed food (cold),Condiments & sauces / Cooking needs,Salad Dressing / Miracle Whip Dressing / Mayonnaise,WELLCOME,9,2,0.2222222222222222,4.888888888888889,31,0.15770609318996417,0.33215133383227247,0.3093306288032454,9.0,101.19389313773861
2024-03,category3,Noodles / Cooking needs / Processed food (cold),Condiments & sauces / Cooking needs,Salt,JASONS,5,1,0.2,1.4,31,0.04516129032258064,0.16666666666666666,0.16666666666666666,5.0,100.0605198656459
2024-03,category3,Noodles / Cooking needs / Processed food (cold),Condiments & sauces / Cooking needs,Salt,PARKNSHOP,2,0,0.0,0.0,31,0.0,,,,
2024-03,category3,Noodles / Cooking needs / Processed food (cold),Condiments & sauces / Cooking needs,Salt,WELLCOME,5,1,0.2,1.4,31,0.04516129032258064,0.16666666666666666,0.16666666666666666,5.0,99.93948013435408
2024-03,category3,Noodles / Cooking needs / Processed food (cold),Condiments & sauces / Cooking needs,Satay sauces,JASONS,2,0,0.0,0.0,31,0.0,,,2.0,98.48804701317968
2024-03,category3,Noodles / Cooking needs / Processed food (cold),Condiments & sauces / Cooking needs,Satay sauces,PARKNSHOP,2,0,0.0,0.0,31,0.0,,,2.0,103.02390597364067
2024-03,category3,Noodles / Cooking needs / Processed food (cold),Condiments & sauces / Cooking needs,Satay sauces,WELLCOME,2,0,0.0,0.0,31,0.0,,,2.0,98.48804701317968
2024-03,category3,Noodles / Cooking needs / Processed food (cold),Condiments & sauces / Cooking needs,Sesame oil,JASONS,2,2,1.0,20.5,31,0.6612903225806451,0.2832255275974026,0.2666659090909091,2.0,100.18902661955956
2024-03,category3,Noodles / Cooking needs / Processed food (cold),Condiments & sauces / Cooking needs,Sesame oil,PARKNSHOP,1,0,0.0,0.0,31,0.0,,,1.0,99.01440568837646
2024-03,category3,Noodles / Cooking needs / Processed food (cold),Condiments & sauces / Cooking needs,Sesame oil,WELLCOME,2,2,1.0,20.5,31,0.6612903225806451,0.2832255275974026,0.2666659090909091,2.0,100.18902661955956
2024-03,category3,Noodles / Cooking needs / Processed food (cold),Condiments & sauces / Cooking needs,Soy sauces,JASONS,3,2,0.6666666666666666,14.0,31,0.45161290322580644,0.30766048774475374,0.25539269911504425,3.0,98.20065090108996
2024-03,category3,Noodles / Cooking needs / Processed food (cold),Condiments & sauces / Cooking needs,Soy sauces,PARKNSHOP,3,2,0.6666666666666666,13.333333333333334,31,0.43010752688172044,0.415599931728964,0.42063492063492064,3.0,103.66195313277873
2024-03,category3,Noodles / Cooking needs / Processed food (cold),Condiments & sauces / Cooking needs,Soy sauces,WELLCOME,3,2,0.6666666666666666,14.0,31,0.45161290322580644,0.3073464028187479,0.25539269911504425,3.0,98.13739596613127
2024-03,category3,Noodles / Cooking needs / Processed food (cold),Condiments & sauces / Cooking needs,Sugar / Sweeteners,DCHFOOD,1,0,0.0,0.0,31,0.0,,,1.0,95.38461538461537
2024-03,category3,Noodles / Cooking needs / Processed food (cold),Condiments & sauces / Cooking needs,Sugar / Sweeteners,JASONS,12,3,0.25,1.0833333333333333,31,0.03494623655913978,0.1037037037037037,0.1,12.0,100.73205166193158
2024-03,category3,Noodles / Cooking needs / Processed food (cold),Condiments & sauces / Cooking needs,Sugar / Sweeteners,PARKNSHOP,11,3,0.2727272727272727,6.363636363636363,31,0.20527859237536655,0.23849447638227442,0.24,7.0,97.86541980077251
2024-03,category3,Noodles / Cooking needs / Processed food (cold),Condiments & sauces / Cooking needs,Sugar / Sweeteners,WELLCOME,12,3,0.25,1.0833333333333333,31,0.03494623655913978,0.1037037037037037,0.1,12.0,100.73205166193158
2024-03,category3,Noodles / Cooking needs / Processed food (cold),Condiments & sauces / Cooking needs,Sweet soy sauces / Soy sauces for seafood,JASONS,3,2,0.6666666666666666,18.333333333333332,31,0.5913978494623655,0.2898383216372002,0.3320512820512821,3.0,100.18957368732362
2024-03,category3,Noodles / Cooking needs / Processed food (cold),Condiments & sauces / Cooking needs,Sweet soy sauces / Soy sauces for seafood,PARKNSHOP,4,3,0.75,13.5,31,0.43548387096774194,0.4994223993530873,0.5,3.0,99.68899366164152
2024-03,category3,Noodles / Cooking needs / Processed food (cold),Condiments & sauces / Cooking needs,Sweet soy sauces / Soy sauces for seafood,WELLCOME,3,2,0.6666666666666666,18.333333333333332,31,0.5913978494623655,0.28983836503997795,0.3320512820512821,3.0,100.12143265103487
2024-03,category3,Noodles / Cooking needs / Processed food (cold),Condiments & sauces / Cooking needs,Tomato paste / Tomato puree,JASONS,2,1,0.5,4.5,31,0.14516129032258066,0.5,0.5,2.0,101.43567941696215
2024-03,category3,Noodles / Cooking needs / Processed food (cold),Condiments & sauces / Cooking needs,Tomato paste / Tomato puree,PARKNSHOP,2,2,1.0,11.5,31,0.3709677419354839,0.3743016759776536,0.3743016759776536,2.0,97.34377516271827
2024-03,category3,Noodles / Cooking needs / Processed food (cold),Condiments & sauces / Cooking needs,Tomato paste / Tomato puree,WELLCOME,2,1,0.5,4.5,31,0.14516129032258066,0.5,0.5,2.0,101.2205454203196
2024-03,category3,Noodles / Cooking needs / Processed food (cold),Condiments & sauces / Cooking needs,Water chestnut flour,JASONS,1,0,0.0,0.0,31,0.0,,,1.0,100.29850746268656
2024-03,category3,Noodles / Cooking needs / Processed food (cold),Condiments & sauces / Cooking needs,Water chestnut flour,PARKNSHOP,1,0,0.0,0.0,31,0.0,,,1.0,99.40298507462686
2024-03,category3,Noodles / Cooking needs / Processed food (cold),Condiments & sauces / Cooking needs,Water chestnut flour,WELLCOME,1,0,0.0,0.0,31,0.0,,,1.0,100.29850746268656
2024-03,category3,Noodles / Cooking needs / Processed food (cold),Condiments & sauces / Cooking needs,XO sauces,JASONS,4,1,0.25,7.5,31,0.24193548387096775,0.22142857142857142,0.19642857142857142,4.0,102.33392415041527
2024-03,category3,Noodles / Cooking needs / Processed food (cold),Condiments & sauces / Cooking needs,XO sauces,PARKNSHOP,6,3,0.5,15.333333333333334,31,0.4946236559139785,0.1407136619440016,0.10154241645244205,4.0,95.56438765467645
2024-03,category3,Noodles / Cooking needs / Processed food (cold),Condiments & sauces / Cooking needs,XO sauces,WELLCOME,4,1,0.25,7.5,31,0.24193548387096775,0.22142857142857142,0.19642857142857142,4.0,102.10168819490828
2024-03,category3,Noodles / Cooking needs / Processed food (cold),Frozen / Chilled processed food,Bacon,JASONS,3,0,0.0,0.0,31,0.0,,,3.0,95.03953989935297
2024-03,category3,Noodles / Cooking needs / Processed food (cold),Frozen / Chilled processed food,Bacon,PARKNSHOP,3,0,0.0,0.0,31,0.0,,,2.0,111.6063919259882
2024-03,category3,Noodles / Cooking needs / Processed food (cold),Frozen / Chilled processed food,Bacon,WELLCOME,3,0,0.0,0.0,31,0.0,,,3.0,95.03953989935297
2024-03,category3,Noodles / Cooking needs / Processed food (cold),Frozen / Chilled processed food,Congee / Noodles / Spaghetti,JASONS,3,3,1.0,31.0,31,1.0,0.25605268093446865,0.2826086956521739,3.0,97.87010545016615
2024-03,category3,Noodles / Cooking needs / Processed food (cold),Frozen / Chilled processed food,Congee / Noodles / Spaghetti,PARKNSHOP,3,3,1.0,28.666666666666668,31,0.924731182795699,0.2699856173462322,0.3306546184738956,3.0,103.8502411937414
2024-03,category3,Noodles / Cooking needs / Processed food (cold),Frozen / Chilled processed food,Congee / Noodles / Spaghetti,WELLCOME,3,3,1.0,30.666666666666668,31,0.989247311827957,0.2548048589683653,0.2826086956521739,3.0,98.27965335609244
2024-03,category3,Noodles / Cooking needs / Processed food (cold),Frozen / Chilled processed food,Desserts,JASONS,2,2,1.0,22.0,31,0.7096774193548387,0.3144074726374255,0.32346305031446543,2.0,98.71964293266262
2024-03,category3,Noodles / Cooking needs / Processed food (cold),Frozen / Chilled processed food,Desserts,PARKNSHOP,2,2,1.0,29.0,31,0.9354838709677419,0.16553328092243186,0.16063941299790357,2.0,102.56071413467474
2024-03,category3,Noodles / Cooking needs / Processed food (cold),Frozen / Chilled processed food,Desserts,WELLCOME,2,2,1.0,22.0,31,0.7096774193548387,0.3144074726374255,0.32346305031446543,2.0,98.71964293266262
2024-03,category3,Noodles / Cooking needs / Processed food (cold),Frozen / Chilled processed food,Dim sum,JASONS,41,37,0.9024390243902439,19.21951219512195,31,0.6199842643587726,0.32593427530417274,0.36666499999999996,41.0,99.33270857985568
2024-03,category3,Noodles / Cooking needs / Processed food (cold),Frozen / Chilled processed food,Dim sum,PARKNSHOP,25,24,0.96,12.96,31,0.4180645161290323,0.2697303258840163,0.27945143814026796,22.0,102.73209630664599
2024-03,category3,Noodles / Cooking needs / Processed food (cold),Frozen / Chilled processed food,Dim sum,WELLCOME,41,37,0.9024390243902439,19.24390243902439,31,0.6207710464201416,0.3258411770500282,0.36666499999999996,41.0,99.28678558004783
2024-03,category3,Noodles / Cooking needs / Processed food (cold),Frozen / Chilled processed food,Fish balls,JASONS,9,8,0.8888888888888888,20.22222222222222,31,0.6523297491039426,0.27913817243442046,0.3,8.0,101.54063788855889
2024-03,category3,Noodles / Cooking needs / Processed food (cold),Frozen / Chilled processed food,Fish balls,PARKNSHOP,5,5,1.0,28.2,31,0.9096774193548387,0.22035372877293063,0.20882352941176474,4.0,95.94388054792755
2024-03,category3,Noodles / Cooking needs / Processed food (cold),Frozen / Chilled processed food,Fish balls,WELLCOME,8,8,1.0,22.875,31,0.7379032258064516,0.27962257085253456,0.3,8.0,101.02686526099089
2024-03,category3,Noodles / Cooking needs / Processed food (cold),Frozen / Chilled processed food,Ham,JASONS,6,2,0.3333333333333333,2.3333333333333335,31,0.07526881720430108,0.2647058823529412,0.2647058823529412,6.0,99.59585893816089
2024-03,category3,Noodles / Cooking needs / Processed food (cold),Frozen / Chilled processed food,Ham,PARKNSHOP,3,2,0.6666666666666666,8.0,31,0.25806451612903225,0.26769911504424776,0.2676991150442478,3.0,101.31673881673882
2024-03,category3,Noodles / Cooking needs / Processed food (cold),Frozen / Chilled processed food,Ham,WELLCOME,6,2,0.3333333333333333,2.3333333333333335,31,0.07526881720430108,0.2647058823529412,0.2647058823529412,6.0,99.59585893816089
2024-03,category3,Noodles / Cooking needs / Processed food (cold),Frozen / Chilled processed food,Pastry,JASONS,2,2,1.0,14.0,31,0.45161290322580644,0.1721047794117647,0.17210477941176472,2.0,100.0
2024-03,category3,Noodles / Cooking needs / Processed food (cold),Frozen / Chilled processed food,Pastry,PARKNSHOP,1,0,0.0,0.0,31,0.0,,,,
2024-03,category3,Noodles / Cooking needs / Processed food (cold),Frozen / Chilled processed food,Pastry,WELLCOME,2,2,1.0,14.0,31,0.45161290322580644,0.1721047794117647,0.17210477941176472,2.0,100.0
2024-03,category3,Noodles / Cooking needs / Processed food (cold),Frozen / Chilled processed food,Pig knuckles,JASONS,1,0,0.0,0.0,31,0.0,,,1.0,100.0
2024-03,category3,Noodles / Cooking needs / Processed food (cold),Frozen / Chilled processed food,Pig knuckles,WELLCOME,1,0,0.0,0.0,31,0.0,,,1.0,100.0
2024-03,category3,Noodles / Cooking needs / Processed food (cold),Frozen / Chilled processed food,Sausages,JASONS,4,1,0.25,3.5,31,0.11290322580645161,0.25757575757575757,0.25757575757575757,4.0,101.97423542672513
2024-03,category3,Noodles / Cooking needs / Processed food (cold),Frozen / Chilled processed food,Sausages,PARKNSHOP,5,4,0.8,11.4,31,0.36774193548387096,0.2306471228859724,0.23545331529093375,2.0,92.62228914023454
2024-03,category3,Noodles / Cooking needs / Processed food (cold),Frozen / Chilled processed food,Sausages,WELLCOME,4,1,0.25,3.5,31,0.11290322580645161,0.25757575757575757,0.25757575757575757,4.0,101.97423542672513
2024-03,category3,Noodles / Cooking needs / Processed food (cold),Instant noodles,Cups / Bowls / Trays,DCHFOOD,1,0,0.0,0.0,31,0.0,,,1.0,110.97872721272228
2024-03,category3,Noodles / Cooking needs / Processed food (cold),Instant noodles,Cups / Bowls / Trays,JASONS,9,9,1.0,29.22222222222222,31,0.942652329749104,0.19707144923572473,0.1875,9.0,97.01730349587854
2024-03,category3,Noodles / Cooking needs / Processed food (cold),Instant noodles,Cups / Bowls / Trays,PARKNSHOP,11,11,1.0,20.90909090909091,31,0.6744868035190617,0.21924252346944692,0.2763157894736842,9.0,104.92634541699898
2024-03,category3,Noodles / Cooking needs / Processed food (cold),Instant noodles,Cups / Bowls / Trays,WELLCOME,9,9,1.0,29.22222222222222,31,0.942652329749104,0.19674651705312496,0.1875,9.0,97.01730349587854
2024-03,category3,Noodles / Cooking needs / Processed food (cold),Instant noodles,Packs,DCHFOOD,6,0,0.0,0.0,31,0.0,,,6.0,116.909612632895
2024-03,category3,Noodles / Cooking needs / Processed food (cold),Instant noodles,Packs,JASONS,19,16,0.8421052631578947,22.05263157894737,31,0.7113752122241087,0.3026312448421997,0.3,19.0,97.37016303075639
2024-03,category3,Noodles / Cooking needs / Processed food (cold),Instant noodles,Packs,PARKNSHOP,26,23,0.8846153846153846,20.46153846153846,31,0.6600496277915632,0.2734951066481678,0.22067039106145245,17.0,100.12705152059557
2024-03,category3,Noodles / Cooking needs / Processed food (cold),Instant noodles,Packs,WELLCOME,18,15,0.8333333333333334,21.944444444444443,31,0.7078853046594982,0.295377103641613,0.3,18.0,97.36920361731565
2024-03,category3,Noodles / Cooking needs / Processed food (cold),Non-instant Italian pasta,Long Italian pasta,DCHFOOD,2,0,0.0,0.0,31,0.0,,,2.0,105.40569402618483
2024-03,category3,Noodles / Cooking needs / Processed food (cold),Non-instant Italian pasta,Long Italian pasta,JASONS,6,6,1.0,21.166666666666668,31,0.6827956989247312,0.2173238798238798,0.18181818181818182,6.0,93.70357997022037
2024-03,category3,Noodles / Cooking needs / Processed food (cold),Non-instant Italian pasta,Long Italian pasta,PARKNSHOP,8,3,0.375,7.0,31,0.22580645161290322,0.21724378488077115,0.22602739726027396,5.0,112.10884086540469
2024-03,category3,Noodles / Cooking needs / Processed food (cold),Non-instant Italian pasta,Long Italian pasta,WELLCOME,6,6,1.0,21.166666666666668,31,0.6827956989247312,0.21611305361305358,0.18181818181818182,6.0,93.70357997022037
2024-03,category3,Noodles / Cooking needs / Processed food (cold),Non-instant Italian pasta,Shaped Italian pasta,DCHFOOD,2,0,0.0,0.0,31,0.0,,,2.0,104.98973546211694
2024-03,category3,Noodles / Cooking needs / Processed food (cold),Non-instant Italian pasta,Shaped Italian pasta,JASONS,5,4,0.8,14.6,31,0.47096774193548385,0.2956305633937213,0.35096153846153844,5.0,100.45117446645311
2024-03,category3,Noodles / Cooking needs / Processed food (cold),Non-instant Italian pasta,Shaped Italian pasta,PARKNSHOP,7,4,0.5714285714285714,10.142857142857142,31,0.32718894009216587,0.21218738663510198,0.22602739726027396,4.0,96.8830469094818
2024-03,category3,Noodles / Cooking needs / Processed food (cold),Non-instant Italian pasta,Shaped Italian pasta,WELLCOME,5,4,0.8,14.6,31,0.47096774193548385,0.29316111520058885,0.34615384615384615,5.0,100.45117446645311
2024-03,category3,Noodles / Cooking needs / Processed food (cold),Non-instant oriental noodles,Buckwheat noodles / Soba Noodles,PARKNSHOP,1,0,0.0,0.0,31,0.0,,,,
2024-03,category3,Noodles / Cooking needs / Processed food (cold),Non-instant oriental noodles,Chinese noodles,JASONS,2,0,0.0,0.0,31,0.0,,,2.0,102.41887905604719
2024-03,category3,Noodles / Cooking needs / Processed food (cold),Non-instant oriental noodles,Chinese noodles,PARKNSHOP,2,0,0.0,0.0,31,0.0,,,2.0,95.1622418879056
2024-03,category3,Noodles / Cooking needs / Processed food (cold),Non-instant oriental noodles,Chinese noodles,WELLCOME,2,0,0.0,0.0,31,0.0,,,2.0,102.41887905604719
2024-03,category3,Noodles / Cooking needs / Processed food (cold),Non-instant oriental noodles,Plain noodles / Somen noodles / Ramen noodles,JASONS,2,2,1.0,31.0,31,1.0,0.3691073691070295,0.3684210526315789,2.0,103.98405750855682
2024-03,category3,Noodles / Cooking needs / Processed food (cold),Non-instant oriental noodles,Plain noodles / Somen noodles / Ramen noodles,PARKNSHOP,5,3,0.6,17.0,31,0.5483870967741935,0.36084711328186553,0.39394318181818183,2.0,92.03188498288644
2024-03,category3,Noodles / Cooking needs / Processed food (cold),Non-instant oriental noodles,Plain noodles / Somen noodles / Ramen noodles,WELLCOME,2,2,1.0,31.0,31,1.0,0.36842139219015274,0.3684210526315789,2.0,103.98405750855682
2024-03,category3,Noodles / Cooking needs / Processed food (cold),Non-instant oriental noodles,Rice vermicelli / Rice noodles / Rice sticks,JASONS,2,2,1.0,17.0,31,0.5483870967741935,0.378696935483871,0.3854175,2.0,98.68148975840028
2024-03,category3,Noodles / Cooking needs / Processed food (cold),Non-instant oriental noodles,Rice vermicelli / Rice noodles / Rice sticks,PARKNSHOP,6,4,0.6666666666666666,19.166666666666668,31,0.6182795698924731,0.16901743002724776,0.1965909090909091,2.0,102.63702048319946
2024-03,category3,Noodles / Cooking needs / Processed food (cold),Non-instant oriental noodles,Rice vermicelli / Rice noodles / Rice sticks,WELLCOME,2,2,1.0,17.0,31,0.5483870967741935,0.378696935483871,0.3854175,2.0,98.68148975840028
2024-03,category3,Noodles / Cooking needs / Processed food (cold),Udon noodles,Wet noodles,DCHFOOD,1,0,0.0,0.0,31,0.0,,,,
2024-03,category3,Noodles / Cooking needs / Processed food (cold),Udon noodles,Wet noodles,PARKNSHOP,1,0,0.0,0.0,31,0.0,,,,
2024-03,category3,Personal care,Adult diapers / diaper pants,Adult Diapers/Diaper Pants,JASONS,2,1,0.5,0.5,31,0.016129032258064516,0.1875,0.1875,2.0,98.04383895376601
2024-03,category3,Personal care,Adult diapers / diaper pants,Adult Diapers/Diaper Pants,MANNINGS,7,3,0.42857142857142855,9.142857142857142,31,0.29493087557603687,0.19504663288536386,0.15730337078651685,7.0,99.09935002571501
2024-03,category3,Personal care,Adult diapers / diaper pants,Adult Diapers/Diaper Pants,PARKNSHOP,8,1,0.125,3.625,31,0.11693548387096774,0.2148392096086788,0.21910112359550563,7.0,101.44441017283594
2024-03,category3,Personal care,Adult diapers / diaper pants,Adult Diapers/Diaper Pants,WATSONS,8,2,0.25,5.25,31,0.1693548387096774,0.2786967418546366,0.2719298245614035,8.0,100.69946108782433
2024-03,category3,Personal care,Adult diapers / diaper pants,Adult Diapers/Diaper Pants,WELLCOME,4,1,0.25,0.25,31,0.008064516129032258,0.18823529411764706,0.18823529411764706,4.0,98.7792090012615
2024-03,category3,Personal care,Adult diapers / diaper pants,Underpads,JASONS,2,2,1.0,31.0,31,1.0,0.24999999999999992,0.2499999999999999,2.0,99.76955474370482
2024-03,category3,Personal care,Adult diapers / diaper pants,Underpads,MANNINGS,3,1,0.3333333333333333,9.333333333333334,31,0.3010752688172043,0.325,0.32499999999999996,3.0,96.78814306237075
2024-03,category3,Personal care,Adult diapers / diaper pants,Underpads,PARKNSHOP,3,1,0.3333333333333333,4.666666666666667,31,0.15053763440860216,0.33333251833740835,0.3333325183374083,3.0,100.42701648539509
2024-03,category3,Personal care,Adult diapers / diaper pants,Underpads,WATSONS,4,1,0.25,3.5,31,0.11290322580645161,0.24999999999999994,0.24999999999999994,4.0,101.62112975155095
2024-03,category3,Personal care,Adult diapers / diaper pants,Underpads,WELLCOME,3,2,0.6666666666666666,20.666666666666668,31,0.6666666666666667,0.24999999999999992,0.2499999999999999,3.0,100.56961759561942
2024-03,category3,Personal care,Antiperspirants / Deodorants,Roll on,JASONS,4,3,0.75,1.5,31,0.04838709677419355,0.2506099080547212,0.25078369905956116,4.0,97.95897894651145
2024-03,category3,Personal care,Antiperspirants / Deodorants,Roll on,MANNINGS,6,1,0.16666666666666666,2.3333333333333335,31,0.07526881720430108,0.24999999999999994,0.24999999999999994,6.0,98.56727187745113
2024-03,category3,Personal care,Antiperspirants / Deodorants,Roll on,PARKNSHOP,6,0,0.0,0.0,31,0.0,,,6.0,104.29921141297376
2024-03,category3,Personal care,Antiperspirants / Deodorants,Roll on,WATSONS,7,2,0.2857142857142857,2.4285714285714284,31,0.07834101382488479,0.22499999999999995,0.22499999999999995,6.0,98.66823411954145
2024-03,category3,Personal care,Antiperspirants / Deodorants,Roll on,WELLCOME,3,2,0.6666666666666666,1.3333333333333333,31,0.04301075268817204,0.25052301255230125,0.25052301255230125,3.0,98.29346757573342
2024-03,category3,Personal care,Antiperspirants / Deodorants,Sprays,JASONS,6,5,0.8333333333333334,6.333333333333333,31,0.2043010752688172,0.25,0.25,6.0,95.74358784306537
2024-03,category3,Personal care,Antiperspirants / Deodorants,Sprays,MANNINGS,4,3,0.75,10.5,31,0.3387096774193548,0.24999999999999997,0.24999999999999994,4.0,95.80185486108157
2024-03,category3,Personal care,Antiperspirants / Deodorants,Sprays,PARKNSHOP,6,0,0.0,0.0,31,0.0,,,6.0,108.87105960432142
2024-03,category3,Personal care,Antiperspirants / Deodorants,Sprays,WATSONS,6,5,0.8333333333333334,10.5,31,0.3387096774193548,0.24,0.24999999999999994,6.0,102.14725477199597
2024-03,category3,Personal care,Antiperspirants / Deodorants,Sprays,WELLCOME,6,5,0.8333333333333334,6.333333333333333,31,0.2043010752688172,0.25,0.25,6.0,95.90227120148268
2024-03,category3,Personal care,Bathing lotions / Liquid soap / Soap,Body washes / Shower gels,JASONS,12,7,0.5833333333333334,7.083333333333333,31,0.22849462365591397,0.25214388327995746,0.25,12.0,99.91266024307201
2024-03,category3,Personal care,Bathing lotions / Liquid soap / Soap,Body washes / Shower gels,MANNINGS,7,1,0.14285714285714285,2.2857142857142856,31,0.07373271889400922,0.5,0.5,7.0,96.37507018610594
2024-03,category3,Personal care,Bathing lotions / Liquid soap / Soap,Body washes / Shower gels,PARKNSHOP,14,5,0.35714285714285715,5.642857142857143,31,0.18202764976958527,0.2854394944124583,0.25,12.0,99.81454528093765
2024-03,category3,Personal care,Bathing lotions / Liquid soap / Soap,Body washes / Shower gels,WATSONS,11,5,0.45454545454545453,2.727272727272727,31,0.0879765395894428,0.25,0.25,9.0,103.40546165247065
2024-03,category3,Personal care,Bathing lotions / Liquid soap / Soap,Body washes / Shower gels,WELLCOME,12,7,0.5833333333333334,7.166666666666667,31,0.23118279569892475,0.2521438834662848,0.25,12.0,99.8172890473047
2024-03,category3,Personal care,Bathing lotions / Liquid soap / Soap,Hand washes,JASONS,3,3,1.0,15.333333333333334,31,0.4946236559139785,0.25,0.25,3.0,101.22238540268627
2024-03,category3,Personal care,Bathing lotions / Liquid soap / Soap,Hand washes,MANNINGS,2,0,0.0,0.0,31,0.0,,,2.0,87.93258850902386
2024-03,category3,Personal care,Bathing lotions / Liquid soap / Soap,Hand washes,PARKNSHOP,6,3,0.5,8.833333333333334,31,0.2849462365591398,0.20522553459694615,0.15040650406504058,3.0,108.82014402309319
2024-03,category3,Personal care,Bathing lotions / Liquid soap / Soap,Hand washes,WATSONS,3,1,0.3333333333333333,5.333333333333333,31,0.17204301075268816,0.3333343465045593,0.3333343465045593,3.0,97.47908001202264
2024-03,category3,Personal care,Bathing lotions / Liquid soap / Soap,Hand washes,WELLCOME,3,3,1.0,15.333333333333334,31,0.4946236559139785,0.25,0.25,3.0,101.10993690936722
2024-03,category3,Personal care,Bathing lotions / Liquid soap / Soap,Soaps,JASONS,2,1,0.5,4.0,31,0.12903225806451613,0.13562252964426877,0.13636363636363635,2.0,98.92312832506617
2024-03,category3,Personal care,Bathing lotions / Liquid soap / Soap,Soaps,PARKNSHOP,2,0,0.0,0.0,31,0.0,,,2.0,109.0770015298317
2024-03,category3,Personal care,Bathing lotions / Liquid soap / Soap,Soaps,WATSONS,1,0,0.0,0.0,31,0.0,,,1.0,83.19327731092437
2024-03,category3,Personal care,Bathing lotions / Liquid soap / Soap,Soaps,WELLCOME,2,1,0.5,4.0,31,0.12903225806451613,0.13636363636363635,0.13636363636363635,2.0,98.5376134056388
2024-03,category3,Personal care,Contraceptives,Condoms,JASONS,15,5,0.3333333333333333,3.0,31,0.0967741935483871,0.25,0.25,15.0,98.0377601203748
2024-03,category3,Personal care,Contraceptives,Condoms,MANNINGS,10,6,0.6,7.6,31,0.24516129032258063,0.35833333333333334,0.375,10.0,98.55653827839993
2024-03,category3,Personal care,Contraceptives,Condoms,PARKNSHOP,11,3,0.2727272727272727,3.909090909090909,31,0.12609970674486803,0.28412096251842284,0.3117831074035454,11.0,107.83400726042835
2024-03,category3,Personal care,Contraceptives,Condoms,WATSONS,18,6,0.3333333333333333,2.7222222222222223,31,0.0878136200716846,0.25,0.25,17.0,99.2509423951082
2024-03,category3,Personal care,Contraceptives,Condoms,WELLCOME,15,5,0.3333333333333333,3.0,31,0.0967741935483871,0.25,0.25,15.0,97.96385656207333
2024-03,category3,Personal care,Drugs / Herbs,Alcohol of mint / Essential oil of peppermint,JASONS,1,0,0.0,0.0,31,0.0,,,1.0,101.73278056262573
2024-03,category3,Personal care,Drugs / Herbs,Alcohol of mint / Essential oil of peppermint,MANNINGS,1,0,0.0,0.0,31,0.0,,,1.0,96.47553100443476
2024-03,category3,Personal care,Drugs / Herbs,Alcohol of mint / Essential oil of peppermint,PARKNSHOP,1,0,0.0,0.0,31,0.0,,,1.0,97.33691967411721
2024-03,category3,Personal care,Drugs / Herbs,Alcohol of mint / Essential oil of peppermint,WATSONS,1,0,0.0,0.0,31,0.0,,,1.0,103.14434651165374
2024-03,category3,Personal care,Drugs / Herbs,Alcohol of mint / Essential oil of peppermint,WELLCOME,1,0,0.0,0.0,31,0.0,,,1.0,101.31042224716853
2024-03,category3,Personal care,Drugs / Herbs,Cough medicines,JASONS,2,1,0.5,0.5,31,0.016129032258064516,0.16101694915254236,0.16101694915254236,2.0,103.30854138724924
2024-03,category3,Personal care,Drugs / Herbs,Cough medicines,MANNINGS,3,1,0.3333333333333333,2.6666666666666665,31,0.08602150537634408,0.20000000000000007,0.20000000000000007,3.0,89.95747181243287
2024-03,category3,Personal care,Drugs / Herbs,Cough medicines,WATSONS,2,0,0.0,0.0,31,0.0,,,2.0,95.98262757871878
2024-03,category3,Personal care,Drugs / Herbs,Cough medicines,WELLCOME,3,1,0.3333333333333333,0.3333333333333333,31,0.01075268817204301,0.16101694915254236,0.16101694915254236,3.0,110.58292033309733
2024-03,category3,Personal care,Drugs / Herbs,Gastro-intestinal drugs,JASONS,1,0,0.0,0.0,31,0.0,,,1.0,100.0
2024-03,category3,Personal care,Drugs / Herbs,Gastro-intestinal drugs,MANNINGS,1,0,0.0,0.0,31,0.0,,,1.0,100.0
2024-03,category3,Personal care,Drugs / Herbs,Gastro-intestinal drugs,PARKNSHOP,1,0,0.0,0.0,31,0.0,,,1.0,100.0
2024-03,category3,Personal care,Drugs / Herbs,Gastro-intestinal drugs,WATSONS,1,0,0.0,0.0,31,0.0,,,1.0,100.0
2024-03,category3,Personal care,Drugs / Herbs,Gastro-intestinal drugs,WELLCOME,1,0,0.0,0.0,31,0.0,,,1.0,100.0
2024-03,category3,Personal care,Drugs / Herbs,Insect repellents,JASONS,5,1,0.2,0.4,31,0.012903225806451613,0.07000000000000012,0.07000000000000012,5.0,98.72673609725513
2024-03,category3,Personal care,Drugs / Herbs,Insect repellents,MANNINGS,6,1,0.16666666666666666,5.0,31,0.16129032258064516,0.15333333333333332,0.15,6.0,99.24281378292224
2024-03,category3,Personal care,Drugs / Herbs,Insect repellents,PARKNSHOP,8,2,0.25,1.375,31,0.04435483870967742,0.10937000319795331,0.10937000319795331,6.0,105.5124205118367
2024-03,category3,Personal care,Drugs / Herbs,Insect repellents,WATSONS,8,3,0.375,6.125,31,0.1975806451612903,0.1511111111111111,0.15,8.0,97.94970217765466
2024-03,category3,Personal care,Drugs / Herbs,Insect repellents,WELLCOME,5,1,0.2,0.4,31,0.012903225806451613,0.07000000000000012,0.07000000000000012,5.0,98.65208869194139
2024-03,category3,Personal care,Drugs / Herbs,Nasal spray,JASONS,1,0,0.0,0.0,31,0.0,,,1.0,122.62996193062557
2024-03,category3,Personal care,Drugs / Herbs,Nasal spray,MANNINGS,4,3,0.75,10.5,31,0.3387096774193548,0.2666666666666667,0.15000000000000008,4.0,91.92984706618665
2024-03,category3,Personal care,Drugs / Herbs,Nasal spray,PARKNSHOP,1,0,0.0,0.0,31,0.0,,,1.0,113.95580330479793
2024-03,category3,Personal care,Drugs / Herbs,Nasal spray,WATSONS,4,1,0.25,3.25,31,0.10483870967741936,0.25,0.25,4.0,97.78844867800983
2024-03,category3,Personal care,Drugs / Herbs,Ointments,JASONS,2,0,0.0,0.0,31,0.0,,,2.0,101.49460899739744
2024-03,category3,Personal care,Drugs / Herbs,Ointments,MANNINGS,2,2,1.0,31.0,31,1.0,0.07408802991567137,0.07408802991567137,2.0,92.81943239558807
2024-03,category3,Personal care,Drugs / Herbs,Ointments,PARKNSHOP,2,0,0.0,0.0,31,0.0,,,2.0,104.19134960961706
2024-03,category3,Personal care,Drugs / Herbs,Ointments,WELLCOME,2,0,0.0,0.0,31,0.0,,,2.0,101.49460899739744
2024-03,category3,Personal care,Drugs / Herbs,Other health supplements,PARKNSHOP,3,1,0.3333333333333333,5.333333333333333,31,0.17204301075268816,0.1715976331360946,0.1715976331360946,2.0,100.26582776248524
2024-03,category3,Personal care,Drugs / Herbs,Other health supplements,WATSONS,2,1,0.5,7.0,31,0.22580645161290322,0.1715976331360946,0.1715976331360946,2.0,103.56901297679906
2024-03,category3,Personal care,Drugs / Herbs,Other health supplements,WELLCOME,1,1,1.0,1.0,31,0.03225806451612903,0.12058823529411769,0.12058823529411769,1.0,92.81567702961543
2024-03,category3,Personal care,Drugs / Herbs,Pain / Fever / Cold / Flu medicines,WATSONS,7,1,0.14285714285714285,2.0,31,0.06451612903225806,0.15000000000000005,0.15000000000000005,,
2024-03,category3,Personal care,Drugs / Herbs,Pain relief patches,JASONS,2,0,0.0,0.0,31,0.0,,,2.0,97.99126985179974
2024-03,category3,Personal care,Drugs / Herbs,Pain relief patches,WATSONS,2,0,0.0,0.0,31,0.0,,,2.0,104.01746029640047
2024-03,category3,Personal care,Drugs / Herbs,Pain relief patches,WELLCOME,2,0,0.0,0.0,31,0.0,,,2.0,97.99126985179974
2024-03,category3,Personal care,Drugs / Herbs,Proprietary Chinese medicines - Medicinal oils,JASONS,2,0,0.0,0.0,31,0.0,,,2.0,100.86182161010002
2024-03,category3,Personal care,Drugs / Herbs,Proprietary Chinese medicines - Medicinal oils,MANNINGS,5,1,0.2,2.8,31,0.09032258064516129,0.14941176470588238,0.14941176470588238,5.0,103.43922250484682
2024-03,category3,Personal care,Drugs / Herbs,Proprietary Chinese medicines - Medicinal oils,PARKNSHOP,5,2,0.4,12.4,31,0.4,0.044264377159113945,0.044264377159113945,5.0,92.24107980195168
2024-03,category3,Personal care,Drugs / Herbs,Proprietary Chinese medicines - Medicinal oils,WATSONS,5,1,0.2,2.6,31,0.08387096774193549,0.2,0.2,5.0,103.51876591341642
2024-03,category3,Personal care,Drugs / Herbs,Proprietary Chinese medicines - Medicinal oils,WELLCOME,2,0,0.0,0.0,31,0.0,,,2.0,100.86182161010002
2024-03,category3,Personal care,Drugs / Herbs,Proprietary Chinese medicines - Oral,JASONS,3,0,0.0,0.0,31,0.0,,,3.0,100.75501798981583
2024-03,category3,Personal care,Drugs / Herbs,Proprietary Chinese medicines - Oral,MANNINGS,3,1,0.3333333333333333,5.333333333333333,31,0.17204301075268816,0.1,0.1,3.0,97.43178208826457
2024-03,category3,Personal care,Drugs / Herbs,Proprietary Chinese medicines - Oral,PARKNSHOP,3,1,0.3333333333333333,10.333333333333334,31,0.33333333333333337,0.10099999999999994,0.10099999999999994,3.0,96.93173027566712
2024-03,category3,Personal care,Drugs / Herbs,Proprietary Chinese medicines - Oral,WATSONS,3,1,0.3333333333333333,5.0,31,0.16129032258064516,0.1,0.1,3.0,104.1264516564367
2024-03,category3,Personal care,Drugs / Herbs,Proprietary Chinese medicines - Oral,WELLCOME,3,0,0.0,0.0,31,0.0,,,3.0,100.75501798981583
2024-03,category3,Personal care,Drugs / Herbs,Proprietary Chinese medicines - powder for oral solution,MANNINGS,1,1,1.0,31.0,31,1.0,0.08904109589041093,0.08904109589041093,1.0,100.80684596577017
2024-03,category3,Personal care,Drugs / Herbs,Proprietary Chinese medicines - powder for oral solution,PARKNSHOP,1,1,1.0,31.0,31,1.0,0.046843648711220834,0.04545454545454542,1.0,100.6601466992665
2024-03,category3,Personal care,Drugs / Herbs,Proprietary Chinese medicines - powder for oral solution,WATSONS,1,1,1.0,31.0,31,1.0,0.10958904109589035,0.10958904109589035,1.0,98.53300733496333
2024-03,category3,Personal care,Feminine care,Feminine washes,MANNINGS,2,2,1.0,17.0,31,0.5483870967741935,0.19370195423745462,0.20000000000000007,2.0,96.08213420850824
2024-03,category3,Personal care,Feminine care,Feminine washes,PARKNSHOP,4,2,0.5,8.0,31,0.25806451612903225,0.15644201852134226,0.15018433778048856,4.0,101.40869798119382
2024-03,category3,Personal care,Feminine care,Feminine washes,WATSONS,4,2,0.5,7.0,31,0.22580645161290322,0.16435897435897434,0.14999999999999997,4.0,100.73928577022564
2024-03,category3,Personal care,Feminine care,Sanitary napkins,JASONS,15,10,0.6666666666666666,14.266666666666667,31,0.4602150537634409,0.30208340832498193,0.33333246621621626,15.0,99.02911407354584
2024-03,category3,Personal care,Feminine care,Sanitary napkins,MANNINGS,19,18,0.9473684210526315,9.894736842105264,31,0.31918505942275044,0.45641205677504726,0.5,19.0,99.25517429433944
2024-03,category3,Personal care,Feminine care,Sanitary napkins,PARKNSHOP,28,24,0.8571428571428571,9.75,31,0.31451612903225806,0.30597593427638564,0.33333291666666665,27.0,101.20769093705553
2024-03,category3,Personal care,Feminine care,Sanitary napkins,WATSONS,29,20,0.6896551724137931,6.896551724137931,31,0.22246941045606228,0.3370400096445661,0.33333217993079584,28.0,100.69650254816165
2024-03,category3,Personal care,Feminine care,Sanitary napkins,WELLCOME,14,10,0.7142857142857143,15.285714285714286,31,0.49308755760368667,0.3020834027929327,0.33333246621621626,14.0,98.2650906014811
2024-03,category3,Personal care,Feminine care,Sanitary pads,JASONS,6,3,0.5,6.833333333333333,31,0.22043010752688172,0.24112754861885297,0.25,6.0,99.52946913321958
2024-03,category3,Personal care,Feminine care,Sanitary pads,MANNINGS,1,0,0.0,0.0,31,0.0,,,1.0,104.8683962627573
2024-03,category3,Personal care,Feminine care,Sanitary pads,PARKNSHOP,7,6,0.8571428571428571,6.285714285714286,31,0.20276497695852533,0.3309011228072132,0.3333320231660232,5.0,99.44793095990295
2024-03,category3,Personal care,Feminine care,Sanitary pads,WATSONS,3,2,0.6666666666666666,4.666666666666667,31,0.15053763440860216,0.2508576807228915,0.24999999999999994,3.0,100.76785483447404
2024-03,category3,Personal care,Feminine care,Sanitary pads,WELLCOME,6,3,0.5,6.833333333333333,31,0.22043010752688172,0.2399522959077959,0.25,6.0,99.40986613312306
2024-03,category3,Personal care,Feminine care,Sanitary tampons,JASONS,1,1,1.0,23.0,31,0.7419354838709677,0.23998678214368752,0.25,1.0,100.6656878585144
2024-03,category3,Personal care,Feminine care,Sanitary tampons,PARKNSHOP,1,1,1.0,14.0,31,0.45161290322580644,0.4321260869565217,0.43212608695652177,1.0,95.29062888940888
2024-03,category3,Personal care,Feminine care,Sanitary tampons,WATSONS,2,2,1.0,11.0,31,0.3548387096774194,0.23360581923886856,0.2363839065183486,1.0,103.88220617382369
2024-03,category3,Personal care,Feminine care,Sanitary tampons,WELLCOME,1,1,1.0,23.0,31,0.7419354838709677,0.23998682476943345,0.25,1.0,100.16147707825304
2024-03,category3,Personal care,First aid,Cooling gel sheets,JASONS,1,0,0.0,0.0,31,0.0,,,1.0,121.94269741439554
2024-03,category3,Personal care,First aid,Cooling gel sheets,MANNINGS,1,0,0.0,0.0,31,0.0,,,1.0,87.00209643605871
2024-03,category3,Personal care,First aid,Cooling gel sheets,PARKNSHOP,1,0,0.0,0.0,31,0.0,,,1.0,82.11041229909155
2024-03,category3,Personal care,First aid,Cooling gel sheets,WATSONS,1,0,0.0,0.0,31,0.0,,,1.0,87.00209643605871
2024-03,category3,Personal care,First aid,Cooling gel sheets,WELLCOME,1,0,0.0,0.0,31,0.0,,,1.0,121.94269741439554
2024-03,category3,Personal care,First aid,Tape,JASONS,2,0,0.0,0.0,31,0.0,,,2.0,105.68851545937731
2024-03,category3,Personal care,First aid,Tape,PARKNSHOP,2,0,0.0,0.0,31,0.0,,,2.0,106.35429844521107
2024-03,category3,Personal care,First aid,Tape,WATSONS,3,1,0.3333333333333333,10.333333333333334,31,0.33333333333333337,0.5,0.5,1.0,74.69358327325163
2024-03,category3,Personal care,First aid,Tape,WELLCOME,2,0,0.0,0.0,31,0.0,,,2.0,105.68851545937731
2024-03,category3,Personal care,Hair care,Conditioners,JASONS,3,3,1.0,9.333333333333334,31,0.3010752688172043,0.23622311827956988,0.25,3.0,104.85190464387553
2024-03,category3,Personal care,Hair care,Conditioners,MANNINGS,4,4,1.0,23.5,31,0.7580645161290323,0.20506342663083077,0.13921154976339942,4.0,91.16037153099992
2024-03,category3,Personal care,Hair care,Conditioners,PARKNSHOP,5,3,0.6,8.2,31,0.264516129032258,0.22941046568694345,0.25,4.0,105.27646227572609
2024-03,category3,Personal care,Hair care,Conditioners,WATSONS,4,4,1.0,20.5,31,0.6612903225806451,0.17710008469559718,0.13921154976339942,4.0,96.2486425805214
2024-03,category3,Personal care,Hair care,Conditioners,WELLCOME,3,3,1.0,9.333333333333334,31,0.3010752688172043,0.234375,0.25,3.0,104.57278801891886
2024-03,category3,Personal care,Hair care,Hair colourings,PARKNSHOP,1,1,1.0,14.0,31,0.45161290322580644,0.10240963855421688,0.10240963855421686,1.0,103.84005077753093
2024-03,category3,Personal care,Hair care,Hair colourings,WATSONS,1,1,1.0,14.0,31,0.45161290322580644,0.25,0.25,1.0,96.15994922246907
2024-03,category3,Personal care,Hair care,Hair stylings,JASONS,3,2,0.6666666666666666,1.3333333333333333,31,0.04301075268817204,0.25037993920972645,0.25037993920972645,3.0,100.78322133690276
2024-03,category3,Personal care,Hair care,Hair stylings,MANNINGS,2,1,0.5,7.0,31,0.22580645161290322,0.5,0.5,2.0,97.63932996224564
2024-03,category3,Personal care,Hair care,Hair stylings,WELLCOME,3,2,0.6666666666666666,1.3333333333333333,31,0.04301075268817204,0.25037993920972645,0.25037993920972645,3.0,100.78322133690276
2024-03,category3,Personal care,Hair care,Hair treatment,JASONS,3,3,1.0,23.0,31,0.7419354838709677,0.27786068947735615,0.2502502502502502,3.0,96.1277334016099
2024-03,category3,Personal care,Hair care,Hair treatment,MANNINGS,3,3,1.0,15.0,31,0.4838709677419355,0.5,0.5,1.0,88.86855664903601
2024-03,category3,Personal care,Hair care,Hair treatment,PARKNSHOP,4,1,0.25,1.5,31,0.04838709677419355,0.3732876712328767,0.3732876712328767,4.0,105.40103892381396
2024-03,category3,Personal care,Hair care,Hair treatment,WATSONS,3,2,0.6666666666666666,11.333333333333334,31,0.3655913978494624,0.23260312151616502,0.20192307692307696,3.0,102.36572161531512
2024-03,category3,Personal care,Hair care,Hair treatment,WELLCOME,3,3,1.0,23.0,31,0.7419354838709677,0.27786068947735615,0.2502502502502502,3.0,96.108748896633
2024-03,category3,Personal care,Hair care,Shampoos,JASONS,11,8,0.7272727272727273,10.727272727272727,31,0.34604105571847504,0.2396673387096774,0.25,11.0,103.23942298724857
2024-03,category3,Personal care,Hair care,Shampoos,MANNINGS,9,9,1.0,23.77777777777778,31,0.7670250896057348,0.3238846614657292,0.5,9.0,87.4408556611402
2024-03,category3,Personal care,Hair care,Shampoos,PARKNSHOP,20,9,0.45,6.75,31,0.21774193548387097,0.20883484315213866,0.2028985507246377,17.0,103.81946351836177
2024-03,category3,Personal care,Hair care,Shampoos,WATSONS,20,15,0.75,12.7,31,0.4096774193548387,0.22271002591525713,0.25000000000000006,18.0,98.72244657991594
2024-03,category3,Personal care,Hair care,Shampoos,WELLCOME,12,8,0.6666666666666666,9.833333333333334,31,0.3172043010752688,0.23828125,0.25,12.0,102.17882907044293
2024-03,category3,Personal care,Hand sanitation,Hand sanitizers,JASONS,1,1,1.0,15.0,31,0.4838709677419355,0.25,0.25,1.0,105.15707290723671
2024-03,category3,Personal care,Hand sanitation,Hand sanitizers,MANNINGS,1,1,1.0,22.0,31,0.7096774193548387,0.3333318777292576,0.3333318777292576,1.0,90.35545841481652
2024-03,category3,Personal care,Hand sanitation,Hand sanitizers,PARKNSHOP,2,2,1.0,12.0,31,0.3870967741935484,0.41057671033478893,0.41666593886462877,1.0,99.96112147538332
2024-03,category3,Personal care,Hand sanitation,Hand sanitizers,WATSONS,1,1,1.0,14.0,31,0.45161290322580644,0.3333318777292576,0.3333318777292576,1.0,100.03614435736232
2024-03,category3,Personal care,Hand sanitation,Hand sanitizers,WELLCOME,1,1,1.0,15.0,31,0.4838709677419355,0.25,0.25,1.0,104.49020284520113
2024-03,category3,Personal care,Hand sanitation,Hand sanitizing moist wipes,JASONS,2,2,1.0,18.0,31,0.5806451612903226,0.2490508533611982,0.24646464646464647,2.0,93.32695378764811
2024-03,category3,Personal care,Hand sanitation,Hand sanitizing moist wipes,MANNINGS,1,0,0.0,0.0,31,0.0,,,1.0,106.89655172413792
2024-03,category3,Personal care,Hand sanitation,Hand sanitizing moist wipes,WATSONS,3,2,0.6666666666666666,1.3333333333333333,31,0.04301075268817204,0.205,0.205,2.0,110.42745027371978
2024-03,category3,Personal care,Hand sanitation,Hand sanitizing moist wipes,WELLCOME,2,2,1.0,18.0,31,0.5806451612903226,0.24646464646464647,0.24646464646464647,2.0,92.67760717326058
2024-03,category3,Personal care,Health protection products,Face masks / Surgical masks,PARKNSHOP,2,2,1.0,31.0,31,1.0,0.33333294786096257,0.33333294786096257,1.0,98.87643289987841
2024-03,category3,Personal care,Health protection products,Face masks / Surgical masks,WATSONS,1,1,1.0,31.0,31,1.0,0.4995829858215179,0.49958298582151794,1.0,101.1235671001216
2024-03,category3,Personal care,Health supplements / Dietary supplements,Bird's nest,JASONS,1,1,1.0,2.0,31,0.06451612903225806,0.25806451612903225,0.25806451612903225,1.0,99.01558219645632
2024-03,category3,Personal care,Health supplements / Dietary supplements,Bird's nest,MANNINGS,1,0,0.0,0.0,31,0.0,,,1.0,99.07055851422167
2024-03,category3,Personal care,Health supplements / Dietary supplements,Bird's nest,PARKNSHOP,1,1,1.0,2.0,31,0.06451612903225806,0.16325602546612097,0.16325602546612097,1.0,104.33373246499353
2024-03,category3,Personal care,Health supplements / Dietary supplements,Bird's nest,WATSONS,1,1,1.0,9.0,31,0.2903225806451613,0.11405689454802692,0.10000000000000003,1.0,98.56454462787212
2024-03,category3,Personal care,Health supplements / Dietary supplements,Bird's nest,WELLCOME,1,1,1.0,2.0,31,0.06451612903225806,0.25806451612903225,0.25806451612903225,1.0,99.01558219645632
2024-03,category3,Personal care,Health supplements / Dietary supplements,Chicken essence,JASONS,1,0,0.0,0.0,31,0.0,,,1.0,99.65870307167235
2024-03,category3,Personal care,Health supplements / Dietary supplements,Chicken essence,MANNINGS,3,1,0.3333333333333333,4.666666666666667,31,0.15053763440860216,0.10069444444444445,0.10069444444444445,,
2024-03,category3,Personal care,Health supplements / Dietary supplements,Chicken essence,PARKNSHOP,2,0,0.0,0.0,31,0.0,,,2.0,99.98824908657143
2024-03,category3,Personal care,Health supplements / Dietary supplements,Chicken essence,WATSONS,2,0,0.0,0.0,31,0.0,,,2.0,100.11723585722912
2024-03,category3,Personal care,Health supplements / Dietary supplements,Chicken essence,WELLCOME,1,0,0.0,0.0,31,0.0,,,1.0,99.65870307167235
2024-03,category3,Personal care,Health supplements / Dietary supplements,Fish oil / Fish liver oil / Liver oil,AEON,1,0,0.0,0.0,31,0.0,,,1.0,104.95090172478683
2024-03,category3,Personal care,Health supplements / Dietary supplements,Fish oil / Fish liver oil / Liver oil,MANNINGS,4,2,0.5,5.75,31,0.18548387096774194,0.35,0.35,1.0,100.50216982016377
2024-03,category3,Personal care,Health supplements / Dietary supplements,Fish oil / Fish liver oil / Liver oil,PARKNSHOP,1,0,0.0,0.0,31,0.0,,,1.0,104.09107751324098
2024-03,category3,Personal care,Health supplements / Dietary supplements,Fish oil / Fish liver oil / Liver oil,WATSONS,6,3,0.5,8.0,31,0.25806451612903225,0.3622524052065648,0.25,2.0,95.69439389534469
2024-03,category3,Personal care,Health supplements / Dietary supplements,Lozenges,JASONS,5,1,0.2,0.6,31,0.01935483870967742,0.2894736842105263,0.2894736842105263,5.0,99.04291059085965
2024-03,category3,Personal care,Health supplements / Dietary supplements,Lozenges,MANNINGS,4,2,0.5,7.0,31,0.22580645161290322,0.19999999999999996,0.19999999999999996,4.0,97.47766880436168
2024-03,category3,Personal care,Health supplements / Dietary supplements,Lozenges,PARKNSHOP,4,3,0.75,11.0,31,0.3548387096774194,0.2114594125432142,0.20967741935483872,3.0,103.03899401467149
2024-03,category3,Personal care,Health supplements / Dietary supplements,Lozenges,WATSONS,7,4,0.5714285714285714,5.714285714285714,31,0.18433179723502305,0.16905370843989767,0.19999999999999996,5.0,102.19407381038931
2024-03,category3,Personal care,Health supplements / Dietary supplements,Lozenges,WELLCOME,5,1,0.2,0.6,31,0.01935483870967742,0.2894736842105263,0.2894736842105263,5.0,98.73613372670955
2024-03,category3,Personal care,Health supplements / Dietary supplements,Vitamins / Minerals,JASONS,3,2,0.6666666666666666,2.3333333333333335,31,0.07526881720430108,0.14956140350877192,0.14956140350877192,3.0,100.77796063994438
2024-03,category3,Personal care,Health supplements / Dietary supplements,Vitamins / Minerals,MANNINGS,7,7,1.0,16.857142857142858,31,0.543778801843318,0.3201298701298701,0.29999999999999993,7.0,91.93965032672052
2024-03,category3,Personal care,Health supplements / Dietary supplements,Vitamins / Minerals,PARKNSHOP,4,0,0.0,0.0,31,0.0,,,4.0,110.70837286739645
2024-03,category3,Personal care,Health supplements / Dietary supplements,Vitamins / Minerals,WATSONS,9,7,0.7777777777777778,10.666666666666666,31,0.3440860215053763,0.2547619047619048,0.3,8.0,102.51451011604951
2024-03,category3,Personal care,Health supplements / Dietary supplements,Vitamins / Minerals,WELLCOME,4,2,0.5,1.75,31,0.056451612903225805,0.14897653541519304,0.14897653541519304,4.0,98.7222445688835
2024-03,category3,Personal care,Medical equipment,Medical thermometers,MANNINGS,1,0,0.0,0.0,31,0.0,,,1.0,102.40650814413964
2024-03,category3,Personal care,Medical equipment,Medical thermometers,PARKNSHOP,2,0,0.0,0.0,31,0.0,,,2.0,98.87318358681196
2024-03,category3,Personal care,Medical equipment,Medical thermometers,WATSONS,2,0,0.0,0.0,31,0.0,,,2.0,98.90788027988665
2024-03,category3,Personal care,Medical equipment,Rapid Antigen Test kits,WATSONS,1,1,1.0,3.0,31,0.0967741935483871,0.6,0.6,,
2024-03,category3,Personal care,Men's care,Razor blade refill cartridges,JASONS,4,0,0.0,0.0,31,0.0,,,4.0,100.67761641136555
2024-03,category3,Personal care,Men's care,Razor blade refill cartridges,WATSONS,2,2,1.0,7.5,31,0.24193548387096775,0.19999999999999996,0.19999999999999996,1.0,91.91141874904385
2024-03,category3,Personal care,Men's care,Razor blade refill cartridges,WELLCOME,4,0,0.0,0.0,31,0.0,,,4.0,100.67761641136555
2024-03,category3,Personal care,Men's care,Razor kits,JASONS,4,0,0.0,0.0,31,0.0,,,4.0,102.78911428613779
2024-03,category3,Personal care,Men's care,Razor kits,MANNINGS,1,0,0.0,0.0,31,0.0,,,,
2024-03,category3,Personal care,Men's care,Razor kits,WATSONS,3,3,1.0,8.0,31,0.25806451612903225,0.20000000000000004,0.20000000000000007,3.0,92.56772343327646
2024-03,category3,Personal care,Men's care,Razor kits,WELLCOME,4,0,0.0,0.0,31,0.0,,,4.0,102.78911428613779
2024-03,category3,Personal care,Men's care,Shaving foam / Shaving cream / Shaving gel,JASONS,4,2,0.5,3.5,31,0.11290322580645161,0.25,0.25,4.0,94.9865657088974
2024-03,category3,Personal care,Men's care,Shaving foam / Shaving cream / Shaving gel,PARKNSHOP,3,0,0.0,0.0,31,0.0,,,3.0,126.15512260646406
2024-03,category3,Personal care,Men's care,Shaving foam / Shaving cream / Shaving gel,WATSONS,4,4,1.0,6.5,31,0.20967741935483872,0.2,0.19999999999999998,4.0,90.71954612821393
2024-03,category3,Personal care,Men's care,Shaving foam / Shaving cream / Shaving gel,WELLCOME,4,2,0.5,3.5,31,0.11290322580645161,0.25,0.25,4.0,94.9865657088974
2024-03,category3,Personal care,Men's care,razors,JASONS,3,3,1.0,2.0,31,0.06451612903225806,0.12095360603721805,0.12,3.0,97.46653540952376
2024-03,category3,Personal care,Men's care,razors,MANNINGS,1,0,0.0,0.0,31,0.0,,,1.0,99.68839802282348
2024-03,category3,Personal care,Men's care,razors,PARKNSHOP,1,0,0.0,0.0,31,0.0,,,1.0,109.60698107269586
2024-03,category3,Personal care,Men's care,razors,WATSONS,2,2,1.0,6.5,31,0.20967741935483872,0.19999999999999996,0.19999999999999996,2.0,101.52333720249275
2024-03,category3,Personal care,Men's care,razors,WELLCOME,3,3,1.0,2.0,31,0.06451612903225806,0.12095360603721805,0.12,3.0,97.46653540952376
2024-03,category3,Personal care,Oral care,Electric toothbrush brushheads,MANNINGS,1,1,1.0,7.0,31,0.22580645161290322,0.3333333333333333,0.3333333333333333,,
2024-03,category3,Personal care,Oral care,Electric toothbrushes (alkaline Battery),MANNINGS,2,2,1.0,7.0,31,0.22580645161290322,0.3333337078651685,0.3333337078651685,2.0,96.11817956466741
2024-03,category3,Personal care,Oral care,Electric toothbrushes (alkaline Battery),WATSONS,2,2,1.0,7.0,31,0.22580645161290322,0.3333337078651685,0.3333337078651685,2.0,103.88182043533256
2024-03,category3,Personal care,Oral care,Floss,JASONS,1,1,1.0,15.0,31,0.4838709677419355,0.27222256410256407,0.25,1.0,97.53367456013979
2024-03,category3,Personal care,Oral care,Floss,PARKNSHOP,3,2,0.6666666666666666,3.6666666666666665,31,0.11827956989247311,0.3755020080321285,0.3755020080321285,1.0,116.22140238292748
2024-03,category3,Personal care,Oral care,Floss,WATSONS,1,1,1.0,14.0,31,0.45161290322580644,0.5,0.5,1.0,89.36877901151522
2024-03,category3,Personal care,Oral care,Floss,WELLCOME,1,1,1.0,15.0,31,0.4838709677419355,0.27222256410256407,0.25,1.0,96.8761440454175
2024-03,category3,Personal care,Oral care,Mouthwashes,JASONS,3,1,0.3333333333333333,5.333333333333333,31,0.17204301075268816,0.25022551546391747,0.25,3.0,101.12507608955275
2024-03,category3,Personal care,Oral care,Mouthwashes,MANNINGS,2,1,0.5,7.0,31,0.22580645161290322,0.3333333333333333,0.33333333333333326,2.0,98.4837164093306
2024-03,category3,Personal care,Oral care,Mouthwashes,PARKNSHOP,9,6,0.6666666666666666,9.444444444444445,31,0.3046594982078853,0.3153646657095814,0.35962783171521034,8.0,99.9118927292192
2024-03,category3,Personal care,Oral care,Mouthwashes,WATSONS,9,6,0.6666666666666666,8.88888888888889,31,0.2867383512544803,0.36692969271877085,0.38476953907815625,8.0,99.92607719610905
2024-03,category3,Personal care,Oral care,Mouthwashes,WELLCOME,3,1,0.3333333333333333,5.333333333333333,31,0.17204301075268816,0.25022551546391747,0.25,3.0,100.8748414743773
2024-03,category3,Personal care,Oral care,Toothbrushes,AEON,1,0,0.0,0.0,31,0.0,,,1.0,107.81752290595617
2024-03,category3,Personal care,Oral care,Toothbrushes,JASONS,1,1,1.0,7.0,31,0.22580645161290322,0.25,0.25,1.0,88.75151038300503
2024-03,category3,Personal care,Oral care,Toothbrushes,MANNINGS,1,0,0.0,0.0,31,0.0,,,1.0,92.38488687471718
2024-03,category3,Personal care,Oral care,Toothbrushes,PARKNSHOP,5,3,0.6,2.6,31,0.08387096774193549,0.49582289055973267,0.5,4.0,104.32682768926307
2024-03,category3,Personal care,Oral care,Toothbrushes,WATSONS,3,1,0.3333333333333333,0.3333333333333333,31,0.01075268817204301,0.24999999999999994,0.24999999999999994,3.0,104.08646659104541
2024-03,category3,Personal care,Oral care,Toothbrushes,WELLCOME,2,2,1.0,4.0,31,0.12903225806451613,0.25,0.25,2.0,92.344974052385
2024-03,category3,Personal care,Oral care,Toothpastes,JASONS,13,4,0.3076923076923077,3.3076923076923075,31,0.10669975186104218,0.27083354430379747,0.25,13.0,100.74894684327266
2024-03,category3,Personal care,Oral care,Toothpastes,MANNINGS,10,5,0.5,7.4,31,0.23870967741935484,0.23626389057750757,0.15000000000000002,9.0,96.13949070050589
2024-03,category3,Personal care,Oral care,Toothpastes,PARKNSHOP,16,7,0.4375,4.625,31,0.14919354838709678,0.27047368369829256,0.20098039215686275,11.0,101.0521123239136
2024-03,category3,Personal care,Oral care,Toothpastes,WATSONS,13,7,0.5384615384615384,2.3846153846153846,31,0.07692307692307693,0.306905180885344,0.25,11.0,100.81278769733748
2024-03,category3,Personal care,Oral care,Toothpastes,WELLCOME,12,4,0.3333333333333333,3.5833333333333335,31,0.11559139784946237,0.27083355263157893,0.25,12.0,100.3304786955548
2024-03,category3,Personal care,Skin care,Anti-stretch mark products,WATSONS,3,0,0.0,0.0,31,0.0,,,,
2024-03,category3,Personal care,Skin care,Body lotions/creams,AEON,1,0,0.0,0.0,31,0.0,,,1.0,106.56716417910448
2024-03,category3,Personal care,Skin care,Body lotions/creams,JASONS,7,2,0.2857142857142857,0.2857142857142857,31,0.009216589861751152,0.23660103910308994,0.23660103910308994,7.0,101.62295311120451
2024-03,category3,Personal care,Skin care,Body lotions/creams,MANNINGS,3,2,0.6666666666666666,13.333333333333334,31,0.43010752688172044,0.5,0.5,3.0,88.83093837581038
2024-03,category3,Personal care,Skin care,Body lotions/creams,PARKNSHOP,10,0,0.0,0.0,31,0.0,,,9.0,97.4898197062817
2024-03,category3,Personal care,Skin care,Body lotions/creams,WATSONS,15,4,0.26666666666666666,3.6,31,0.11612903225806452,0.22416666666666665,0.225,12.0,104.05920747681621
2024-03,category3,Personal care,Skin care,Body lotions/creams,WELLCOME,7,2,0.2857142857142857,0.2857142857142857,31,0.009216589861751152,0.2395654659805603,0.2395654659805603,7.0,101.40197863849963
2024-03,category3,Personal care,Skin care,Body oils,JASONS,1,1,1.0,17.0,31,0.5483870967741935,0.19906079027355622,0.21985714285714286,1.0,100.358319002552
2024-03,category3,Personal care,Skin care,Body oils,MANNINGS,1,1,1.0,21.0,31,0.6774193548387096,0.15,0.15,1.0,91.15524808450496
2024-03,category3,Personal care,Skin care,Body oils,PARKNSHOP,1,1,1.0,15.0,31,0.4838709677419355,0.17415824915824915,0.18055555555555555,1.0,105.80502091853876
2024-03,category3,Personal care,Skin care,Body oils,WATSONS,2,1,0.5,5.5,31,0.1774193548387097,0.24999999999999997,0.24999999999999994,2.0,105.6936148032787
2024-03,category3,Personal care,Skin care,Body oils,WELLCOME,1,1,1.0,17.0,31,0.5483870967741935,0.19906079027355622,0.21985714285714286,1.0,99.77246556549915
2024-03,category3,Personal care,Skin care,Cleansing cotton,JASONS,1,1,1.0,16.0,31,0.5161290322580645,0.1124260355029585,0.1124260355029585,1.0,94.75200000000001
2024-03,category3,Personal care,Skin care,Cleansing cotton,PARKNSHOP,2,1,0.5,8.0,31,0.25806451612903225,0.14201183431952655,0.14201183431952655,1.0,110.49600000000001
2024-03,category3,Personal care,Skin care,Cleansing cotton,WATSONS,1,1,1.0,1.0,31,0.03225806451612903,0.2,0.2,,
2024-03,category3,Personal care,Skin care,Cleansing cotton,WELLCOME,1,1,1.0,16.0,31,0.5161290322580645,0.1124260355029585,0.1124260355029585,1.0,94.75200000000001
2024-03,category3,Personal care,Skin care,Face cleansing foams / Facial cleansers / Face cleansing gels,JASONS,3,1,0.3333333333333333,5.0,31,0.16129032258064516,0.15358974358974362,0.15384615384615385,3.0,100.50146433600489
2024-03,category3,Personal care,Skin care,Face cleansing foams / Facial cleansers / Face cleansing gels,MANNINGS,3,3,1.0,20.0,31,0.6451612903225806,0.22688172043010754,0.19999999999999996,3.0,92.70311157646275
2024-03,category3,Personal care,Skin care,Face cleansing foams / Facial cleansers / Face cleansing gels,PARKNSHOP,2,0,0.0,0.0,31,0.0,,,2.0,98.05695236431383
2024-03,category3,Personal care,Skin care,Face cleansing foams / Facial cleansers / Face cleansing gels,WATSONS,6,5,0.8333333333333334,14.166666666666666,31,0.45698924731182794,0.1928916613494033,0.15000000000000008,4.0,106.5589064862181
2024-03,category3,Personal care,Skin care,Face cleansing foams / Facial cleansers / Face cleansing gels,WELLCOME,3,1,0.3333333333333333,5.0,31,0.16129032258064516,0.15384615384615385,0.15384615384615385,3.0,100.34263403014482
2024-03,category3,Personal care,Skin care,Face moisturising creams/gel creams/lotions,MANNINGS,2,0,0.0,0.0,31,0.0,,,2.0,100.07888437029516
2024-03,category3,Personal care,Skin care,Face moisturising creams/gel creams/lotions,WATSONS,3,1,0.3333333333333333,2.3333333333333335,31,0.07526881720430108,0.3333331291058239,0.33333309506790565,2.0,99.92111562970484
2024-03,category3,Personal care,Skin care,Facial masks / Eye masks,JASONS,1,1,1.0,2.0,31,0.06451612903225806,0.25474254742547425,0.25474254742547425,1.0,107.69083512802105
2024-03,category3,Personal care,Skin care,Facial masks / Eye masks,MANNINGS,3,3,1.0,6.333333333333333,31,0.2043010752688172,0.3140557396230184,0.340567612687813,2.0,106.20961604883365
2024-03,category3,Personal care,Skin care,Facial masks / Eye masks,PARKNSHOP,1,1,1.0,31.0,31,1.0,0.2557915901739662,0.2554200542005419,1.0,81.4836085187844
2024-03,category3,Personal care,Skin care,Facial masks / Eye masks,WATSONS,3,3,1.0,10.333333333333334,31,0.33333333333333337,0.35925944475360166,0.33333333333333337,3.0,95.16770530389
2024-03,category3,Personal care,Skin care,Facial masks / Eye masks,WELLCOME,1,1,1.0,2.0,31,0.06451612903225806,0.25474254742547425,0.25474254742547425,1.0,107.69083512802105
2024-03,category3,Personal care,Skin care,Lip balms,JASONS,1,0,0.0,0.0,31,0.0,,,1.0,100.05919559126153
2024-03,category3,Personal care,Skin care,Lip balms,MANNINGS,3,3,1.0,1.0,31,0.03225806451612903,0.33333337225573206,0.3333341404358353,2.0,94.62372025332023
2024-03,category3,Personal care,Skin care,Lip balms,PARKNSHOP,7,0,0.0,0.0,31,0.0,,,5.0,100.41268941395968
2024-03,category3,Personal care,Skin care,Lip balms,WATSONS,9,1,0.1111111111111111,0.1111111111111111,31,0.0035842293906810036,0.25,0.25,6.0,100.83751583373291
2024-03,category3,Personal care,Skin care,Lip balms,WELLCOME,1,0,0.0,0.0,31,0.0,,,1.0,100.05919559126153
2024-03,category3,Personal care,Skin care,Makeup removers,JASONS,2,0,0.0,0.0,31,0.0,,,2.0,106.98492731856462
2024-03,category3,Personal care,Skin care,Makeup removers,MANNINGS,5,5,1.0,18.2,31,0.5870967741935483,0.4219354838709678,0.5,5.0,92.63611859058025
2024-03,category3,Personal care,Skin care,Makeup removers,PARKNSHOP,2,0,0.0,0.0,31,0.0,,,2.0,112.15934208958913
2024-03,category3,Personal care,Skin care,Makeup removers,WATSONS,7,5,0.7142857142857143,12.0,31,0.3870967741935484,0.28035947712418297,0.25,5.0,99.55596995719452
2024-03,category3,Personal care,Skin care,Petroleum jelly,JASONS,1,1,1.0,16.0,31,0.5161290322580645,0.24937290969899664,0.2508361204013378,1.0,102.79281824916184
2024-03,category3,Personal care,Skin care,Petroleum jelly,MANNINGS,2,2,1.0,16.0,31,0.5161290322580645,0.5,0.5,2.0,87.71596578570914
2024-03,category3,Personal care,Skin care,Petroleum jelly,PARKNSHOP,2,2,1.0,16.0,31,0.5161290322580645,0.2793265434106006,0.27907588919341597,2.0,105.45750389688595
2024-03,category3,Personal care,Skin care,Petroleum jelly,WATSONS,2,2,1.0,16.0,31,0.5161290322580645,0.24999999999999994,0.24999999999999994,2.0,103.45020372203257
2024-03,category3,Personal care,Skin care,Petroleum jelly,WELLCOME,1,1,1.0,16.0,31,0.5161290322580645,0.24937290969899664,0.2508361204013378,1.0,102.79281824916184
2024-03,category3,Personal care,Skin care,Sunscreen products,MANNINGS,1,0,0.0,0.0,31,0.0,,,1.0,100.0
2024-03,category3,Personal care,Skin care,Sunscreen products,WATSONS,3,1,0.3333333333333333,2.3333333333333335,31,0.07526881720430108,0.14999999999999994,0.14999999999999994,1.0,100.0
2024-03,category3,Personal care,Wet wipes,Disposable wet wipes,AEON,1,0,0.0,0.0,31,0.0,,,,
2024-03,category3,Personal care,Wet wipes,Wet bath tissues,JASONS,1,0,0.0,0.0,31,0.0,,,1.0,100.0
2024-03,category3,Personal care,Wet wipes,Wet bath tissues,PARKNSHOP,1,0,0.0,0.0,31,0.0,,,1.0,100.0
2024-03,category3,Personal care,Wet wipes,Wet bath tissues,WATSONS,1,0,0.0,0.0,31,0.0,,,1.0,100.0
2024-03,category3,Personal care,Wet wipes,Wet bath tissues,WELLCOME,1,0,0.0,0.0,31,0.0,,,1.0,100.0
2024-03,category3,Personal care,Women's hair removers,Women's disposable razors,JASONS,1,1,1.0,2.0,31,0.06451612903225806,0.13043478260869565,0.13043478260869565,1.0,100.0
2024-03,category3,Personal care,Women's hair removers,Women's disposable razors,WELLCOME,1,1,1.0,2.0,31,0.06451612903225806,0.13043478260869565,0.13043478260869565,1.0,100.0
2024-03,category3,Personal care,Women's hair removers,Women's razor sets,WATSONS,1,0,0.0,0.0,31,0.0,,,,
2024-03,category3,Rice / Oil / Canned food / Fruits / Vegetables / Meat,Aseptically packaged food,Fruits / Vegetables,DCHFOOD,2,0,0.0,0.0,31,0.0,,,2.0,92.27780696830567
2024-03,category3,Rice / Oil / Canned food / Fruits / Vegetables / Meat,Aseptically packaged food,Fruits / Vegetables,JASONS,2,2,1.0,22.0,31,0.7096774193548387,0.19734195402298849,0.16666666666666666,2.0,104.9370652540114
2024-03,category3,Rice / Oil / Canned food / Fruits / Vegetables / Meat,Aseptically packaged food,Fruits / Vegetables,PARKNSHOP,2,2,1.0,30.0,31,0.967741935483871,0.34973593483006493,0.3322147651006712,2.0,97.8480625236715
2024-03,category3,Rice / Oil / Canned food / Fruits / Vegetables / Meat,Aseptically packaged food,Fruits / Vegetables,WELLCOME,2,2,1.0,22.0,31,0.7096774193548387,0.19015804597701147,0.16666666666666666,2.0,104.9370652540114
2024-03,category3,Rice / Oil / Canned food / Fruits / Vegetables / Meat,Canned food,Canned Topshell,JASONS,2,0,0.0,0.0,31,0.0,,,2.0,100.0
2024-03,category3,Rice / Oil / Canned food / Fruits / Vegetables / Meat,Canned food,Canned Topshell,WELLCOME,2,0,0.0,0.0,31,0.0,,,2.0,100.0
2024-03,category3,Rice / Oil / Canned food / Fruits / Vegetables / Meat,Canned food,Canned baked beans,DCHFOOD,1,0,0.0,0.0,31,0.0,,,1.0,86.92265752784483
2024-03,category3,Rice / Oil / Canned food / Fruits / Vegetables / Meat,Canned food,Canned baked beans,JASONS,6,4,0.6666666666666666,8.166666666666666,31,0.26344086021505375,0.359717657778496,0.3452374285714286,6.0,102.44744178521385
2024-03,category3,Rice / Oil / Canned food / Fruits / Vegetables / Meat,Canned food,Canned baked beans,PARKNSHOP,5,5,1.0,19.4,31,0.6258064516129032,0.337105301485059,0.30150753768844213,4.0,95.44720940431529
2024-03,category3,Rice / Oil / Canned food / Fruits / Vegetables / Meat,Canned food,Canned baked beans,WELLCOME,6,4,0.6666666666666666,8.166666666666666,31,0.26344086021505375,0.35826307835057103,0.3452374285714286,6.0,102.42787880208535
2024-03,category3,Rice / Oil / Canned food / Fruits / Vegetables / Meat,Canned food,Canned corn (cream style),DCHFOOD,2,0,0.0,0.0,31,0.0,,,2.0,99.36985933036782
2024-03,category3,Rice / Oil / Canned food / Fruits / Vegetables / Meat,Canned food,Canned corn (cream style),JASONS,2,2,1.0,22.5,31,0.7258064516129032,0.20624068100358423,0.1921277777777778,2.0,97.90249012749791
2024-03,category3,Rice / Oil / Canned food / Fruits / Vegetables / Meat,Canned food,Canned corn (cream style),PARKNSHOP,3,3,1.0,24.0,31,0.7741935483870968,0.26745362495543923,0.30201342281879195,3.0,103.21010133797024
2024-03,category3,Rice / Oil / Canned food / Fruits / Vegetables / Meat,Canned food,Canned corn (cream style),WELLCOME,2,2,1.0,22.5,31,0.7258064516129032,0.20624068100358423,0.1921277777777778,2.0,97.90249012749791
2024-03,category3,Rice / Oil / Canned food / Fruits / Vegetables / Meat,Canned food,Canned corn (whole kernel),DCHFOOD,2,0,0.0,0.0,31,0.0,,,2.0,95.47077293647037
2024-03,category3,Rice / Oil / Canned food / Fruits / Vegetables / Meat,Canned food,Canned corn (whole kernel),JASONS,1,1,1.0,14.0,31,0.45161290322580644,0.23809523809523808,0.23809523809523808,1.0,104.22459413400304
2024-03,category3,Rice / Oil / Canned food / Fruits / Vegetables / Meat,Canned food,Canned corn (whole kernel),PARKNSHOP,2,2,1.0,27.5,31,0.8870967741935484,0.2664852137404099,0.21922024623803013,2.0,100.47743988988773
2024-03,category3,Rice / Oil / Canned food / Fruits / Vegetables / Meat,Canned food,Canned corn (whole kernel),WELLCOME,1,1,1.0,14.0,31,0.45161290322580644,0.23809523809523808,0.23809523809523808,1.0,104.22459413400304
2024-03,category3,Rice / Oil / Canned food / Fruits / Vegetables / Meat,Canned food,Canned dace,DCHFOOD,2,0,0.0,0.0,31,0.0,,,1.0,82.15158924205379
2024-03,category3,Rice / Oil / Canned food / Fruits / Vegetables / Meat,Canned food,Canned dace,JASONS,5,2,0.4,2.8,31,0.09032258064516129,0.41459982402815554,0.4145998240281555,5.0,103.28731759752725
2024-03,category3,Rice / Oil / Canned food / Fruits / Vegetables / Meat,Canned food,Canned dace,PARKNSHOP,5,5,1.0,21.8,31,0.7032258064516129,0.15780978620192046,0.10752688172043011,4.0,95.53665851783776
2024-03,category3,Rice / Oil / Canned food / Fruits / Vegetables / Meat,Canned food,Canned dace,WELLCOME,5,2,0.4,2.8,31,0.09032258064516129,0.41459982402815554,0.4145998240281555,5.0,103.28731759752725
2024-03,category3,Rice / Oil / Canned food / Fruits / Vegetables / Meat,Canned food,Canned fish fillets,JASONS,1,1,1.0,31.0,31,1.0,0.41627572481103325,0.4117647058823529,1.0,102.19864866888142
2024-03,category3,Rice / Oil / Canned food / Fruits / Vegetables / Meat,Canned food,Canned fish fillets,PARKNSHOP,1,1,1.0,31.0,31,1.0,0.18339969459820568,0.1183431952662721,1.0,95.60270266223716
2024-03,category3,Rice / Oil / Canned food / Fruits / Vegetables / Meat,Canned food,Canned fish fillets,WELLCOME,1,1,1.0,31.0,31,1.0,0.41555967454430454,0.4117647058823529,1.0,102.19864866888142
2024-03,category3,Rice / Oil / Canned food / Fruits / Vegetables / Meat,Canned food,Canned fruit mix,JASONS,3,0,0.0,0.0,31,0.0,,,3.0,100.4762906773797
2024-03,category3,Rice / Oil / Canned food / Fruits / Vegetables / Meat,Canned food,Canned fruit mix,PARKNSHOP,2,1,0.5,12.0,31,0.3870967741935484,0.14465065502183405,0.19650655021834063,2.0,98.58032131797899
2024-03,category3,Rice / Oil / Canned food / Fruits / Vegetables / Meat,Canned food,Canned fruit mix,WELLCOME,3,0,0.0,0.0,31,0.0,,,3.0,100.4762906773797
2024-03,category3,Rice / Oil / Canned food / Fruits / Vegetables / Meat,Canned food,Canned ham / luncheon meat,DCHFOOD,6,0,0.0,0.0,31,0.0,,,6.0,97.71697057479693
2024-03,category3,Rice / Oil / Canned food / Fruits / Vegetables / Meat,Canned food,Canned ham / luncheon meat,JASONS,13,9,0.6923076923076923,6.538461538461538,31,0.2109181141439206,0.22859879304193104,0.23529411764705882,13.0,100.79062954526994
2024-03,category3,Rice / Oil / Canned food / Fruits / Vegetables / Meat,Canned food,Canned ham / luncheon meat,PARKNSHOP,19,12,0.631578947368421,12.105263157894736,31,0.39049235993208825,0.16773456385278984,0.1363182462088665,13.0,99.3533983359675
2024-03,category3,Rice / Oil / Canned food / Fruits / Vegetables / Meat,Canned food,Canned ham / luncheon meat,WELLCOME,13,9,0.6923076923076923,6.538461538461538,31,0.2109181141439206,0.22392241784789058,0.23076923076923078,13.0,100.79062954526994
2024-03,category3,Rice / Oil / Canned food / Fruits / Vegetables / Meat,Canned food,Canned kidney beans,DCHFOOD,1,0,0.0,0.0,31,0.0,,,1.0,100.5514109633474
2024-03,category3,Rice / Oil / Canned food / Fruits / Vegetables / Meat,Canned food,Canned kidney beans,JASONS,1,1,1.0,14.0,31,0.45161290322580644,0.3170731707317073,0.3170731707317073,1.0,100.92210740929521
2024-03,category3,Rice / Oil / Canned food / Fruits / Vegetables / Meat,Canned food,Canned kidney beans,PARKNSHOP,1,1,1.0,14.0,31,0.45161290322580644,0.32412060301507534,0.32412060301507534,1.0,97.60437421806216
2024-03,category3,Rice / Oil / Canned food / Fruits / Vegetables / Meat,Canned food,Canned kidney beans,WELLCOME,1,1,1.0,14.0,31,0.45161290322580644,0.3170731707317073,0.3170731707317073,1.0,100.92210740929521
2024-03,category3,Rice / Oil / Canned food / Fruits / Vegetables / Meat,Canned food,Canned mushrooms,JASONS,2,0,0.0,0.0,31,0.0,,,2.0,100.0
2024-03,category3,Rice / Oil / Canned food / Fruits / Vegetables / Meat,Canned food,Canned mushrooms,PARKNSHOP,1,1,1.0,24.0,31,0.7741935483870968,0.1732068974378742,0.1680672268907563,,
2024-03,category3,Rice / Oil / Canned food / Fruits / Vegetables / Meat,Canned food,Canned mushrooms,WELLCOME,2,0,0.0,0.0,31,0.0,,,2.0,100.0
2024-03,category3,Rice / Oil / Canned food / Fruits / Vegetables / Meat,Canned food,Canned peaches,JASONS,1,0,0.0,0.0,31,0.0,,,1.0,102.17802649059946
2024-03,category3,Rice / Oil / Canned food / Fruits / Vegetables / Meat,Canned food,Canned peaches,PARKNSHOP,1,1,1.0,31.0,31,1.0,0.14564677958787356,0.11705685618729098,1.0,95.64394701880107
2024-03,category3,Rice / Oil / Canned food / Fruits / Vegetables / Meat,Canned food,Canned peaches,WELLCOME,1,0,0.0,0.0,31,0.0,,,1.0,102.17802649059946
2024-03,category3,Rice / Oil / Canned food / Fruits / Vegetables / Meat,Canned food,Canned pineapples,JASONS,8,2,0.25,7.5,31,0.24193548387096775,0.22144780612269022,0.20996693434104863,8.0,100.49219299835063
2024-03,category3,Rice / Oil / Canned food / Fruits / Vegetables / Meat,Canned food,Canned pineapples,PARKNSHOP,5,4,0.8,22.4,31,0.7225806451612903,0.30589926038228604,0.26037234728346353,4.0,98.24149374684303
2024-03,category3,Rice / Oil / Canned food / Fruits / Vegetables / Meat,Canned food,Canned pineapples,WELLCOME,8,2,0.25,7.5,31,0.24193548387096775,0.22064016915221446,0.19765166340508802,8.0,100.49219299835063
2024-03,category3,Rice / Oil / Canned food / Fruits / Vegetables / Meat,Canned food,Canned pork cubes,JASONS,2,2,1.0,19.0,31,0.6129032258064516,0.30881637096774195,0.3083325,2.0,99.7320818617522
2024-03,category3,Rice / Oil / Canned food / Fruits / Vegetables / Meat,Canned food,Canned pork cubes,PARKNSHOP,2,2,1.0,19.5,31,0.6290322580645161,0.32579047814990014,0.3365634346726417,2.0,100.53583627649552
2024-03,category3,Rice / Oil / Canned food / Fruits / Vegetables / Meat,Canned food,Canned pork cubes,WELLCOME,2,2,1.0,19.0,31,0.6129032258064516,0.3083325,0.3083325,2.0,99.7320818617522
2024-03,category3,Rice / Oil / Canned food / Fruits / Vegetables / Meat,Canned food,Canned sardines,DCHFOOD,2,0,0.0,0.0,31,0.0,,,1.0,84.50502152080344
2024-03,category3,Rice / Oil / Canned food / Fruits / Vegetables / Meat,Canned food,Canned sardines,JASONS,8,6,0.75,20.375,31,0.657258064516129,0.27930198707357223,0.225,7.0,103.43989401623213
2024-03,category3,Rice / Oil / Canned food / Fruits / Vegetables / Meat,Canned food,Canned sardines,PARKNSHOP,9,8,0.8888888888888888,22.0,31,0.7096774193548387,0.22386494400551843,0.17644930396568514,6.0,95.65942281791034
2024-03,category3,Rice / Oil / Canned food / Fruits / Vegetables / Meat,Canned food,Canned sardines,WELLCOME,7,6,0.8571428571428571,23.285714285714285,31,0.7511520737327189,0.27899711407323907,0.225,7.0,103.42672244038742
2024-03,category3,Rice / Oil / Canned food / Fruits / Vegetables / Meat,Canned food,Canned sausages,PARKNSHOP,3,1,0.3333333333333333,10.0,31,0.3225806451612903,0.20497311827956993,0.1955645161290323,,
2024-03,category3,Rice / Oil / Canned food / Fruits / Vegetables / Meat,Canned food,Canned shredded pork,JASONS,1,1,1.0,21.0,31,0.6774193548387096,0.3181818181818182,0.3181818181818182,1.0,91.58528130376355
2024-03,category3,Rice / Oil / Canned food / Fruits / Vegetables / Meat,Canned food,Canned shredded pork,PARKNSHOP,1,1,1.0,9.0,31,0.2903225806451613,0.12882096069868992,0.12882096069868992,1.0,116.82943739247287
2024-03,category3,Rice / Oil / Canned food / Fruits / Vegetables / Meat,Canned food,Canned shredded pork,WELLCOME,1,1,1.0,21.0,31,0.6774193548387096,0.3181818181818182,0.3181818181818182,1.0,91.58528130376355
2024-03,category3,Rice / Oil / Canned food / Fruits / Vegetables / Meat,Canned food,Canned sliced pork,JASONS,1,1,1.0,15.0,31,0.4838709677419355,0.38529266666666667,0.38333500000000004,1.0,98.33827621593937
2024-03,category3,Rice / Oil / Canned food / Fruits / Vegetables / Meat,Canned food,Canned sliced pork,PARKNSHOP,1,1,1.0,14.0,31,0.45161290322580644,0.20899470899470898,0.20899470899470898,1.0,103.32344756812122
2024-03,category3,Rice / Oil / Canned food / Fruits / Vegetables / Meat,Canned food,Canned sliced pork,WELLCOME,1,1,1.0,15.0,31,0.4838709677419355,0.38333500000000004,0.38333500000000004,1.0,98.33827621593937
2024-03,category3,Rice / Oil / Canned food / Fruits / Vegetables / Meat,Canned food,Canned soups,DCHFOOD,3,0,0.0,0.0,31,0.0,,,3.0,118.25415926788547
2024-03,category3,Rice / Oil / Canned food / Fruits / Vegetables / Meat,Canned food,Canned soups,JASONS,6,6,1.0,25.5,31,0.8225806451612904,0.32460165576974265,0.33499999999999996,6.0,97.75804386138284
2024-03,category3,Rice / Oil / Canned food / Fruits / Vegetables / Meat,Canned food,Canned soups,PARKNSHOP,6,6,1.0,29.666666666666668,31,0.956989247311828,0.34784480372878884,0.38358291457286425,6.0,95.64895520695202
2024-03,category3,Rice / Oil / Canned food / Fruits / Vegetables / Meat,Canned food,Canned soups,WELLCOME,6,6,1.0,25.5,31,0.8225806451612904,0.3244752476796249,0.33499999999999996,6.0,97.75804386138284
2024-03,category3,Rice / Oil / Canned food / Fruits / Vegetables / Meat,Canned food,Canned tuna,JASONS,9,0,0.0,0.0,31,0.0,,,9.0,100.50116636112358
2024-03,category3,Rice / Oil / Canned food / Fruits / Vegetables / Meat,Canned food,Canned tuna,PARKNSHOP,5,2,0.4,12.4,31,0.4,0.16937034213319813,0.09652509652509653,3.0,97.36445445998179
2024-03,category3,Rice / Oil / Canned food / Fruits / Vegetables / Meat,Canned food,Canned tuna,WELLCOME,9,0,0.0,0.0,31,0.0,,,9.0,100.50116636112358
2024-03,category3,Rice / Oil / Canned food / Fruits / Vegetables / Meat,Chilled / Fresh meat,Chilled whole chicken,JASONS,2,0,0.0,0.0,31,0.0,,,1.0,100.0
2024-03,category3,Rice / Oil / Canned food / Fruits / Vegetables / Meat,Chilled / Fresh meat,Chilled whole chicken,WELLCOME,1,0,0.0,0.0,31,0.0,,,1.0,100.0
2024-03,category3,Rice / Oil / Canned food / Fruits / Vegetables / Meat,Edible oil / Cooking oil,Blended pomace olive oil,DCHFOOD,1,0,0.0,0.0,31,0.0,,,1.0,96.06471959413136
2024-03,category3,Rice / Oil / Canned food / Fruits / Vegetables / Meat,Edible oil / Cooking oil,Blended pomace olive oil,JASONS,1,0,0.0,0.0,31,0.0,,,1.0,100.0
2024-03,category3,Rice / Oil / Canned food / Fruits / Vegetables / Meat,Edible oil / Cooking oil,Blended pomace olive oil,PARKNSHOP,2,0,0.0,0.0,31,0.0,,,1.0,103.93528040586865
2024-03,category3,Rice / Oil / Canned food / Fruits / Vegetables / Meat,Edible oil / Cooking oil,Blended pomace olive oil,WELLCOME,1,0,0.0,0.0,31,0.0,,,1.0,100.0
2024-03,category3,Rice / Oil / Canned food / Fruits / Vegetables / Meat,Edible oil / Cooking oil,Canola oil,DCHFOOD,1,0,0.0,0.0,31,0.0,,,1.0,104.45859872611464
2024-03,category3,Rice / Oil / Canned food / Fruits / Vegetables / Meat,Edible oil / Cooking oil,Canola oil,JASONS,5,0,0.0,0.0,31,0.0,,,5.0,99.81697117411834
2024-03,category3,Rice / Oil / Canned food / Fruits / Vegetables / Meat,Edible oil / Cooking oil,Canola oil,PARKNSHOP,12,5,0.4166666666666667,2.9166666666666665,31,0.09408602150537634,0.41,0.5,3.0,99.21594918441669
2024-03,category3,Rice / Oil / Canned food / Fruits / Vegetables / Meat,Edible oil / Cooking oil,Canola oil,WELLCOME,5,0,0.0,0.0,31,0.0,,,5.0,99.81697117411834
2024-03,category3,Rice / Oil / Canned food / Fruits / Vegetables / Meat,Edible oil / Cooking oil,Canola oil blends,JASONS,2,0,0.0,0.0,31,0.0,,,2.0,99.88583102992429
2024-03,category3,Rice / Oil / Canned food / Fruits / Vegetables / Meat,Edible oil / Cooking oil,Canola oil blends,PARKNSHOP,6,0,0.0,0.0,31,0.0,,,2.0,100.22833794015142
2024-03,category3,Rice / Oil / Canned food / Fruits / Vegetables / Meat,Edible oil / Cooking oil,Canola oil blends,WELLCOME,2,0,0.0,0.0,31,0.0,,,2.0,99.88583102992429
2024-03,category3,Rice / Oil / Canned food / Fruits / Vegetables / Meat,Edible oil / Cooking oil,Corn oil,DCHFOOD,3,0,0.0,0.0,31,0.0,,,2.0,101.555466639992
2024-03,category3,Rice / Oil / Canned food / Fruits / Vegetables / Meat,Edible oil / Cooking oil,Corn oil,JASONS,7,0,0.0,0.0,31,0.0,,,7.0,100.11016260772465
2024-03,category3,Rice / Oil / Canned food / Fruits / Vegetables / Meat,Edible oil / Cooking oil,Corn oil,PARKNSHOP,10,5,0.5,3.4,31,0.10967741935483871,0.3144444444444444,0.5,4.0,99.13281893774814
2024-03,category3,Rice / Oil / Canned food / Fruits / Vegetables / Meat,Edible oil / Cooking oil,Corn oil,WELLCOME,7,0,0.0,0.0,31,0.0,,,7.0,100.11016260772465
2024-03,category3,Rice / Oil / Canned food / Fruits / Vegetables / Meat,Edible oil / Cooking oil,Extra light olive oil,JASONS,3,0,0.0,0.0,31,0.0,,,3.0,100.8319992129435
2024-03,category3,Rice / Oil / Canned food / Fruits / Vegetables / Meat,Edible oil / Cooking oil,Extra light olive oil,PARKNSHOP,2,0,0.0,0.0,31,0.0,,,1.0,95.69774365674445
2024-03,category3,Rice / Oil / Canned food / Fruits / Vegetables / Meat,Edible oil / Cooking oil,Extra light olive oil,WELLCOME,3,0,0.0,0.0,31,0.0,,,3.0,100.8319992129435
2024-03,category3,Rice / Oil / Canned food / Fruits / Vegetables / Meat,Edible oil / Cooking oil,Extra virgin olive oil,JASONS,2,0,0.0,0.0,31,0.0,,,2.0,100.09129388330982
2024-03,category3,Rice / Oil / Canned food / Fruits / Vegetables / Meat,Edible oil / Cooking oil,Extra virgin olive oil,PARKNSHOP,4,0,0.0,0.0,31,0.0,,,1.0,99.63449077919921
2024-03,category3,Rice / Oil / Canned food / Fruits / Vegetables / Meat,Edible oil / Cooking oil,Extra virgin olive oil,WELLCOME,2,0,0.0,0.0,31,0.0,,,2.0,100.09129388330982
2024-03,category3,Rice / Oil / Canned food / Fruits / Vegetables / Meat,Edible oil / Cooking oil,Grapeseed oil,DCHFOOD,1,0,0.0,0.0,31,0.0,,,1.0,94.91901486576437
2024-03,category3,Rice / Oil / Canned food / Fruits / Vegetables / Meat,Edible oil / Cooking oil,Grapeseed oil,JASONS,1,0,0.0,0.0,31,0.0,,,1.0,100.0
2024-03,category3,Rice / Oil / Canned food / Fruits / Vegetables / Meat,Edible oil / Cooking oil,Grapeseed oil,PARKNSHOP,2,0,0.0,0.0,31,0.0,,,1.0,105.08098513423565
2024-03,category3,Rice / Oil / Canned food / Fruits / Vegetables / Meat,Edible oil / Cooking oil,Grapeseed oil,WELLCOME,1,0,0.0,0.0,31,0.0,,,1.0,100.0
2024-03,category3,Rice / Oil / Canned food / Fruits / Vegetables / Meat,Edible oil / Cooking oil,Olive oil,JASONS,4,0,0.0,0.0,31,0.0,,,4.0,100.62296797129005
2024-03,category3,Rice / Oil / Canned food / Fruits / Vegetables / Meat,Edible oil / Cooking oil,Olive oil,PARKNSHOP,4,0,0.0,0.0,31,0.0,,,1.0,96.38870611800463
2024-03,category3,Rice / Oil / Canned food / Fruits / Vegetables / Meat,Edible oil / Cooking oil,Olive oil,WELLCOME,4,0,0.0,0.0,31,0.0,,,4.0,100.62296797129005
2024-03,category3,Rice / Oil / Canned food / Fruits / Vegetables / Meat,Edible oil / Cooking oil,Peanut oil,DCHFOOD,1,0,0.0,0.0,31,0.0,,,,
2024-03,category3,Rice / Oil / Canned food / Fruits / Vegetables / Meat,Edible oil / Cooking oil,Peanut oil,JASONS,4,0,0.0,0.0,31,0.0,,,4.0,99.85509672726431
2024-03,category3,Rice / Oil / Canned food / Fruits / Vegetables / Meat,Edible oil / Cooking oil,Peanut oil,PARKNSHOP,14,4,0.2857142857142857,2.0,31,0.06451612903225806,0.38749999999999996,0.5,4.0,100.28980654547132
2024-03,category3,Rice / Oil / Canned food / Fruits / Vegetables / Meat,Edible oil / Cooking oil,Peanut oil,WELLCOME,4,0,0.0,0.0,31,0.0,,,4.0,99.85509672726431
2024-03,category3,Rice / Oil / Canned food / Fruits / Vegetables / Meat,Edible oil / Cooking oil,Peanut oil blends,PARKNSHOP,2,0,0.0,0.0,31,0.0,,,,
2024-03,category3,Rice / Oil / Canned food / Fruits / Vegetables / Meat,Edible oil / Cooking oil,Rice bran oil,JASONS,1,1,1.0,7.0,31,0.22580645161290322,0.33333375,0.33333375,1.0,100.0
2024-03,category3,Rice / Oil / Canned food / Fruits / Vegetables / Meat,Edible oil / Cooking oil,Rice bran oil,PARKNSHOP,1,0,0.0,0.0,31,0.0,,,,
2024-03,category3,Rice / Oil / Canned food / Fruits / Vegetables / Meat,Edible oil / Cooking oil,Rice bran oil,WELLCOME,1,1,1.0,7.0,31,0.22580645161290322,0.33333375,0.33333375,1.0,100.0
2024-03,category3,Rice / Oil / Canned food / Fruits / Vegetables / Meat,Edible oil / Cooking oil,Sunflower oil,PARKNSHOP,1,0,0.0,0.0,31,0.0,,,,
2024-03,category3,Rice / Oil / Canned food / Fruits / Vegetables / Meat,Edible oil / Cooking oil,Sunflower oil blends,JASONS,1,0,0.0,0.0,31,0.0,,,1.0,99.97434581836839
2024-03,category3,Rice / Oil / Canned food / Fruits / Vegetables / Meat,Edible oil / Cooking oil,Sunflower oil blends,PARKNSHOP,4,0,0.0,0.0,31,0.0,,,1.0,100.05130836326322
2024-03,category3,Rice / Oil / Canned food / Fruits / Vegetables / Meat,Edible oil / Cooking oil,Sunflower oil blends,WELLCOME,1,0,0.0,0.0,31,0.0,,,1.0,99.97434581836839
2024-03,category3,Rice / Oil / Canned food / Fruits / Vegetables / Meat,Fresh fruits,Apples,JASONS,2,2,1.0,2.5,31,0.08064516129032258,0.19455815018315017,0.2031746031746032,2.0,100.21374551009376
2024-03,category3,Rice / Oil / Canned food / Fruits / Vegetables / Meat,Fresh fruits,Apples,PARKNSHOP,2,2,1.0,31.0,31,1.0,0.2430746309458721,0.24294067796610175,,
2024-03,category3,Rice / Oil / Canned food / Fruits / Vegetables / Meat,Fresh fruits,Apples,WELLCOME,2,2,1.0,1.5,31,0.04838709677419355,0.15555694444444446,0.15555694444444446,2.0,99.78625448990624
2024-03,category3,Rice / Oil / Canned food / Fruits / Vegetables / Meat,Fresh fruits,Bananas,PARKNSHOP,1,0,0.0,0.0,31,0.0,,,,
2024-03,category3,Rice / Oil / Canned food / Fruits / Vegetables / Meat,Fresh fruits,Blueberries,JASONS,1,1,1.0,31.0,31,1.0,0.22832068311195447,0.25,1.0,100.17437664990207
2024-03,category3,Rice / Oil / Canned food / Fruits / Vegetables / Meat,Fresh fruits,Blueberries,PARKNSHOP,1,1,1.0,25.0,31,0.8064516129032258,0.26875,0.25,,
2024-03,category3,Rice / Oil / Canned food / Fruits / Vegetables / Meat,Fresh fruits,Blueberries,WELLCOME,1,1,1.0,31.0,31,1.0,0.22768830645161292,0.25,1.0,99.82562335009794
2024-03,category3,Rice / Oil / Canned food / Fruits / Vegetables / Meat,Fresh fruits,Grapefruits,PARKNSHOP,1,1,1.0,31.0,31,1.0,0.1325030624744794,0.12025316455696204,,
2024-03,category3,Rice / Oil / Canned food / Fruits / Vegetables / Meat,Fresh fruits,Kiwifruits,JASONS,1,1,1.0,3.0,31,0.0967741935483871,0.16074074074074074,0.15500000000000003,1.0,100.0
2024-03,category3,Rice / Oil / Canned food / Fruits / Vegetables / Meat,Fresh fruits,Kiwifruits,WELLCOME,1,1,1.0,3.0,31,0.0967741935483871,0.16074074074074074,0.15500000000000003,1.0,100.0
2024-03,category3,Rice / Oil / Canned food / Fruits / Vegetables / Meat,Fresh fruits,Lemons,JASONS,1,1,1.0,1.0,31,0.03225806451612903,0.21212727272727266,0.21212727272727266,,
2024-03,category3,Rice / Oil / Canned food / Fruits / Vegetables / Meat,Fresh fruits,Lemons,PARKNSHOP,1,1,1.0,31.0,31,1.0,0.23838490978676877,0.2146949152542373,,
2024-03,category3,Rice / Oil / Canned food / Fruits / Vegetables / Meat,Fresh fruits,Oranges,PARKNSHOP,1,0,0.0,0.0,31,0.0,,,,
2024-03,category3,Rice / Oil / Canned food / Fruits / Vegetables / Meat,Fresh fruits,Pears,JASONS,1,1,1.0,24.0,31,0.7741935483870968,0.26666,0.26666,1.0,100.0
2024-03,category3,Rice / Oil / Canned food / Fruits / Vegetables / Meat,Fresh fruits,Pears,WELLCOME,1,1,1.0,24.0,31,0.7741935483870968,0.26666,0.26666,1.0,100.0
2024-03,category3,Rice / Oil / Canned food / Fruits / Vegetables / Meat,Fresh fruits,Pineapples,JASONS,1,0,0.0,0.0,31,0.0,,,1.0,99.90662931839401
2024-03,category3,Rice / Oil / Canned food / Fruits / Vegetables / Meat,Fresh fruits,Pineapples,PARKNSHOP,1,0,0.0,0.0,31,0.0,,,,
2024-03,category3,Rice / Oil / Canned food / Fruits / Vegetables / Meat,Fresh fruits,Pineapples,WELLCOME,1,0,0.0,0.0,31,0.0,,,1.0,100.09337068160598
2024-03,category3,Rice / Oil / Canned food / Fruits / Vegetables / Meat,Fresh vegetables,Baby Corn,PARKNSHOP,1,0,0.0,0.0,31,0.0,,,,
2024-03,category3,Rice / Oil / Canned food / Fruits / Vegetables / Meat,Fresh vegetables,Baby cabbage,PARKNSHOP,1,0,0.0,0.0,31,0.0,,,,
2024-03,category3,Rice / Oil / Canned food / Fruits / Vegetables / Meat,Fresh vegetables,Bell pepper / Capsicum,PARKNSHOP,1,0,0.0,0.0,31,0.0,,,,
2024-03,category3,Rice / Oil / Canned food / Fruits / Vegetables / Meat,Fresh vegetables,Bitter cucumber,PARKNSHOP,1,0,0.0,0.0,31,0.0,,,,
2024-03,category3,Rice / Oil / Canned food / Fruits / Vegetables / Meat,Fresh vegetables,Broccoli,JASONS,1,1,1.0,31.0,31,1.0,0.26699950372208436,0.23846153846153845,1.0,100.22052646792596
2024-03,category3,Rice / Oil / Canned food / Fruits / Vegetables / Meat,Fresh vegetables,Broccoli,PARKNSHOP,1,1,1.0,31.0,31,1.0,0.18872170585019138,0.2146949152542373,,
2024-03,category3,Rice / Oil / Canned food / Fruits / Vegetables / Meat,Fresh vegetables,Broccoli,WELLCOME,1,1,1.0,31.0,31,1.0,0.2702253101736972,0.28718461538461537,1.0,99.77947353207405
2024-03,category3,Rice / Oil / Canned food / Fruits / Vegetables / Meat,Fresh vegetables,Carrots,JASONS,1,0,0.0,0.0,31,0.0,,,1.0,100.0
2024-03,category3,Rice / Oil / Canned food / Fruits / Vegetables / Meat,Fresh vegetables,Carrots,PARKNSHOP,2,0,0.0,0.0,31,0.0,,,,
2024-03,category3,Rice / Oil / Canned food / Fruits / Vegetables / Meat,Fresh vegetables,Carrots,WELLCOME,1,0,0.0,0.0,31,0.0,,,1.0,100.0
2024-03,category3,Rice / Oil / Canned food / Fruits / Vegetables / Meat,Fresh vegetables,Cauliflower,JASONS,1,0,0.0,0.0,31,0.0,,,1.0,100.10502975843154
2024-03,category3,Rice / Oil / Canned food / Fruits / Vegetables / Meat,Fresh vegetables,Cauliflower,WELLCOME,1,0,0.0,0.0,31,0.0,,,1.0,99.89497024156844
2024-03,category3,Rice / Oil / Canned food / Fruits / Vegetables / Meat,Fresh vegetables,Celery,JASONS,1,0,0.0,0.0,31,0.0,,,1.0,100.0
2024-03,category3,Rice / Oil / Canned food / Fruits / Vegetables / Meat,Fresh vegetables,Celery,WELLCOME,1,0,0.0,0.0,31,0.0,,,1.0,100.0
2024-03,category3,Rice / Oil / Canned food / Fruits / Vegetables / Meat,Fresh vegetables,Corn,PARKNSHOP,1,0,0.0,0.0,31,0.0,,,,
2024-03,category3,Rice / Oil / Canned food / Fruits / Vegetables / Meat,Fresh vegetables,Garlics,JASONS,1,0,0.0,0.0,31,0.0,,,,
2024-03,category3,Rice / Oil / Canned food / Fruits / Vegetables / Meat,Fresh vegetables,Garlics,PARKNSHOP,1,0,0.0,0.0,31,0.0,,,,
2024-03,category3,Rice / Oil / Canned food / Fruits / Vegetables / Meat,Fresh vegetables,Green cabbage,PARKNSHOP,1,0,0.0,0.0,31,0.0,,,,
2024-03,category3,Rice / Oil / Canned food / Fruits / Vegetables / Meat,Fresh vegetables,Onions,JASONS,1,0,0.0,0.0,31,0.0,,,1.0,100.0
2024-03,category3,Rice / Oil / Canned food / Fruits / Vegetables / Meat,Fresh vegetables,Onions,WELLCOME,1,0,0.0,0.0,31,0.0,,,1.0,100.0
2024-03,category3,Rice / Oil / Canned food / Fruits / Vegetables / Meat,Fresh vegetables,Others,JASONS,7,0,0.0,0.0,31,0.0,,,7.0,100.0
2024-03,category3,Rice / Oil / Canned food / Fruits / Vegetables / Meat,Fresh vegetables,Others,WELLCOME,7,0,0.0,0.0,31,0.0,,,7.0,100.0
2024-03,category3,Rice / Oil / Canned food / Fruits / Vegetables / Meat,Fresh vegetables,Potatoes,JASONS,1,0,0.0,0.0,31,0.0,,,1.0,100.0
2024-03,category3,Rice / Oil / Canned food / Fruits / Vegetables / Meat,Fresh vegetables,Potatoes,PARKNSHOP,2,0,0.0,0.0,31,0.0,,,,
2024-03,category3,Rice / Oil / Canned food / Fruits / Vegetables / Meat,Fresh vegetables,Potatoes,WELLCOME,1,0,0.0,0.0,31,0.0,,,1.0,100.0
2024-03,category3,Rice / Oil / Canned food / Fruits / Vegetables / Meat,Fresh vegetables,Sweet bean / Sugar snap,PARKNSHOP,1,0,0.0,0.0,31,0.0,,,,
2024-03,category3,Rice / Oil / Canned food / Fruits / Vegetables / Meat,Fresh vegetables,Tomatoes,JASONS,2,0,0.0,0.0,31,0.0,,,2.0,100.02970545894937
2024-03,category3,Rice / Oil / Canned food / Fruits / Vegetables / Meat,Fresh vegetables,Tomatoes,PARKNSHOP,1,0,0.0,0.0,31,0.0,,,,
2024-03,category3,Rice / Oil / Canned food / Fruits / Vegetables / Meat,Fresh vegetables,Tomatoes,WELLCOME,2,0,0.0,0.0,31,0.0,,,2.0,99.97029454105065
2024-03,category3,Rice / Oil / Canned food / Fruits / Vegetables / Meat,Frozen meat / poultry,Frozen Beef,JASONS,2,1,0.5,3.5,31,0.11290322580645161,0.16101694915254236,0.16101694915254236,2.0,100.0
2024-03,category3,Rice / Oil / Canned food / Fruits / Vegetables / Meat,Frozen meat / poultry,Frozen Beef,WELLCOME,2,1,0.5,3.5,31,0.11290322580645161,0.16101694915254236,0.16101694915254236,2.0,100.0
2024-03,category3,Rice / Oil / Canned food / Fruits / Vegetables / Meat,Frozen meat / poultry,Frozen chicken wings,PARKNSHOP,1,0,0.0,0.0,31,0.0,,,,
2024-03,category3,Rice / Oil / Canned food / Fruits / Vegetables / Meat,Frozen meat / poultry,Frozen pork chops / steaks,JASONS,2,1,0.5,0.5,31,0.016129032258064516,0.18469387755102035,0.18469387755102035,2.0,97.90190178413249
2024-03,category3,Rice / Oil / Canned food / Fruits / Vegetables / Meat,Frozen meat / poultry,Frozen pork chops / steaks,PARKNSHOP,1,1,1.0,16.0,31,0.5161290322580645,0.2628205128205128,0.317094017094017,1.0,97.05082953900713
2024-03,category3,Rice / Oil / Canned food / Fruits / Vegetables / Meat,Frozen meat / poultry,Frozen pork chops / steaks,WELLCOME,2,1,0.5,0.5,31,0.016129032258064516,0.18469387755102035,0.18469387755102035,2.0,103.6589661840441
2024-03,category3,Rice / Oil / Canned food / Fruits / Vegetables / Meat,Frozen seafood,Frozen Halibut,PARKNSHOP,1,1,1.0,2.0,31,0.06451612903225806,0.24480151228733452,0.24480151228733452,,
2024-03,category3,Rice / Oil / Canned food / Fruits / Vegetables / Meat,Frozen seafood,Frozen Salmon,JASONS,1,1,1.0,10.0,31,0.3225806451612903,0.10531732418524871,0.09433962264150944,1.0,100.42194092827003
2024-03,category3,Rice / Oil / Canned food / Fruits / Vegetables / Meat,Frozen seafood,Frozen Salmon,PARKNSHOP,1,1,1.0,18.0,31,0.5806451612903226,0.11969401498471686,0.09999999999999998,,
2024-03,category3,Rice / Oil / Canned food / Fruits / Vegetables / Meat,Frozen seafood,Frozen Salmon,WELLCOME,1,1,1.0,11.0,31,0.3548387096774194,0.11703390948673968,0.09433962264150944,1.0,99.57805907172995
2024-03,category3,Rice / Oil / Canned food / Fruits / Vegetables / Meat,Frozen seafood,Frozen Yellow Coraker,PARKNSHOP,1,1,1.0,2.0,31,0.06451612903225806,0.4147157190635451,0.4147157190635451,,
2024-03,category3,Rice / Oil / Canned food / Fruits / Vegetables / Meat,Frozen seafood,Frozen pacific saury,PARKNSHOP,1,1,1.0,2.0,31,0.06451612903225806,0.1366782006920415,0.1366782006920415,,
2024-03,category3,Rice / Oil / Canned food / Fruits / Vegetables / Meat,Frozen seafood,Others,JASONS,2,1,0.5,10.0,31,0.3225806451612903,0.14521675358539765,0.16101694915254236,2.0,100.0
2024-03,category3,Rice / Oil / Canned food / Fruits / Vegetables / Meat,Frozen seafood,Others,WELLCOME,2,1,0.5,10.0,31,0.3225806451612903,0.14521675358539765,0.16101694915254236,2.0,100.0
2024-03,category3,Rice / Oil / Canned food / Fruits / Vegetables / Meat,Frozen vegetables,Frozen corn kernels,JASONS,1,0,0.0,0.0,31,0.0,,,1.0,100.0
2024-03,category3,Rice / Oil / Canned food / Fruits / Vegetables / Meat,Frozen vegetables,Frozen corn kernels,PARKNSHOP,1,0,0.0,0.0,31,0.0,,,,
2024-03,category3,Rice / Oil / Canned food / Fruits / Vegetables / Meat,Frozen vegetables,Frozen corn kernels,WELLCOME,1,0,0.0,0.0,31,0.0,,,1.0,100.0
2024-03,category3,Rice / Oil / Canned food / Fruits / Vegetables / Meat,Frozen vegetables,Frozen mixed vegetables,JASONS,1,0,0.0,0.0,31,0.0,,,1.0,100.0
2024-03,category3,Rice / Oil / Canned food / Fruits / Vegetables / Meat,Frozen vegetables,Frozen mixed vegetables,PARKNSHOP,2,0,0.0,0.0,31,0.0,,,,
2024-03,category3,Rice / Oil / Canned food / Fruits / Vegetables / Meat,Frozen vegetables,Frozen mixed vegetables,WELLCOME,1,0,0.0,0.0,31,0.0,,,1.0,100.0
2024-03,category3,Rice / Oil / Canned food / Fruits / Vegetables / Meat,Frozen vegetables,Frozen peas,JASONS,1,0,0.0,0.0,31,0.0,,,1.0,100.0
2024-03,category3,Rice / Oil / Canned food / Fruits / Vegetables / Meat,Frozen vegetables,Frozen peas,PARKNSHOP,1,0,0.0,0.0,31,0.0,,,,
2024-03,category3,Rice / Oil / Canned food / Fruits / Vegetables / Meat,Frozen vegetables,Frozen peas,WELLCOME,1,0,0.0,0.0,31,0.0,,,1.0,100.0
2024-03,category3,Rice / Oil / Canned food / Fruits / Vegetables / Meat,Previously frozen meat,Previously frozen whole chicken,JASONS,1,0,0.0,0.0,31,0.0,,,,
2024-03,category3,Rice / Oil / Canned food / Fruits / Vegetables / Meat,Rice,Glutinous rice,JASONS,1,0,0.0,0.0,31,0.0,,,1.0,100.0
2024-03,category3,Rice / Oil / Canned food / Fruits / Vegetables / Meat,Rice,Glutinous rice,WELLCOME,1,0,0.0,0.0,31,0.0,,,1.0,100.0
2024-03,category3,Rice / Oil / Canned food / Fruits / Vegetables / Meat,Rice,Red / Brown / Mixed rice,JASONS,6,0,0.0,0.0,31,0.0,,,6.0,100.0
2024-03,category3,Rice / Oil / Canned food / Fruits / Vegetables / Meat,Rice,Red / Brown / Mixed rice,PARKNSHOP,5,5,1.0,3.0,31,0.0967741935483871,0.04999999999999999,0.04999999999999998,,
2024-03,category3,Rice / Oil / Canned food / Fruits / Vegetables / Meat,Rice,Red / Brown / Mixed rice,WELLCOME,6,0,0.0,0.0,31,0.0,,,6.0,100.0
2024-03,category3,Rice / Oil / Canned food / Fruits / Vegetables / Meat,Rice,White rice,DCHFOOD,5,0,0.0,0.0,31,0.0,,,4.0,106.36704448697702
2024-03,category3,Rice / Oil / Canned food / Fruits / Vegetables / Meat,Rice,White rice,JASONS,17,0,0.0,0.0,31,0.0,,,17.0,99.70371991370048
2024-03,category3,Rice / Oil / Canned food / Fruits / Vegetables / Meat,Rice,White rice,PARKNSHOP,21,21,1.0,3.0,31,0.0967741935483871,0.050000000000000024,0.05000000000000004,6.0,97.53644501994324
2024-03,category3,Rice / Oil / Canned food / Fruits / Vegetables / Meat,Rice,White rice,WELLCOME,17,0,0.0,0.0,31,0.0,,,17.0,99.70371991370048
